,id,lab_id,roi,dist,index,time,abs_int,dF_int,dF/F0_int,base
0,26_09_03_cell4_2_ch0,oreol,1,513,0,0.0,459.125,13.6875,0.030700000002980232,simple
1,26_09_03_cell4_2_ch0,oreol,1,513,1,1.0,444.25,-1.1875,-0.0027000000700354576,simple
2,26_09_03_cell4_2_ch0,oreol,1,513,2,2.0,441.75,-3.6875,-0.008299999870359898,simple
3,26_09_03_cell4_2_ch0,oreol,1,513,3,3.0,436.625,-8.8125,-0.01979999989271164,simple
4,26_09_03_cell4_2_ch0,oreol,1,513,4,4.0,415.875,-29.5625,-0.06639999896287918,simple
5,26_09_03_cell4_2_ch0,oreol,1,513,5,5.0,416.25,-29.1875,-0.06549999862909317,simple
6,26_09_03_cell4_2_ch0,oreol,1,513,6,6.0,411.375,-34.0625,-0.07649999856948853,simple
7,26_09_03_cell4_2_ch0,oreol,1,513,7,7.0,419.125,-26.3125,-0.05909999832510948,simple
8,26_09_03_cell4_2_ch0,oreol,1,513,8,8.0,440.0,-5.4375,-0.012199999764561653,simple
9,26_09_03_cell4_2_ch0,oreol,1,513,9,9.0,411.5,-33.9375,-0.07620000094175339,simple
10,26_09_03_cell4_2_ch0,oreol,1,513,10,10.0,418.875,-26.5625,-0.05959999933838844,simple
11,26_09_03_cell4_2_ch0,oreol,1,513,11,11.0,428.25,-17.1875,-0.038600001484155655,simple
12,26_09_03_cell4_2_ch0,oreol,1,513,12,12.0,441.0,-4.4375,-0.009999999776482582,simple
13,26_09_03_cell4_2_ch0,oreol,1,513,13,13.0,464.25,18.8125,0.0421999990940094,simple
14,26_09_03_cell4_2_ch0,oreol,1,513,14,14.0,444.25,-1.1875,-0.0027000000700354576,simple
15,26_09_03_cell4_2_ch0,oreol,1,513,15,15.0,469.25,23.8125,0.05350000038743019,simple
16,26_09_03_cell4_2_ch0,oreol,1,513,16,16.0,467.125,21.6875,0.048700001090765,simple
17,26_09_03_cell4_2_ch0,oreol,1,513,17,17.0,473.25,27.8125,0.06239999830722809,simple
18,26_09_03_cell4_2_ch0,oreol,1,513,18,18.0,454.25,8.8125,0.01979999989271164,simple
19,26_09_03_cell4_2_ch0,oreol,1,513,19,19.0,478.5,33.0625,0.07419999688863754,simple
20,26_09_03_cell4_2_ch0,oreol,1,513,20,20.0,470.375,24.9375,0.0560000017285347,simple
21,26_09_03_cell4_2_ch0,oreol,1,513,21,21.0,468.0,22.5625,0.050700001418590546,simple
22,26_09_03_cell4_2_ch0,oreol,1,513,22,22.0,465.25,19.8125,0.04450000077486038,simple
23,26_09_03_cell4_2_ch0,oreol,1,513,23,23.0,452.5,7.0625,0.01590000092983246,simple
24,26_09_03_cell4_2_ch0,oreol,1,513,24,24.0,458.5,13.0625,0.02930000051856041,simple
25,26_09_03_cell4_2_ch0,oreol,1,513,25,25.0,448.5,3.0625,0.006899999920278788,simple
26,26_09_03_cell4_2_ch0,oreol,1,513,26,26.0,437.75,-7.6875,-0.01730000041425228,simple
27,26_09_03_cell4_2_ch0,oreol,1,513,27,27.0,449.25,3.8125,0.00860000029206276,simple
28,26_09_03_cell4_2_ch0,oreol,1,513,28,28.0,433.75,-11.6875,-0.026200000196695328,simple
29,26_09_03_cell4_2_ch0,oreol,1,513,29,29.0,439.125,-6.3125,-0.0142000000923872,simple
30,26_09_03_cell4_2_ch0,oreol,1,513,30,30.0,432.5,-12.9375,-0.028999999165534973,simple
31,26_09_03_cell4_2_ch0,oreol,1,513,31,31.0,422.5,-22.9375,-0.051500000059604645,simple
32,26_09_03_cell4_2_ch0,oreol,1,513,32,32.0,408.25,-37.1875,-0.08349999785423279,simple
33,26_09_03_cell4_2_ch0,oreol,1,513,33,33.0,429.375,-16.0625,-0.03610000014305115,simple
34,26_09_03_cell4_2_ch0,oreol,1,513,34,34.0,422.375,-23.0625,-0.05180000141263008,simple
35,26_09_03_cell4_2_ch0,oreol,1,513,35,35.0,429.125,-16.3125,-0.03660000115633011,simple
36,26_09_03_cell4_2_ch0,oreol,1,513,36,36.0,428.25,-17.1875,-0.038600001484155655,simple
37,26_09_03_cell4_2_ch0,oreol,1,513,37,37.0,445.375,-0.0625,-9.999999747378752e-05,simple
38,26_09_03_cell4_2_ch0,oreol,1,513,38,38.0,446.75,1.3125,0.002899999963119626,simple
39,26_09_03_cell4_2_ch0,oreol,1,513,39,39.0,438.0,-7.4375,-0.016699999570846558,simple
40,26_09_03_cell4_2_ch0,oreol,1,513,40,40.0,443.0,-2.4375,-0.005499999970197678,simple
41,26_09_03_cell4_2_ch0,oreol,1,513,41,41.0,439.125,-6.3125,-0.0142000000923872,simple
42,26_09_03_cell4_2_ch0,oreol,1,513,42,42.0,460.375,14.9375,0.03350000083446503,simple
43,26_09_03_cell4_2_ch0,oreol,1,513,43,43.0,467.875,22.4375,0.05040000006556511,simple
44,26_09_03_cell4_2_ch0,oreol,1,513,44,44.0,472.625,27.1875,0.061000000685453415,simple
45,26_09_03_cell4_2_ch0,oreol,1,513,45,45.0,472.125,26.6875,0.05990000069141388,simple
46,26_09_03_cell4_2_ch0,oreol,1,513,46,46.0,476.625,31.1875,0.07000000029802322,simple
47,26_09_03_cell4_2_ch0,oreol,1,513,47,47.0,492.25,46.8125,0.10509999841451645,simple
48,26_09_03_cell4_2_ch0,oreol,1,513,48,48.0,480.125,34.6875,0.0778999999165535,simple
49,26_09_03_cell4_2_ch0,oreol,1,513,49,49.0,479.0,33.5625,0.07530000060796738,simple
50,26_09_03_cell4_2_ch0,oreol,1,513,50,50.0,462.125,16.6875,0.03750000149011612,simple
51,26_09_03_cell4_2_ch0,oreol,1,513,51,51.0,459.375,13.9375,0.031300000846385956,simple
52,26_09_03_cell4_2_ch0,oreol,1,513,52,52.0,463.75,18.3125,0.041099999099969864,simple
53,26_09_03_cell4_2_ch0,oreol,1,513,53,53.0,443.625,-1.8125,-0.004100000020116568,simple
54,26_09_03_cell4_2_ch0,oreol,1,513,54,54.0,439.125,-6.3125,-0.0142000000923872,simple
55,26_09_03_cell4_2_ch0,oreol,1,513,55,55.0,430.0,-15.4375,-0.034699998795986176,simple
56,26_09_03_cell4_2_ch0,oreol,1,513,56,56.0,428.25,-17.1875,-0.038600001484155655,simple
57,26_09_03_cell4_2_ch0,oreol,1,513,57,57.0,415.75,-29.6875,-0.066600002348423,simple
58,26_09_03_cell4_2_ch0,oreol,1,513,58,58.0,417.125,-28.3125,-0.06360000371932983,simple
59,26_09_03_cell4_2_ch0,oreol,1,513,59,59.0,401.875,-43.5625,-0.09780000150203705,simple
60,26_09_03_cell4_2_ch0,oreol,1,513,60,60.0,407.75,-37.6875,-0.08460000157356262,simple
61,26_09_03_cell4_2_ch0,oreol,1,513,61,61.0,393.75,-51.6875,-0.11599999666213989,simple
62,26_09_03_cell4_2_ch0,oreol,1,513,62,62.0,376.75,-68.6875,-0.1542000025510788,simple
63,26_09_03_cell4_2_ch0,oreol,1,513,63,63.0,386.375,-59.0625,-0.13259999454021454,simple
64,26_09_03_cell4_2_ch0,oreol,1,513,64,64.0,368.0,-77.4375,-0.1738000065088272,simple
65,26_09_03_cell4_2_ch0,oreol,1,513,65,65.0,368.875,-76.5625,-0.17190000414848328,simple
66,26_09_03_cell4_2_ch0,oreol,1,513,66,66.0,371.0,-74.4375,-0.1670999974012375,simple
67,26_09_03_cell4_2_ch0,oreol,1,513,67,67.0,361.125,-84.3125,-0.18930000066757202,simple
68,26_09_03_cell4_2_ch0,oreol,1,513,68,68.0,340.75,-104.6875,-0.23499999940395355,simple
69,26_09_03_cell4_2_ch0,oreol,1,513,69,69.0,337.875,-107.5625,-0.24150000512599945,simple
70,26_09_03_cell4_2_ch0,oreol,1,513,70,70.0,352.0,-93.4375,-0.20980000495910645,simple
71,26_09_03_cell4_2_ch0,oreol,1,513,71,71.0,356.625,-88.8125,-0.19939999282360077,simple
72,26_09_03_cell4_2_ch0,oreol,1,513,72,72.0,367.875,-77.5625,-0.17409999668598175,simple
73,26_09_03_cell4_2_ch0,oreol,1,513,73,73.0,375.5,-69.9375,-0.15700000524520874,simple
74,26_09_03_cell4_2_ch0,oreol,1,513,74,74.0,371.125,-74.3125,-0.16680000722408295,simple
75,26_09_03_cell4_2_ch0,oreol,1,513,75,75.0,363.75,-81.6875,-0.1834000051021576,simple
76,26_09_03_cell4_2_ch0,oreol,1,513,76,76.0,355.0,-90.4375,-0.2029999941587448,simple
77,26_09_03_cell4_2_ch0,oreol,1,513,77,77.0,345.5,-99.9375,-0.22439999878406525,simple
78,26_09_03_cell4_2_ch0,oreol,1,513,78,78.0,344.125,-101.3125,-0.227400004863739,simple
79,26_09_03_cell4_2_ch0,oreol,1,513,79,79.0,336.625,-108.8125,-0.2442999929189682,simple
80,26_09_03_cell4_2_ch0,oreol,1,513,80,80.0,340.375,-105.0625,-0.23589999973773956,simple
81,26_09_03_cell4_2_ch0,oreol,1,513,81,81.0,344.25,-101.1875,-0.2272000014781952,simple
82,26_09_03_cell4_2_ch0,oreol,1,513,82,82.0,332.25,-113.1875,-0.2540999948978424,simple
83,26_09_03_cell4_2_ch0,oreol,1,513,83,83.0,325.25,-120.1875,-0.26980000734329224,simple
84,26_09_03_cell4_2_ch0,oreol,1,513,84,84.0,311.875,-133.5625,-0.29980000853538513,simple
85,26_09_03_cell4_2_ch0,oreol,1,513,85,85.0,304.125,-141.3125,-0.3172000050544739,simple
86,26_09_03_cell4_2_ch0,oreol,1,513,86,86.0,307.375,-138.0625,-0.3098999857902527,simple
87,26_09_03_cell4_2_ch0,oreol,1,513,87,87.0,320.5,-124.9375,-0.28049999475479126,simple
88,26_09_03_cell4_2_ch0,oreol,1,513,88,88.0,291.875,-153.5625,-0.34470000863075256,simple
89,26_09_03_cell4_2_ch0,oreol,1,513,90,89.0,304.875,-140.5625,-0.3156000077724457,simple
90,26_09_03_cell4_2_ch0,oreol,2,174,0,0.0,641.4443969726562,11.8056001663208,0.018699999898672104,simple
91,26_09_03_cell4_2_ch0,oreol,2,174,1,1.0,630.7777709960938,1.1389000415802002,0.0017999999690800905,simple
92,26_09_03_cell4_2_ch0,oreol,2,174,2,2.0,640.2222290039062,10.583399772644043,0.01679999940097332,simple
93,26_09_03_cell4_2_ch0,oreol,2,174,3,3.0,606.111083984375,-23.527799606323242,-0.03739999979734421,simple
94,26_09_03_cell4_2_ch0,oreol,2,174,4,4.0,604.3333129882812,-25.305500030517578,-0.04019999876618385,simple
95,26_09_03_cell4_2_ch0,oreol,2,174,5,5.0,611.2222290039062,-18.41659927368164,-0.029200000688433647,simple
96,26_09_03_cell4_2_ch0,oreol,2,174,6,6.0,597.111083984375,-32.527801513671875,-0.05169999971985817,simple
97,26_09_03_cell4_2_ch0,oreol,2,174,7,7.0,605.2222290039062,-24.41659927368164,-0.03880000114440918,simple
98,26_09_03_cell4_2_ch0,oreol,2,174,8,8.0,587.4443969726562,-42.194400787353516,-0.06700000166893005,simple
99,26_09_03_cell4_2_ch0,oreol,2,174,9,9.0,578.2222290039062,-51.41659927368164,-0.08169999718666077,simple
100,26_09_03_cell4_2_ch0,oreol,2,174,10,10.0,575.5556030273438,-54.08330154418945,-0.08590000122785568,simple
101,26_09_03_cell4_2_ch0,oreol,2,174,11,11.0,570.6666870117188,-58.972198486328125,-0.09369999915361404,simple
102,26_09_03_cell4_2_ch0,oreol,2,174,12,12.0,563.7777709960938,-65.86109924316406,-0.10459999740123749,simple
103,26_09_03_cell4_2_ch0,oreol,2,174,13,13.0,587.888916015625,-41.749900817871094,-0.06629999727010727,simple
104,26_09_03_cell4_2_ch0,oreol,2,174,14,14.0,582.0,-47.63890075683594,-0.07569999992847443,simple
105,26_09_03_cell4_2_ch0,oreol,2,174,15,15.0,593.111083984375,-36.527801513671875,-0.057999998331069946,simple
106,26_09_03_cell4_2_ch0,oreol,2,174,16,16.0,589.2222290039062,-40.41659927368164,-0.06419999897480011,simple
107,26_09_03_cell4_2_ch0,oreol,2,174,17,17.0,579.4443969726562,-50.194400787353516,-0.07970000058412552,simple
108,26_09_03_cell4_2_ch0,oreol,2,174,18,18.0,578.5556030273438,-51.08330154418945,-0.08110000193119049,simple
109,26_09_03_cell4_2_ch0,oreol,2,174,19,19.0,574.3333129882812,-55.30550003051758,-0.08780000358819962,simple
110,26_09_03_cell4_2_ch0,oreol,2,174,20,20.0,561.6666870117188,-67.97219848632812,-0.1080000028014183,simple
111,26_09_03_cell4_2_ch0,oreol,2,174,21,21.0,564.0,-65.63890075683594,-0.10419999808073044,simple
112,26_09_03_cell4_2_ch0,oreol,2,174,22,22.0,557.4443969726562,-72.19439697265625,-0.11469999700784683,simple
113,26_09_03_cell4_2_ch0,oreol,2,174,23,23.0,571.0,-58.63890075683594,-0.09309999644756317,simple
114,26_09_03_cell4_2_ch0,oreol,2,174,24,24.0,575.6666870117188,-53.972198486328125,-0.08569999784231186,simple
115,26_09_03_cell4_2_ch0,oreol,2,174,25,25.0,568.111083984375,-61.527801513671875,-0.09769999980926514,simple
116,26_09_03_cell4_2_ch0,oreol,2,174,26,26.0,595.888916015625,-33.749900817871094,-0.053599998354911804,simple
117,26_09_03_cell4_2_ch0,oreol,2,174,27,27.0,585.7777709960938,-43.86109924316406,-0.06970000267028809,simple
118,26_09_03_cell4_2_ch0,oreol,2,174,28,28.0,566.7777709960938,-62.86109924316406,-0.0997999981045723,simple
119,26_09_03_cell4_2_ch0,oreol,2,174,29,29.0,581.6666870117188,-47.972198486328125,-0.07620000094175339,simple
120,26_09_03_cell4_2_ch0,oreol,2,174,30,30.0,565.3333129882812,-64.30549621582031,-0.10209999978542328,simple
121,26_09_03_cell4_2_ch0,oreol,2,174,31,31.0,559.2222290039062,-70.4166030883789,-0.11180000007152557,simple
122,26_09_03_cell4_2_ch0,oreol,2,174,32,32.0,551.111083984375,-78.52780151367188,-0.12470000237226486,simple
123,26_09_03_cell4_2_ch0,oreol,2,174,33,33.0,547.5556030273438,-82.08329772949219,-0.13040000200271606,simple
124,26_09_03_cell4_2_ch0,oreol,2,174,34,34.0,566.7777709960938,-62.86109924316406,-0.0997999981045723,simple
125,26_09_03_cell4_2_ch0,oreol,2,174,35,35.0,561.5556030273438,-68.08329772949219,-0.10809999704360962,simple
126,26_09_03_cell4_2_ch0,oreol,2,174,36,36.0,562.3333129882812,-67.30549621582031,-0.10689999908208847,simple
127,26_09_03_cell4_2_ch0,oreol,2,174,37,37.0,557.7777709960938,-71.86109924316406,-0.11410000175237656,simple
128,26_09_03_cell4_2_ch0,oreol,2,174,38,38.0,568.111083984375,-61.527801513671875,-0.09769999980926514,simple
129,26_09_03_cell4_2_ch0,oreol,2,174,39,39.0,557.5556030273438,-72.08329772949219,-0.1145000010728836,simple
130,26_09_03_cell4_2_ch0,oreol,2,174,40,40.0,555.6666870117188,-73.97219848632812,-0.11749999970197678,simple
131,26_09_03_cell4_2_ch0,oreol,2,174,41,41.0,563.7777709960938,-65.86109924316406,-0.10459999740123749,simple
132,26_09_03_cell4_2_ch0,oreol,2,174,42,42.0,569.5556030273438,-60.08330154418945,-0.09539999812841415,simple
133,26_09_03_cell4_2_ch0,oreol,2,174,43,43.0,547.3333129882812,-82.30549621582031,-0.1307000070810318,simple
134,26_09_03_cell4_2_ch0,oreol,2,174,44,44.0,552.0,-77.63890075683594,-0.12330000102519989,simple
135,26_09_03_cell4_2_ch0,oreol,2,174,45,45.0,526.7777709960938,-102.86109924316406,-0.16339999437332153,simple
136,26_09_03_cell4_2_ch0,oreol,2,174,46,46.0,542.3333129882812,-87.30549621582031,-0.1386999934911728,simple
137,26_09_03_cell4_2_ch0,oreol,2,174,47,47.0,531.3333129882812,-98.30549621582031,-0.15610000491142273,simple
138,26_09_03_cell4_2_ch0,oreol,2,174,48,48.0,535.0,-94.63890075683594,-0.15029999613761902,simple
139,26_09_03_cell4_2_ch0,oreol,2,174,49,49.0,533.7777709960938,-95.86109924316406,-0.15219999849796295,simple
140,26_09_03_cell4_2_ch0,oreol,2,174,50,50.0,534.6666870117188,-94.97219848632812,-0.15080000460147858,simple
141,26_09_03_cell4_2_ch0,oreol,2,174,51,51.0,530.6666870117188,-98.97219848632812,-0.15719999372959137,simple
142,26_09_03_cell4_2_ch0,oreol,2,174,52,52.0,521.6666870117188,-107.97219848632812,-0.17149999737739563,simple
143,26_09_03_cell4_2_ch0,oreol,2,174,53,53.0,521.3333129882812,-108.30549621582031,-0.1720000058412552,simple
144,26_09_03_cell4_2_ch0,oreol,2,174,54,54.0,506.44439697265625,-123.19439697265625,-0.195700004696846,simple
145,26_09_03_cell4_2_ch0,oreol,2,174,55,55.0,499.2221984863281,-130.41659545898438,-0.2071000039577484,simple
146,26_09_03_cell4_2_ch0,oreol,2,174,56,56.0,520.2222290039062,-109.4166030883789,-0.1738000065088272,simple
147,26_09_03_cell4_2_ch0,oreol,2,174,57,57.0,511.44439697265625,-118.19439697265625,-0.18770000338554382,simple
148,26_09_03_cell4_2_ch0,oreol,2,174,58,58.0,507.6665954589844,-121.97219848632812,-0.19370000064373016,simple
149,26_09_03_cell4_2_ch0,oreol,2,174,59,59.0,507.44439697265625,-122.19439697265625,-0.1941000074148178,simple
150,26_09_03_cell4_2_ch0,oreol,2,174,60,60.0,498.3334045410156,-131.3054962158203,-0.2084999978542328,simple
151,26_09_03_cell4_2_ch0,oreol,2,174,61,61.0,508.3334045410156,-121.30549621582031,-0.19269999861717224,simple
152,26_09_03_cell4_2_ch0,oreol,2,174,62,62.0,498.3334045410156,-131.3054962158203,-0.2084999978542328,simple
153,26_09_03_cell4_2_ch0,oreol,2,174,63,63.0,509.0,-120.63880157470703,-0.1915999948978424,simple
154,26_09_03_cell4_2_ch0,oreol,2,174,64,64.0,525.3333129882812,-104.30549621582031,-0.1657000035047531,simple
155,26_09_03_cell4_2_ch0,oreol,2,174,65,65.0,505.6665954589844,-123.97219848632812,-0.19689999520778656,simple
156,26_09_03_cell4_2_ch0,oreol,2,174,66,66.0,496.0,-133.6387939453125,-0.21220000088214874,simple
157,26_09_03_cell4_2_ch0,oreol,2,174,67,67.0,504.3334045410156,-125.30549621582031,-0.19900000095367432,simple
158,26_09_03_cell4_2_ch0,oreol,2,174,68,68.0,492.44439697265625,-137.19439697265625,-0.21789999306201935,simple
159,26_09_03_cell4_2_ch0,oreol,2,174,69,69.0,500.44439697265625,-129.19439697265625,-0.20520000159740448,simple
160,26_09_03_cell4_2_ch0,oreol,2,174,70,70.0,505.1111145019531,-124.52770233154297,-0.19779999554157257,simple
161,26_09_03_cell4_2_ch0,oreol,2,174,71,71.0,512.111083984375,-117.52780151367188,-0.1867000013589859,simple
162,26_09_03_cell4_2_ch0,oreol,2,174,72,72.0,489.55560302734375,-140.0832977294922,-0.2224999964237213,simple
163,26_09_03_cell4_2_ch0,oreol,2,174,73,73.0,504.7778015136719,-124.86109924316406,-0.19830000400543213,simple
164,26_09_03_cell4_2_ch0,oreol,2,174,74,74.0,509.44439697265625,-120.19439697265625,-0.19089999794960022,simple
165,26_09_03_cell4_2_ch0,oreol,2,174,75,75.0,522.4443969726562,-107.19439697265625,-0.17020000517368317,simple
166,26_09_03_cell4_2_ch0,oreol,2,174,76,76.0,497.3334045410156,-132.3054962158203,-0.210099995136261,simple
167,26_09_03_cell4_2_ch0,oreol,2,174,77,77.0,502.44439697265625,-127.19439697265625,-0.20200000703334808,simple
168,26_09_03_cell4_2_ch0,oreol,2,174,78,78.0,493.3334045410156,-136.3054962158203,-0.21649999916553497,simple
169,26_09_03_cell4_2_ch0,oreol,2,174,79,79.0,507.6665954589844,-121.97219848632812,-0.19370000064373016,simple
170,26_09_03_cell4_2_ch0,oreol,2,174,80,80.0,488.3334045410156,-141.3054962158203,-0.22439999878406525,simple
171,26_09_03_cell4_2_ch0,oreol,2,174,81,81.0,492.0,-137.6387939453125,-0.21860000491142273,simple
172,26_09_03_cell4_2_ch0,oreol,2,174,82,82.0,483.8888854980469,-145.75,-0.23149999976158142,simple
173,26_09_03_cell4_2_ch0,oreol,2,174,83,83.0,479.6665954589844,-149.97219848632812,-0.23819999396800995,simple
174,26_09_03_cell4_2_ch0,oreol,2,174,84,84.0,464.2221984863281,-165.41659545898438,-0.26269999146461487,simple
175,26_09_03_cell4_2_ch0,oreol,2,174,85,85.0,479.0,-150.6387939453125,-0.23919999599456787,simple
176,26_09_03_cell4_2_ch0,oreol,2,174,86,86.0,472.0,-157.6387939453125,-0.25040000677108765,simple
177,26_09_03_cell4_2_ch0,oreol,2,174,87,87.0,457.1111145019531,-172.52769470214844,-0.27399998903274536,simple
178,26_09_03_cell4_2_ch0,oreol,2,174,88,88.0,462.55560302734375,-167.0832977294922,-0.2653999924659729,simple
179,26_09_03_cell4_2_ch0,oreol,2,174,90,89.0,472.44439697265625,-157.19439697265625,-0.24969999492168427,simple
180,26_09_03_cell4_2_ch0,oreol,3,86,0,0.0,265.79998779296875,13.050000190734863,0.051600001752376556,simple
181,26_09_03_cell4_2_ch0,oreol,3,86,1,1.0,257.3999938964844,4.650000095367432,0.018400000408291817,simple
182,26_09_03_cell4_2_ch0,oreol,3,86,2,2.0,247.39999389648438,-5.349999904632568,-0.021199999377131462,simple
183,26_09_03_cell4_2_ch0,oreol,3,86,3,3.0,240.39999389648438,-12.350000381469727,-0.048900000751018524,simple
184,26_09_03_cell4_2_ch0,oreol,3,86,4,4.0,247.0,-5.75,-0.022700000554323196,simple
185,26_09_03_cell4_2_ch0,oreol,3,86,5,5.0,244.8000030517578,-7.949999809265137,-0.03150000050663948,simple
186,26_09_03_cell4_2_ch0,oreol,3,86,6,6.0,243.8000030517578,-8.949999809265137,-0.03539999946951866,simple
187,26_09_03_cell4_2_ch0,oreol,3,86,7,7.0,249.8000030517578,-2.950000047683716,-0.011699999682605267,simple
188,26_09_03_cell4_2_ch0,oreol,3,86,8,8.0,259.79998779296875,7.050000190734863,0.027899999171495438,simple
189,26_09_03_cell4_2_ch0,oreol,3,86,9,9.0,245.8000030517578,-6.949999809265137,-0.027499999850988388,simple
190,26_09_03_cell4_2_ch0,oreol,3,86,10,10.0,247.39999389648438,-5.349999904632568,-0.021199999377131462,simple
191,26_09_03_cell4_2_ch0,oreol,3,86,11,11.0,248.60000610351562,-4.150000095367432,-0.01640000008046627,simple
192,26_09_03_cell4_2_ch0,oreol,3,86,12,12.0,235.60000610351562,-17.149999618530273,-0.06790000200271606,simple
193,26_09_03_cell4_2_ch0,oreol,3,86,13,13.0,255.60000610351562,2.8499999046325684,0.011300000362098217,simple
194,26_09_03_cell4_2_ch0,oreol,3,86,14,14.0,233.0,-19.75,-0.07810000330209732,simple
195,26_09_03_cell4_2_ch0,oreol,3,86,15,15.0,241.1999969482422,-11.550000190734863,-0.04569999873638153,simple
196,26_09_03_cell4_2_ch0,oreol,3,86,16,16.0,236.0,-16.75,-0.06629999727010727,simple
197,26_09_03_cell4_2_ch0,oreol,3,86,17,17.0,249.60000610351562,-3.1500000953674316,-0.012500000186264515,simple
198,26_09_03_cell4_2_ch0,oreol,3,86,18,18.0,235.39999389648438,-17.350000381469727,-0.06859999895095825,simple
199,26_09_03_cell4_2_ch0,oreol,3,86,19,19.0,243.8000030517578,-8.949999809265137,-0.03539999946951866,simple
200,26_09_03_cell4_2_ch0,oreol,3,86,20,20.0,249.8000030517578,-2.950000047683716,-0.011699999682605267,simple
201,26_09_03_cell4_2_ch0,oreol,3,86,21,21.0,238.60000610351562,-14.149999618530273,-0.0560000017285347,simple
202,26_09_03_cell4_2_ch0,oreol,3,86,22,22.0,244.8000030517578,-7.949999809265137,-0.03150000050663948,simple
203,26_09_03_cell4_2_ch0,oreol,3,86,23,23.0,234.8000030517578,-17.950000762939453,-0.07100000232458115,simple
204,26_09_03_cell4_2_ch0,oreol,3,86,24,24.0,249.1999969482422,-3.549999952316284,-0.014000000432133675,simple
205,26_09_03_cell4_2_ch0,oreol,3,86,25,25.0,276.20001220703125,23.450000762939453,0.09279999881982803,simple
206,26_09_03_cell4_2_ch0,oreol,3,86,26,26.0,268.0,15.25,0.06030000001192093,simple
207,26_09_03_cell4_2_ch0,oreol,3,86,27,27.0,257.20001220703125,4.449999809265137,0.01759999990463257,simple
208,26_09_03_cell4_2_ch0,oreol,3,86,28,28.0,243.8000030517578,-8.949999809265137,-0.03539999946951866,simple
209,26_09_03_cell4_2_ch0,oreol,3,86,29,29.0,258.79998779296875,6.050000190734863,0.023900000378489494,simple
210,26_09_03_cell4_2_ch0,oreol,3,86,30,30.0,239.60000610351562,-13.149999618530273,-0.052000001072883606,simple
211,26_09_03_cell4_2_ch0,oreol,3,86,31,31.0,249.8000030517578,-2.950000047683716,-0.011699999682605267,simple
212,26_09_03_cell4_2_ch0,oreol,3,86,32,32.0,248.8000030517578,-3.950000047683716,-0.015599999576807022,simple
213,26_09_03_cell4_2_ch0,oreol,3,86,33,33.0,249.1999969482422,-3.549999952316284,-0.014000000432133675,simple
214,26_09_03_cell4_2_ch0,oreol,3,86,34,34.0,252.60000610351562,-0.15000000596046448,-0.0006000000284984708,simple
215,26_09_03_cell4_2_ch0,oreol,3,86,35,35.0,260.0,7.25,0.028699999675154686,simple
216,26_09_03_cell4_2_ch0,oreol,3,86,36,36.0,256.3999938964844,3.6500000953674316,0.014399999752640724,simple
217,26_09_03_cell4_2_ch0,oreol,3,86,37,37.0,256.0,3.25,0.012900000438094139,simple
218,26_09_03_cell4_2_ch0,oreol,3,86,38,38.0,257.79998779296875,5.050000190734863,0.019999999552965164,simple
219,26_09_03_cell4_2_ch0,oreol,3,86,39,39.0,247.8000030517578,-4.949999809265137,-0.019600000232458115,simple
220,26_09_03_cell4_2_ch0,oreol,3,86,40,40.0,252.60000610351562,-0.15000000596046448,-0.0006000000284984708,simple
221,26_09_03_cell4_2_ch0,oreol,3,86,41,41.0,253.60000610351562,0.8500000238418579,0.0034000000450760126,simple
222,26_09_03_cell4_2_ch0,oreol,3,86,42,42.0,249.1999969482422,-3.549999952316284,-0.014000000432133675,simple
223,26_09_03_cell4_2_ch0,oreol,3,86,43,43.0,255.0,2.25,0.008899999782443047,simple
224,26_09_03_cell4_2_ch0,oreol,3,86,44,44.0,246.1999969482422,-6.550000190734863,-0.02590000070631504,simple
225,26_09_03_cell4_2_ch0,oreol,3,86,45,45.0,239.60000610351562,-13.149999618530273,-0.052000001072883606,simple
226,26_09_03_cell4_2_ch0,oreol,3,86,46,46.0,245.0,-7.75,-0.030700000002980232,simple
227,26_09_03_cell4_2_ch0,oreol,3,86,47,47.0,238.60000610351562,-14.149999618530273,-0.0560000017285347,simple
228,26_09_03_cell4_2_ch0,oreol,3,86,48,48.0,236.1999969482422,-16.549999237060547,-0.06549999862909317,simple
229,26_09_03_cell4_2_ch0,oreol,3,86,49,49.0,228.1999969482422,-24.549999237060547,-0.09709999710321426,simple
230,26_09_03_cell4_2_ch0,oreol,3,86,50,50.0,228.8000030517578,-23.950000762939453,-0.09480000287294388,simple
231,26_09_03_cell4_2_ch0,oreol,3,86,51,51.0,231.0,-21.75,-0.08609999716281891,simple
232,26_09_03_cell4_2_ch0,oreol,3,86,52,52.0,216.39999389648438,-36.349998474121094,-0.14380000531673431,simple
233,26_09_03_cell4_2_ch0,oreol,3,86,53,53.0,214.60000610351562,-38.150001525878906,-0.1509000062942505,simple
234,26_09_03_cell4_2_ch0,oreol,3,86,54,54.0,237.39999389648438,-15.350000381469727,-0.06069999933242798,simple
235,26_09_03_cell4_2_ch0,oreol,3,86,55,55.0,213.39999389648438,-39.349998474121094,-0.15569999814033508,simple
236,26_09_03_cell4_2_ch0,oreol,3,86,56,56.0,227.39999389648438,-25.350000381469727,-0.10029999911785126,simple
237,26_09_03_cell4_2_ch0,oreol,3,86,57,57.0,229.8000030517578,-22.950000762939453,-0.09080000221729279,simple
238,26_09_03_cell4_2_ch0,oreol,3,86,58,58.0,234.39999389648438,-18.350000381469727,-0.07259999960660934,simple
239,26_09_03_cell4_2_ch0,oreol,3,86,59,59.0,241.8000030517578,-10.949999809265137,-0.043299999088048935,simple
240,26_09_03_cell4_2_ch0,oreol,3,86,60,60.0,236.39999389648438,-16.350000381469727,-0.06469999998807907,simple
241,26_09_03_cell4_2_ch0,oreol,3,86,61,61.0,242.0,-10.75,-0.042500000447034836,simple
242,26_09_03_cell4_2_ch0,oreol,3,86,62,62.0,239.1999969482422,-13.550000190734863,-0.053599998354911804,simple
243,26_09_03_cell4_2_ch0,oreol,3,86,63,63.0,227.1999969482422,-25.549999237060547,-0.10109999775886536,simple
244,26_09_03_cell4_2_ch0,oreol,3,86,64,64.0,237.60000610351562,-15.149999618530273,-0.05990000069141388,simple
245,26_09_03_cell4_2_ch0,oreol,3,86,65,65.0,244.1999969482422,-8.550000190734863,-0.033799998462200165,simple
246,26_09_03_cell4_2_ch0,oreol,3,86,66,66.0,227.0,-25.75,-0.10189999639987946,simple
247,26_09_03_cell4_2_ch0,oreol,3,86,67,67.0,222.1999969482422,-30.549999237060547,-0.120899997651577,simple
248,26_09_03_cell4_2_ch0,oreol,3,86,68,68.0,216.60000610351562,-36.150001525878906,-0.14300000667572021,simple
249,26_09_03_cell4_2_ch0,oreol,3,86,69,69.0,215.0,-37.75,-0.149399995803833,simple
250,26_09_03_cell4_2_ch0,oreol,3,86,70,70.0,222.1999969482422,-30.549999237060547,-0.120899997651577,simple
251,26_09_03_cell4_2_ch0,oreol,3,86,71,71.0,231.60000610351562,-21.149999618530273,-0.08370000123977661,simple
252,26_09_03_cell4_2_ch0,oreol,3,86,72,72.0,233.1999969482422,-19.549999237060547,-0.07729999721050262,simple
253,26_09_03_cell4_2_ch0,oreol,3,86,73,73.0,237.60000610351562,-15.149999618530273,-0.05990000069141388,simple
254,26_09_03_cell4_2_ch0,oreol,3,86,74,74.0,235.0,-17.75,-0.07020000368356705,simple
255,26_09_03_cell4_2_ch0,oreol,3,86,75,75.0,230.8000030517578,-21.950000762939453,-0.0868000015616417,simple
256,26_09_03_cell4_2_ch0,oreol,3,86,76,76.0,224.1999969482422,-28.549999237060547,-0.11299999803304672,simple
257,26_09_03_cell4_2_ch0,oreol,3,86,77,77.0,217.60000610351562,-35.150001525878906,-0.13910000026226044,simple
258,26_09_03_cell4_2_ch0,oreol,3,86,78,78.0,215.39999389648438,-37.349998474121094,-0.1477999985218048,simple
259,26_09_03_cell4_2_ch0,oreol,3,86,79,79.0,220.60000610351562,-32.150001525878906,-0.12720000743865967,simple
260,26_09_03_cell4_2_ch0,oreol,3,86,80,80.0,211.8000030517578,-40.95000076293945,-0.16200000047683716,simple
261,26_09_03_cell4_2_ch0,oreol,3,86,81,81.0,208.1999969482422,-44.54999923706055,-0.17630000412464142,simple
262,26_09_03_cell4_2_ch0,oreol,3,86,82,82.0,214.0,-38.75,-0.15330000221729279,simple
263,26_09_03_cell4_2_ch0,oreol,3,86,83,83.0,212.60000610351562,-40.150001525878906,-0.15889999270439148,simple
264,26_09_03_cell4_2_ch0,oreol,3,86,84,84.0,216.0,-36.75,-0.1454000025987625,simple
265,26_09_03_cell4_2_ch0,oreol,3,86,85,85.0,207.8000030517578,-44.95000076293945,-0.1777999997138977,simple
266,26_09_03_cell4_2_ch0,oreol,3,86,86,86.0,201.60000610351562,-51.150001525878906,-0.20239999890327454,simple
267,26_09_03_cell4_2_ch0,oreol,3,86,87,87.0,205.39999389648438,-47.349998474121094,-0.18729999661445618,simple
268,26_09_03_cell4_2_ch0,oreol,3,86,88,88.0,200.0,-52.75,-0.2087000012397766,simple
269,26_09_03_cell4_2_ch0,oreol,3,86,90,89.0,192.39999389648438,-60.349998474121094,-0.23880000412464142,simple
270,26_09_03_cell4_2_ch0,oreol,4,83,0,0.0,471.3999938964844,33.79999923706055,0.07720000296831131,simple
271,26_09_03_cell4_2_ch0,oreol,4,83,1,1.0,445.0,7.400000095367432,0.016899999231100082,simple
272,26_09_03_cell4_2_ch0,oreol,4,83,2,2.0,423.6000061035156,-14.0,-0.03200000151991844,simple
273,26_09_03_cell4_2_ch0,oreol,4,83,3,3.0,410.3999938964844,-27.200000762939453,-0.062199998646974564,simple
274,26_09_03_cell4_2_ch0,oreol,4,83,4,4.0,419.0,-18.600000381469727,-0.042500000447034836,simple
275,26_09_03_cell4_2_ch0,oreol,4,83,5,5.0,414.0,-23.600000381469727,-0.05389999970793724,simple
276,26_09_03_cell4_2_ch0,oreol,4,83,6,6.0,410.6000061035156,-27.0,-0.0617000013589859,simple
277,26_09_03_cell4_2_ch0,oreol,4,83,7,7.0,400.6000061035156,-37.0,-0.08460000157356262,simple
278,26_09_03_cell4_2_ch0,oreol,4,83,8,8.0,410.6000061035156,-27.0,-0.0617000013589859,simple
279,26_09_03_cell4_2_ch0,oreol,4,83,9,9.0,400.0,-37.599998474121094,-0.08590000122785568,simple
280,26_09_03_cell4_2_ch0,oreol,4,83,10,10.0,411.79998779296875,-25.799999237060547,-0.05900000035762787,simple
281,26_09_03_cell4_2_ch0,oreol,4,83,11,11.0,384.79998779296875,-52.79999923706055,-0.12070000171661377,simple
282,26_09_03_cell4_2_ch0,oreol,4,83,12,12.0,393.6000061035156,-44.0,-0.10050000250339508,simple
283,26_09_03_cell4_2_ch0,oreol,4,83,13,13.0,411.3999938964844,-26.200000762939453,-0.05990000069141388,simple
284,26_09_03_cell4_2_ch0,oreol,4,83,14,14.0,403.6000061035156,-34.0,-0.07769999653100967,simple
285,26_09_03_cell4_2_ch0,oreol,4,83,15,15.0,401.79998779296875,-35.79999923706055,-0.08179999887943268,simple
286,26_09_03_cell4_2_ch0,oreol,4,83,16,16.0,397.6000061035156,-40.0,-0.09139999747276306,simple
287,26_09_03_cell4_2_ch0,oreol,4,83,17,17.0,416.6000061035156,-21.0,-0.04800000041723251,simple
288,26_09_03_cell4_2_ch0,oreol,4,83,18,18.0,407.6000061035156,-30.0,-0.06859999895095825,simple
289,26_09_03_cell4_2_ch0,oreol,4,83,19,19.0,421.20001220703125,-16.399999618530273,-0.03750000149011612,simple
290,26_09_03_cell4_2_ch0,oreol,4,83,20,20.0,415.0,-22.600000381469727,-0.051600001752376556,simple
291,26_09_03_cell4_2_ch0,oreol,4,83,21,21.0,414.79998779296875,-22.799999237060547,-0.05209999904036522,simple
292,26_09_03_cell4_2_ch0,oreol,4,83,22,22.0,426.3999938964844,-11.199999809265137,-0.025599999353289604,simple
293,26_09_03_cell4_2_ch0,oreol,4,83,23,23.0,415.79998779296875,-21.799999237060547,-0.049800001084804535,simple
294,26_09_03_cell4_2_ch0,oreol,4,83,24,24.0,429.3999938964844,-8.199999809265137,-0.018699999898672104,simple
295,26_09_03_cell4_2_ch0,oreol,4,83,25,25.0,427.3999938964844,-10.199999809265137,-0.02329999953508377,simple
296,26_09_03_cell4_2_ch0,oreol,4,83,26,26.0,395.79998779296875,-41.79999923706055,-0.09549999982118607,simple
297,26_09_03_cell4_2_ch0,oreol,4,83,27,27.0,399.79998779296875,-37.79999923706055,-0.08640000224113464,simple
298,26_09_03_cell4_2_ch0,oreol,4,83,28,28.0,381.0,-56.599998474121094,-0.12929999828338623,simple
299,26_09_03_cell4_2_ch0,oreol,4,83,29,29.0,394.6000061035156,-43.0,-0.09830000251531601,simple
300,26_09_03_cell4_2_ch0,oreol,4,83,30,30.0,396.6000061035156,-41.0,-0.09369999915361404,simple
301,26_09_03_cell4_2_ch0,oreol,4,83,31,31.0,408.3999938964844,-29.200000762939453,-0.06669999659061432,simple
302,26_09_03_cell4_2_ch0,oreol,4,83,32,32.0,412.0,-25.600000381469727,-0.05849999934434891,simple
303,26_09_03_cell4_2_ch0,oreol,4,83,33,33.0,404.79998779296875,-32.79999923706055,-0.07500000298023224,simple
304,26_09_03_cell4_2_ch0,oreol,4,83,34,34.0,405.20001220703125,-32.400001525878906,-0.07400000095367432,simple
305,26_09_03_cell4_2_ch0,oreol,4,83,35,35.0,417.20001220703125,-20.399999618530273,-0.04659999907016754,simple
306,26_09_03_cell4_2_ch0,oreol,4,83,36,36.0,410.20001220703125,-27.399999618530273,-0.06260000169277191,simple
307,26_09_03_cell4_2_ch0,oreol,4,83,37,37.0,422.20001220703125,-15.399999618530273,-0.03519999980926514,simple
308,26_09_03_cell4_2_ch0,oreol,4,83,38,38.0,412.0,-25.600000381469727,-0.05849999934434891,simple
309,26_09_03_cell4_2_ch0,oreol,4,83,39,39.0,399.3999938964844,-38.20000076293945,-0.08730000257492065,simple
310,26_09_03_cell4_2_ch0,oreol,4,83,40,40.0,404.20001220703125,-33.400001525878906,-0.0763000026345253,simple
311,26_09_03_cell4_2_ch0,oreol,4,83,41,41.0,394.0,-43.599998474121094,-0.09960000216960907,simple
312,26_09_03_cell4_2_ch0,oreol,4,83,42,42.0,392.20001220703125,-45.400001525878906,-0.10369999706745148,simple
313,26_09_03_cell4_2_ch0,oreol,4,83,43,43.0,390.79998779296875,-46.79999923706055,-0.10689999908208847,simple
314,26_09_03_cell4_2_ch0,oreol,4,83,44,44.0,395.20001220703125,-42.400001525878906,-0.09690000116825104,simple
315,26_09_03_cell4_2_ch0,oreol,4,83,45,45.0,391.20001220703125,-46.400001525878906,-0.10599999874830246,simple
316,26_09_03_cell4_2_ch0,oreol,4,83,46,46.0,386.0,-51.599998474121094,-0.11789999902248383,simple
317,26_09_03_cell4_2_ch0,oreol,4,83,47,47.0,389.79998779296875,-47.79999923706055,-0.10920000076293945,simple
318,26_09_03_cell4_2_ch0,oreol,4,83,48,48.0,384.3999938964844,-53.20000076293945,-0.12160000205039978,simple
319,26_09_03_cell4_2_ch0,oreol,4,83,49,49.0,390.20001220703125,-47.400001525878906,-0.10830000042915344,simple
320,26_09_03_cell4_2_ch0,oreol,4,83,50,50.0,391.0,-46.599998474121094,-0.10649999976158142,simple
321,26_09_03_cell4_2_ch0,oreol,4,83,51,51.0,379.20001220703125,-58.400001525878906,-0.13349999487400055,simple
322,26_09_03_cell4_2_ch0,oreol,4,83,52,52.0,378.6000061035156,-59.0,-0.1348000019788742,simple
323,26_09_03_cell4_2_ch0,oreol,4,83,53,53.0,379.79998779296875,-57.79999923706055,-0.13210000097751617,simple
324,26_09_03_cell4_2_ch0,oreol,4,83,54,54.0,385.20001220703125,-52.400001525878906,-0.11969999969005585,simple
325,26_09_03_cell4_2_ch0,oreol,4,83,55,55.0,374.20001220703125,-63.400001525878906,-0.14489999413490295,simple
326,26_09_03_cell4_2_ch0,oreol,4,83,56,56.0,388.3999938964844,-49.20000076293945,-0.11240000277757645,simple
327,26_09_03_cell4_2_ch0,oreol,4,83,57,57.0,390.6000061035156,-47.0,-0.10740000009536743,simple
328,26_09_03_cell4_2_ch0,oreol,4,83,58,58.0,390.3999938964844,-47.20000076293945,-0.10790000110864639,simple
329,26_09_03_cell4_2_ch0,oreol,4,83,59,59.0,382.6000061035156,-55.0,-0.1256999969482422,simple
330,26_09_03_cell4_2_ch0,oreol,4,83,60,60.0,386.20001220703125,-51.400001525878906,-0.11749999970197678,simple
331,26_09_03_cell4_2_ch0,oreol,4,83,61,61.0,374.0,-63.599998474121094,-0.1453000009059906,simple
332,26_09_03_cell4_2_ch0,oreol,4,83,62,62.0,368.6000061035156,-69.0,-0.15770000219345093,simple
333,26_09_03_cell4_2_ch0,oreol,4,83,63,63.0,384.79998779296875,-52.79999923706055,-0.12070000171661377,simple
334,26_09_03_cell4_2_ch0,oreol,4,83,64,64.0,391.20001220703125,-46.400001525878906,-0.10599999874830246,simple
335,26_09_03_cell4_2_ch0,oreol,4,83,65,65.0,378.3999938964844,-59.20000076293945,-0.13529999554157257,simple
336,26_09_03_cell4_2_ch0,oreol,4,83,66,66.0,386.6000061035156,-51.0,-0.11649999767541885,simple
337,26_09_03_cell4_2_ch0,oreol,4,83,67,67.0,384.79998779296875,-52.79999923706055,-0.12070000171661377,simple
338,26_09_03_cell4_2_ch0,oreol,4,83,68,68.0,384.79998779296875,-52.79999923706055,-0.12070000171661377,simple
339,26_09_03_cell4_2_ch0,oreol,4,83,69,69.0,383.3999938964844,-54.20000076293945,-0.12389999628067017,simple
340,26_09_03_cell4_2_ch0,oreol,4,83,70,70.0,376.79998779296875,-60.79999923706055,-0.1388999968767166,simple
341,26_09_03_cell4_2_ch0,oreol,4,83,71,71.0,386.3999938964844,-51.20000076293945,-0.11699999868869781,simple
342,26_09_03_cell4_2_ch0,oreol,4,83,72,72.0,368.6000061035156,-69.0,-0.15770000219345093,simple
343,26_09_03_cell4_2_ch0,oreol,4,83,73,73.0,375.3999938964844,-62.20000076293945,-0.1421000063419342,simple
344,26_09_03_cell4_2_ch0,oreol,4,83,74,74.0,376.0,-61.599998474121094,-0.14079999923706055,simple
345,26_09_03_cell4_2_ch0,oreol,4,83,75,75.0,372.20001220703125,-65.4000015258789,-0.14949999749660492,simple
346,26_09_03_cell4_2_ch0,oreol,4,83,76,76.0,359.6000061035156,-78.0,-0.17820000648498535,simple
347,26_09_03_cell4_2_ch0,oreol,4,83,77,77.0,351.79998779296875,-85.80000305175781,-0.19609999656677246,simple
348,26_09_03_cell4_2_ch0,oreol,4,83,78,78.0,348.20001220703125,-89.4000015258789,-0.20430000126361847,simple
349,26_09_03_cell4_2_ch0,oreol,4,83,79,79.0,361.6000061035156,-76.0,-0.1737000048160553,simple
350,26_09_03_cell4_2_ch0,oreol,4,83,80,80.0,364.79998779296875,-72.80000305175781,-0.1664000004529953,simple
351,26_09_03_cell4_2_ch0,oreol,4,83,81,81.0,365.0,-72.5999984741211,-0.16590000689029694,simple
352,26_09_03_cell4_2_ch0,oreol,4,83,82,82.0,372.20001220703125,-65.4000015258789,-0.14949999749660492,simple
353,26_09_03_cell4_2_ch0,oreol,4,83,83,83.0,365.0,-72.5999984741211,-0.16590000689029694,simple
354,26_09_03_cell4_2_ch0,oreol,4,83,84,84.0,362.0,-75.5999984741211,-0.1728000044822693,simple
355,26_09_03_cell4_2_ch0,oreol,4,83,85,85.0,371.3999938964844,-66.19999694824219,-0.15129999816417694,simple
356,26_09_03_cell4_2_ch0,oreol,4,83,86,86.0,357.79998779296875,-79.80000305175781,-0.18240000307559967,simple
357,26_09_03_cell4_2_ch0,oreol,4,83,87,87.0,361.3999938964844,-76.19999694824219,-0.17409999668598175,simple
358,26_09_03_cell4_2_ch0,oreol,4,83,88,88.0,363.79998779296875,-73.80000305175781,-0.16859999299049377,simple
359,26_09_03_cell4_2_ch0,oreol,4,83,90,89.0,364.79998779296875,-72.80000305175781,-0.1664000004529953,simple
360,26_09_03_cell4_2_ch0,oreol,5,76,0,0.0,347.5,4.375,0.012799999676644802,simple
361,26_09_03_cell4_2_ch0,oreol,5,76,1,1.0,346.5,3.375,0.009800000116229057,simple
362,26_09_03_cell4_2_ch0,oreol,5,76,2,2.0,341.0,-2.125,-0.006200000178068876,simple
363,26_09_03_cell4_2_ch0,oreol,5,76,3,3.0,337.5,-5.625,-0.01640000008046627,simple
364,26_09_03_cell4_2_ch0,oreol,5,76,4,4.0,317.5,-25.625,-0.0746999979019165,simple
365,26_09_03_cell4_2_ch0,oreol,5,76,5,5.0,336.0,-7.125,-0.020800000056624413,simple
366,26_09_03_cell4_2_ch0,oreol,5,76,6,6.0,341.0,-2.125,-0.006200000178068876,simple
367,26_09_03_cell4_2_ch0,oreol,5,76,7,7.0,334.0,-9.125,-0.026599999517202377,simple
368,26_09_03_cell4_2_ch0,oreol,5,76,8,8.0,321.0,-22.125,-0.06449999660253525,simple
369,26_09_03_cell4_2_ch0,oreol,5,76,9,9.0,340.0,-3.125,-0.009100000374019146,simple
370,26_09_03_cell4_2_ch0,oreol,5,76,10,10.0,323.5,-19.625,-0.05719999969005585,simple
371,26_09_03_cell4_2_ch0,oreol,5,76,11,11.0,325.0,-18.125,-0.052799999713897705,simple
372,26_09_03_cell4_2_ch0,oreol,5,76,12,12.0,328.5,-14.625,-0.04259999841451645,simple
373,26_09_03_cell4_2_ch0,oreol,5,76,13,13.0,333.0,-10.125,-0.029500000178813934,simple
374,26_09_03_cell4_2_ch0,oreol,5,76,14,14.0,334.5,-8.625,-0.025100000202655792,simple
375,26_09_03_cell4_2_ch0,oreol,5,76,15,15.0,313.5,-29.625,-0.08630000054836273,simple
376,26_09_03_cell4_2_ch0,oreol,5,76,16,16.0,336.0,-7.125,-0.020800000056624413,simple
377,26_09_03_cell4_2_ch0,oreol,5,76,17,17.0,349.0,5.875,0.017100000753998756,simple
378,26_09_03_cell4_2_ch0,oreol,5,76,18,18.0,346.0,2.875,0.00839999970048666,simple
379,26_09_03_cell4_2_ch0,oreol,5,76,19,19.0,344.0,0.875,0.0026000000070780516,simple
380,26_09_03_cell4_2_ch0,oreol,5,76,20,20.0,347.5,4.375,0.012799999676644802,simple
381,26_09_03_cell4_2_ch0,oreol,5,76,21,21.0,341.5,-1.625,-0.004699999932199717,simple
382,26_09_03_cell4_2_ch0,oreol,5,76,22,22.0,363.0,19.875,0.05790000036358833,simple
383,26_09_03_cell4_2_ch0,oreol,5,76,23,23.0,370.5,27.375,0.07980000227689743,simple
384,26_09_03_cell4_2_ch0,oreol,5,76,24,24.0,365.5,22.375,0.06520000100135803,simple
385,26_09_03_cell4_2_ch0,oreol,5,76,25,25.0,370.0,26.875,0.07829999923706055,simple
386,26_09_03_cell4_2_ch0,oreol,5,76,26,26.0,353.5,10.375,0.03020000085234642,simple
387,26_09_03_cell4_2_ch0,oreol,5,76,27,27.0,353.0,9.875,0.02879999950528145,simple
388,26_09_03_cell4_2_ch0,oreol,5,76,28,28.0,354.0,10.875,0.031700000166893005,simple
389,26_09_03_cell4_2_ch0,oreol,5,76,29,29.0,329.0,-14.125,-0.041200000792741776,simple
390,26_09_03_cell4_2_ch0,oreol,5,76,30,30.0,345.5,2.375,0.006899999920278788,simple
391,26_09_03_cell4_2_ch0,oreol,5,76,31,31.0,355.5,12.375,0.03610000014305115,simple
392,26_09_03_cell4_2_ch0,oreol,5,76,32,32.0,355.5,12.375,0.03610000014305115,simple
393,26_09_03_cell4_2_ch0,oreol,5,76,33,33.0,337.5,-5.625,-0.01640000008046627,simple
394,26_09_03_cell4_2_ch0,oreol,5,76,34,34.0,339.5,-3.625,-0.010599999688565731,simple
395,26_09_03_cell4_2_ch0,oreol,5,76,35,35.0,348.0,4.875,0.0142000000923872,simple
396,26_09_03_cell4_2_ch0,oreol,5,76,36,36.0,346.0,2.875,0.00839999970048666,simple
397,26_09_03_cell4_2_ch0,oreol,5,76,37,37.0,350.0,6.875,0.019999999552965164,simple
398,26_09_03_cell4_2_ch0,oreol,5,76,38,38.0,332.0,-11.125,-0.03240000084042549,simple
399,26_09_03_cell4_2_ch0,oreol,5,76,39,39.0,339.5,-3.625,-0.010599999688565731,simple
400,26_09_03_cell4_2_ch0,oreol,5,76,40,40.0,348.5,5.375,0.015699999406933784,simple
401,26_09_03_cell4_2_ch0,oreol,5,76,41,41.0,334.0,-9.125,-0.026599999517202377,simple
402,26_09_03_cell4_2_ch0,oreol,5,76,42,42.0,350.5,7.375,0.0215000007301569,simple
403,26_09_03_cell4_2_ch0,oreol,5,76,43,43.0,322.5,-20.625,-0.060100000351667404,simple
404,26_09_03_cell4_2_ch0,oreol,5,76,44,44.0,337.0,-6.125,-0.017899999395012856,simple
405,26_09_03_cell4_2_ch0,oreol,5,76,45,45.0,351.0,7.875,0.023000000044703484,simple
406,26_09_03_cell4_2_ch0,oreol,5,76,46,46.0,338.0,-5.125,-0.01489999983459711,simple
407,26_09_03_cell4_2_ch0,oreol,5,76,47,47.0,350.0,6.875,0.019999999552965164,simple
408,26_09_03_cell4_2_ch0,oreol,5,76,48,48.0,346.5,3.375,0.009800000116229057,simple
409,26_09_03_cell4_2_ch0,oreol,5,76,49,49.0,315.0,-28.125,-0.0820000022649765,simple
410,26_09_03_cell4_2_ch0,oreol,5,76,50,50.0,333.5,-9.625,-0.02810000069439411,simple
411,26_09_03_cell4_2_ch0,oreol,5,76,51,51.0,321.5,-21.625,-0.06300000101327896,simple
412,26_09_03_cell4_2_ch0,oreol,5,76,52,52.0,328.5,-14.625,-0.04259999841451645,simple
413,26_09_03_cell4_2_ch0,oreol,5,76,53,53.0,343.0,-0.125,-0.00039999998989515007,simple
414,26_09_03_cell4_2_ch0,oreol,5,76,54,54.0,327.0,-16.125,-0.04699999839067459,simple
415,26_09_03_cell4_2_ch0,oreol,5,76,55,55.0,328.5,-14.625,-0.04259999841451645,simple
416,26_09_03_cell4_2_ch0,oreol,5,76,56,56.0,331.5,-11.625,-0.033900000154972076,simple
417,26_09_03_cell4_2_ch0,oreol,5,76,57,57.0,333.5,-9.625,-0.02810000069439411,simple
418,26_09_03_cell4_2_ch0,oreol,5,76,58,58.0,344.5,1.375,0.004000000189989805,simple
419,26_09_03_cell4_2_ch0,oreol,5,76,59,59.0,327.0,-16.125,-0.04699999839067459,simple
420,26_09_03_cell4_2_ch0,oreol,5,76,60,60.0,352.5,9.375,0.027300000190734863,simple
421,26_09_03_cell4_2_ch0,oreol,5,76,61,61.0,343.0,-0.125,-0.00039999998989515007,simple
422,26_09_03_cell4_2_ch0,oreol,5,76,62,62.0,346.0,2.875,0.00839999970048666,simple
423,26_09_03_cell4_2_ch0,oreol,5,76,63,63.0,350.0,6.875,0.019999999552965164,simple
424,26_09_03_cell4_2_ch0,oreol,5,76,64,64.0,358.5,15.375,0.04479999840259552,simple
425,26_09_03_cell4_2_ch0,oreol,5,76,65,65.0,351.0,7.875,0.023000000044703484,simple
426,26_09_03_cell4_2_ch0,oreol,5,76,66,66.0,338.5,-4.625,-0.013500000350177288,simple
427,26_09_03_cell4_2_ch0,oreol,5,76,67,67.0,331.5,-11.625,-0.033900000154972076,simple
428,26_09_03_cell4_2_ch0,oreol,5,76,68,68.0,331.0,-12.125,-0.03530000150203705,simple
429,26_09_03_cell4_2_ch0,oreol,5,76,69,69.0,352.0,8.875,0.02590000070631504,simple
430,26_09_03_cell4_2_ch0,oreol,5,76,70,70.0,328.5,-14.625,-0.04259999841451645,simple
431,26_09_03_cell4_2_ch0,oreol,5,76,71,71.0,319.5,-23.625,-0.06889999657869339,simple
432,26_09_03_cell4_2_ch0,oreol,5,76,72,72.0,324.0,-19.125,-0.05570000037550926,simple
433,26_09_03_cell4_2_ch0,oreol,5,76,73,73.0,324.5,-18.625,-0.05429999902844429,simple
434,26_09_03_cell4_2_ch0,oreol,5,76,74,74.0,316.0,-27.125,-0.07909999787807465,simple
435,26_09_03_cell4_2_ch0,oreol,5,76,75,75.0,331.0,-12.125,-0.03530000150203705,simple
436,26_09_03_cell4_2_ch0,oreol,5,76,76,76.0,326.5,-16.625,-0.048500001430511475,simple
437,26_09_03_cell4_2_ch0,oreol,5,76,77,77.0,326.0,-17.125,-0.04989999905228615,simple
438,26_09_03_cell4_2_ch0,oreol,5,76,78,78.0,311.0,-32.125,-0.09359999746084213,simple
439,26_09_03_cell4_2_ch0,oreol,5,76,79,79.0,325.0,-18.125,-0.052799999713897705,simple
440,26_09_03_cell4_2_ch0,oreol,5,76,80,80.0,317.0,-26.125,-0.07609999924898148,simple
441,26_09_03_cell4_2_ch0,oreol,5,76,81,81.0,320.5,-22.625,-0.06589999794960022,simple
442,26_09_03_cell4_2_ch0,oreol,5,76,82,82.0,319.0,-24.125,-0.07029999792575836,simple
443,26_09_03_cell4_2_ch0,oreol,5,76,83,83.0,330.0,-13.125,-0.03830000013113022,simple
444,26_09_03_cell4_2_ch0,oreol,5,76,84,84.0,320.0,-23.125,-0.0674000009894371,simple
445,26_09_03_cell4_2_ch0,oreol,5,76,85,85.0,327.5,-15.625,-0.045499999076128006,simple
446,26_09_03_cell4_2_ch0,oreol,5,76,86,86.0,322.0,-21.125,-0.06159999966621399,simple
447,26_09_03_cell4_2_ch0,oreol,5,76,87,87.0,326.5,-16.625,-0.048500001430511475,simple
448,26_09_03_cell4_2_ch0,oreol,5,76,88,88.0,325.0,-18.125,-0.052799999713897705,simple
449,26_09_03_cell4_2_ch0,oreol,5,76,90,89.0,312.5,-30.625,-0.0892999991774559,simple
450,26_09_03_cell4_2_ch0,oreol,6,44,0,0.0,455.375,16.781200408935547,0.03830000013113022,simple
451,26_09_03_cell4_2_ch0,oreol,6,44,1,1.0,439.75,1.1562000513076782,0.0026000000070780516,simple
452,26_09_03_cell4_2_ch0,oreol,6,44,2,2.0,429.75,-8.843799591064453,-0.02019999921321869,simple
453,26_09_03_cell4_2_ch0,oreol,6,44,3,3.0,429.5,-9.093799591064453,-0.02070000022649765,simple
454,26_09_03_cell4_2_ch0,oreol,6,44,4,4.0,418.375,-20.218799591064453,-0.04610000178217888,simple
455,26_09_03_cell4_2_ch0,oreol,6,44,5,5.0,412.125,-26.468799591064453,-0.06030000001192093,simple
456,26_09_03_cell4_2_ch0,oreol,6,44,6,6.0,390.5,-48.09379959106445,-0.10970000177621841,simple
457,26_09_03_cell4_2_ch0,oreol,6,44,7,7.0,393.875,-44.71879959106445,-0.10199999809265137,simple
458,26_09_03_cell4_2_ch0,oreol,6,44,8,8.0,392.25,-46.34379959106445,-0.10570000112056732,simple
459,26_09_03_cell4_2_ch0,oreol,6,44,9,9.0,391.25,-47.34379959106445,-0.10790000110864639,simple
460,26_09_03_cell4_2_ch0,oreol,6,44,10,10.0,388.25,-50.34379959106445,-0.11479999870061874,simple
461,26_09_03_cell4_2_ch0,oreol,6,44,11,11.0,379.875,-58.71879959106445,-0.1339000016450882,simple
462,26_09_03_cell4_2_ch0,oreol,6,44,12,12.0,383.0,-55.59379959106445,-0.12680000066757202,simple
463,26_09_03_cell4_2_ch0,oreol,6,44,13,13.0,403.5,-35.09379959106445,-0.07999999821186066,simple
464,26_09_03_cell4_2_ch0,oreol,6,44,14,14.0,389.75,-48.84379959106445,-0.11140000075101852,simple
465,26_09_03_cell4_2_ch0,oreol,6,44,15,15.0,392.25,-46.34379959106445,-0.10570000112056732,simple
466,26_09_03_cell4_2_ch0,oreol,6,44,16,16.0,403.0,-35.59379959106445,-0.0812000036239624,simple
467,26_09_03_cell4_2_ch0,oreol,6,44,17,17.0,412.0,-26.593799591064453,-0.060600001364946365,simple
468,26_09_03_cell4_2_ch0,oreol,6,44,18,18.0,413.25,-25.343799591064453,-0.05779999867081642,simple
469,26_09_03_cell4_2_ch0,oreol,6,44,19,19.0,419.0,-19.593799591064453,-0.04470000043511391,simple
470,26_09_03_cell4_2_ch0,oreol,6,44,20,20.0,421.25,-17.343799591064453,-0.039500001817941666,simple
471,26_09_03_cell4_2_ch0,oreol,6,44,21,21.0,416.5,-22.093799591064453,-0.05040000006556511,simple
472,26_09_03_cell4_2_ch0,oreol,6,44,22,22.0,415.75,-22.843799591064453,-0.05209999904036522,simple
473,26_09_03_cell4_2_ch0,oreol,6,44,23,23.0,448.0,9.406200408935547,0.021400000900030136,simple
474,26_09_03_cell4_2_ch0,oreol,6,44,24,24.0,445.75,7.156199932098389,0.016300000250339508,simple
475,26_09_03_cell4_2_ch0,oreol,6,44,25,25.0,457.0,18.406200408935547,0.041999999433755875,simple
476,26_09_03_cell4_2_ch0,oreol,6,44,26,26.0,465.375,26.781200408935547,0.06109999865293503,simple
477,26_09_03_cell4_2_ch0,oreol,6,44,27,27.0,476.5,37.90620040893555,0.08640000224113464,simple
478,26_09_03_cell4_2_ch0,oreol,6,44,28,28.0,459.875,21.281200408935547,0.048500001430511475,simple
479,26_09_03_cell4_2_ch0,oreol,6,44,29,29.0,454.875,16.281200408935547,0.03709999844431877,simple
480,26_09_03_cell4_2_ch0,oreol,6,44,30,30.0,441.0,2.4061999320983887,0.005499999970197678,simple
481,26_09_03_cell4_2_ch0,oreol,6,44,31,31.0,403.125,-35.46879959106445,-0.08089999854564667,simple
482,26_09_03_cell4_2_ch0,oreol,6,44,32,32.0,409.5,-29.093799591064453,-0.06629999727010727,simple
483,26_09_03_cell4_2_ch0,oreol,6,44,33,33.0,403.5,-35.09379959106445,-0.07999999821186066,simple
484,26_09_03_cell4_2_ch0,oreol,6,44,34,34.0,395.5,-43.09379959106445,-0.09830000251531601,simple
485,26_09_03_cell4_2_ch0,oreol,6,44,35,35.0,397.125,-41.46879959106445,-0.09449999779462814,simple
486,26_09_03_cell4_2_ch0,oreol,6,44,36,36.0,380.875,-57.71879959106445,-0.1316000074148178,simple
487,26_09_03_cell4_2_ch0,oreol,6,44,37,37.0,378.25,-60.34379959106445,-0.13760000467300415,simple
488,26_09_03_cell4_2_ch0,oreol,6,44,38,38.0,379.875,-58.71879959106445,-0.1339000016450882,simple
489,26_09_03_cell4_2_ch0,oreol,6,44,39,39.0,373.125,-65.46880340576172,-0.1492999941110611,simple
490,26_09_03_cell4_2_ch0,oreol,6,44,40,40.0,377.875,-60.71879959106445,-0.13840000331401825,simple
491,26_09_03_cell4_2_ch0,oreol,6,44,41,41.0,371.125,-67.46880340576172,-0.15379999577999115,simple
492,26_09_03_cell4_2_ch0,oreol,6,44,42,42.0,368.625,-69.96880340576172,-0.15950000286102295,simple
493,26_09_03_cell4_2_ch0,oreol,6,44,43,43.0,359.75,-78.84380340576172,-0.17980000376701355,simple
494,26_09_03_cell4_2_ch0,oreol,6,44,44,44.0,366.5,-72.09380340576172,-0.16439999639987946,simple
495,26_09_03_cell4_2_ch0,oreol,6,44,45,45.0,371.375,-67.21880340576172,-0.15330000221729279,simple
496,26_09_03_cell4_2_ch0,oreol,6,44,46,46.0,362.25,-76.34380340576172,-0.17409999668598175,simple
497,26_09_03_cell4_2_ch0,oreol,6,44,47,47.0,378.125,-60.46879959106445,-0.1378999948501587,simple
498,26_09_03_cell4_2_ch0,oreol,6,44,48,48.0,374.625,-63.96879959106445,-0.14579999446868896,simple
499,26_09_03_cell4_2_ch0,oreol,6,44,49,49.0,380.375,-58.21879959106445,-0.13269999623298645,simple
500,26_09_03_cell4_2_ch0,oreol,6,44,50,50.0,368.0,-70.59380340576172,-0.16099999845027924,simple
501,26_09_03_cell4_2_ch0,oreol,6,44,51,51.0,354.375,-84.21880340576172,-0.19200000166893005,simple
502,26_09_03_cell4_2_ch0,oreol,6,44,52,52.0,355.875,-82.71880340576172,-0.18860000371932983,simple
503,26_09_03_cell4_2_ch0,oreol,6,44,53,53.0,356.125,-82.46880340576172,-0.18799999356269836,simple
504,26_09_03_cell4_2_ch0,oreol,6,44,54,54.0,347.875,-90.71880340576172,-0.20679999887943268,simple
505,26_09_03_cell4_2_ch0,oreol,6,44,55,55.0,345.75,-92.84380340576172,-0.21170000731945038,simple
506,26_09_03_cell4_2_ch0,oreol,6,44,56,56.0,355.25,-83.34380340576172,-0.1899999976158142,simple
507,26_09_03_cell4_2_ch0,oreol,6,44,57,57.0,346.625,-91.96880340576172,-0.20970000326633453,simple
508,26_09_03_cell4_2_ch0,oreol,6,44,58,58.0,347.375,-91.21880340576172,-0.20800000429153442,simple
509,26_09_03_cell4_2_ch0,oreol,6,44,59,59.0,356.625,-81.96880340576172,-0.18690000474452972,simple
510,26_09_03_cell4_2_ch0,oreol,6,44,60,60.0,339.75,-98.84380340576172,-0.22540000081062317,simple
511,26_09_03_cell4_2_ch0,oreol,6,44,61,61.0,343.0,-95.59380340576172,-0.21799999475479126,simple
512,26_09_03_cell4_2_ch0,oreol,6,44,62,62.0,332.125,-106.46880340576172,-0.24279999732971191,simple
513,26_09_03_cell4_2_ch0,oreol,6,44,63,63.0,326.5,-112.09380340576172,-0.2556000053882599,simple
514,26_09_03_cell4_2_ch0,oreol,6,44,64,64.0,343.75,-94.84380340576172,-0.21619999408721924,simple
515,26_09_03_cell4_2_ch0,oreol,6,44,65,65.0,335.25,-103.34380340576172,-0.23559999465942383,simple
516,26_09_03_cell4_2_ch0,oreol,6,44,66,66.0,333.875,-104.71880340576172,-0.23880000412464142,simple
517,26_09_03_cell4_2_ch0,oreol,6,44,67,67.0,338.375,-100.21880340576172,-0.22849999368190765,simple
518,26_09_03_cell4_2_ch0,oreol,6,44,68,68.0,331.875,-106.71880340576172,-0.24330000579357147,simple
519,26_09_03_cell4_2_ch0,oreol,6,44,69,69.0,332.125,-106.46880340576172,-0.24279999732971191,simple
520,26_09_03_cell4_2_ch0,oreol,6,44,70,70.0,328.125,-110.46880340576172,-0.25189998745918274,simple
521,26_09_03_cell4_2_ch0,oreol,6,44,71,71.0,331.0,-107.59380340576172,-0.24529999494552612,simple
522,26_09_03_cell4_2_ch0,oreol,6,44,72,72.0,335.75,-102.84380340576172,-0.2345000058412552,simple
523,26_09_03_cell4_2_ch0,oreol,6,44,73,73.0,343.5,-95.09380340576172,-0.2168000042438507,simple
524,26_09_03_cell4_2_ch0,oreol,6,44,74,74.0,341.75,-96.84380340576172,-0.2207999974489212,simple
525,26_09_03_cell4_2_ch0,oreol,6,44,75,75.0,331.25,-107.34380340576172,-0.24469999969005585,simple
526,26_09_03_cell4_2_ch0,oreol,6,44,76,76.0,336.5,-102.09380340576172,-0.23280000686645508,simple
527,26_09_03_cell4_2_ch0,oreol,6,44,77,77.0,347.25,-91.34380340576172,-0.20829999446868896,simple
528,26_09_03_cell4_2_ch0,oreol,6,44,78,78.0,351.875,-86.71880340576172,-0.19769999384880066,simple
529,26_09_03_cell4_2_ch0,oreol,6,44,79,79.0,340.5,-98.09380340576172,-0.22370000183582306,simple
530,26_09_03_cell4_2_ch0,oreol,6,44,80,80.0,341.25,-97.34380340576172,-0.22190000116825104,simple
531,26_09_03_cell4_2_ch0,oreol,6,44,81,81.0,341.5,-97.09380340576172,-0.22139999270439148,simple
532,26_09_03_cell4_2_ch0,oreol,6,44,82,82.0,346.5,-92.09380340576172,-0.20999999344348907,simple
533,26_09_03_cell4_2_ch0,oreol,6,44,83,83.0,331.875,-106.71880340576172,-0.24330000579357147,simple
534,26_09_03_cell4_2_ch0,oreol,6,44,84,84.0,333.375,-105.21880340576172,-0.23989999294281006,simple
535,26_09_03_cell4_2_ch0,oreol,6,44,85,85.0,323.875,-114.71880340576172,-0.26159998774528503,simple
536,26_09_03_cell4_2_ch0,oreol,6,44,86,86.0,336.375,-102.21880340576172,-0.23309999704360962,simple
537,26_09_03_cell4_2_ch0,oreol,6,44,87,87.0,325.125,-113.46880340576172,-0.25870001316070557,simple
538,26_09_03_cell4_2_ch0,oreol,6,44,88,88.0,324.5,-114.09380340576172,-0.26010000705718994,simple
539,26_09_03_cell4_2_ch0,oreol,6,44,90,89.0,319.125,-119.46880340576172,-0.27239999175071716,simple
540,26_09_03_cell4_2_ch0,oreol,7,29,0,0.0,338.5790100097656,8.434200286865234,0.025499999523162842,simple
541,26_09_03_cell4_2_ch0,oreol,7,29,1,1.0,342.1051940917969,11.96049976348877,0.03620000183582306,simple
542,26_09_03_cell4_2_ch0,oreol,7,29,2,2.0,323.7893981933594,-6.355299949645996,-0.019200000911951065,simple
543,26_09_03_cell4_2_ch0,oreol,7,29,3,3.0,316.1051940917969,-14.03950023651123,-0.042500000447034836,simple
544,26_09_03_cell4_2_ch0,oreol,7,29,4,4.0,319.631591796875,-10.513099670410156,-0.03180000185966492,simple
545,26_09_03_cell4_2_ch0,oreol,7,29,5,5.0,304.9473876953125,-25.197399139404297,-0.0763000026345253,simple
546,26_09_03_cell4_2_ch0,oreol,7,29,6,6.0,309.1051940917969,-21.039499282836914,-0.06369999796152115,simple
547,26_09_03_cell4_2_ch0,oreol,7,29,7,7.0,306.1051940917969,-24.039499282836914,-0.07280000299215317,simple
548,26_09_03_cell4_2_ch0,oreol,7,29,8,8.0,310.1051940917969,-20.039499282836914,-0.06069999933242798,simple
549,26_09_03_cell4_2_ch0,oreol,7,29,9,9.0,309.2632141113281,-20.88159942626953,-0.06319999694824219,simple
550,26_09_03_cell4_2_ch0,oreol,7,29,10,10.0,317.7367858886719,-12.407899856567383,-0.03759999945759773,simple
551,26_09_03_cell4_2_ch0,oreol,7,29,11,11.0,315.8948059082031,-14.25,-0.04320000112056732,simple
552,26_09_03_cell4_2_ch0,oreol,7,29,12,12.0,320.0526123046875,-10.092100143432617,-0.03060000017285347,simple
553,26_09_03_cell4_2_ch0,oreol,7,29,13,13.0,335.1051940917969,4.9604997634887695,0.014999999664723873,simple
554,26_09_03_cell4_2_ch0,oreol,7,29,14,14.0,327.7893981933594,-2.355299949645996,-0.0071000000461936,simple
555,26_09_03_cell4_2_ch0,oreol,7,29,15,15.0,343.84210205078125,13.697400093078613,0.04149999842047691,simple
556,26_09_03_cell4_2_ch0,oreol,7,29,16,16.0,333.84210205078125,3.6974000930786133,0.01119999960064888,simple
557,26_09_03_cell4_2_ch0,oreol,7,29,17,17.0,346.1051940917969,15.96049976348877,0.04830000177025795,simple
558,26_09_03_cell4_2_ch0,oreol,7,29,18,18.0,364.631591796875,34.486900329589844,0.10450000315904617,simple
559,26_09_03_cell4_2_ch0,oreol,7,29,19,19.0,356.2106018066406,26.065799713134766,0.07900000363588333,simple
560,26_09_03_cell4_2_ch0,oreol,7,29,20,20.0,350.7893981933594,20.644699096679688,0.0625,simple
561,26_09_03_cell4_2_ch0,oreol,7,29,21,21.0,356.4209899902344,26.27630043029785,0.07959999889135361,simple
562,26_09_03_cell4_2_ch0,oreol,7,29,22,22.0,348.368408203125,18.22369956970215,0.0551999993622303,simple
563,26_09_03_cell4_2_ch0,oreol,7,29,23,23.0,338.84210205078125,8.697400093078613,0.02630000002682209,simple
564,26_09_03_cell4_2_ch0,oreol,7,29,24,24.0,342.3157958984375,12.171099662780762,0.03689999878406525,simple
565,26_09_03_cell4_2_ch0,oreol,7,29,25,25.0,400.1051940917969,69.96050262451172,0.211899995803833,simple
566,26_09_03_cell4_2_ch0,oreol,7,29,26,26.0,387.6842041015625,57.53950119018555,0.17430000007152557,simple
567,26_09_03_cell4_2_ch0,oreol,7,29,27,27.0,355.4209899902344,25.27630043029785,0.07660000026226044,simple
568,26_09_03_cell4_2_ch0,oreol,7,29,28,28.0,340.52630615234375,10.381600379943848,0.03139999881386757,simple
569,26_09_03_cell4_2_ch0,oreol,7,29,29,29.0,329.5790100097656,-0.5658000111579895,-0.0017000000225380063,simple
570,26_09_03_cell4_2_ch0,oreol,7,29,30,30.0,338.2106018066406,8.065799713134766,0.024399999529123306,simple
571,26_09_03_cell4_2_ch0,oreol,7,29,31,31.0,331.7893981933594,1.644700050354004,0.004999999888241291,simple
572,26_09_03_cell4_2_ch0,oreol,7,29,32,32.0,313.15789794921875,-16.986799240112305,-0.051500000059604645,simple
573,26_09_03_cell4_2_ch0,oreol,7,29,33,33.0,322.1051940917969,-8.03950023651123,-0.024399999529123306,simple
574,26_09_03_cell4_2_ch0,oreol,7,29,34,34.0,321.52630615234375,-8.618399620056152,-0.026100000366568565,simple
575,26_09_03_cell4_2_ch0,oreol,7,29,35,35.0,315.4209899902344,-14.723699569702148,-0.044599998742341995,simple
576,26_09_03_cell4_2_ch0,oreol,7,29,36,36.0,310.6842041015625,-19.460500717163086,-0.05889999866485596,simple
577,26_09_03_cell4_2_ch0,oreol,7,29,37,37.0,308.1051940917969,-22.039499282836914,-0.06679999828338623,simple
578,26_09_03_cell4_2_ch0,oreol,7,29,38,38.0,298.47369384765625,-31.67099952697754,-0.09589999914169312,simple
579,26_09_03_cell4_2_ch0,oreol,7,29,39,39.0,301.4209899902344,-28.72369956970215,-0.08699999749660492,simple
580,26_09_03_cell4_2_ch0,oreol,7,29,40,40.0,296.6842041015625,-33.46049880981445,-0.10140000283718109,simple
581,26_09_03_cell4_2_ch0,oreol,7,29,41,41.0,286.2632141113281,-43.88159942626953,-0.13289999961853027,simple
582,26_09_03_cell4_2_ch0,oreol,7,29,42,42.0,297.631591796875,-32.513099670410156,-0.09849999845027924,simple
583,26_09_03_cell4_2_ch0,oreol,7,29,43,43.0,304.7893981933594,-25.355300903320312,-0.07680000364780426,simple
584,26_09_03_cell4_2_ch0,oreol,7,29,44,44.0,301.7893981933594,-28.355300903320312,-0.08590000122785568,simple
585,26_09_03_cell4_2_ch0,oreol,7,29,45,45.0,300.47369384765625,-29.67099952697754,-0.08990000188350677,simple
586,26_09_03_cell4_2_ch0,oreol,7,29,46,46.0,301.631591796875,-28.513099670410156,-0.08640000224113464,simple
587,26_09_03_cell4_2_ch0,oreol,7,29,47,47.0,297.631591796875,-32.513099670410156,-0.09849999845027924,simple
588,26_09_03_cell4_2_ch0,oreol,7,29,48,48.0,294.0,-36.14469909667969,-0.10949999839067459,simple
589,26_09_03_cell4_2_ch0,oreol,7,29,49,49.0,301.0526123046875,-29.092100143432617,-0.08810000121593475,simple
590,26_09_03_cell4_2_ch0,oreol,7,29,50,50.0,290.4209899902344,-39.72370147705078,-0.12030000239610672,simple
591,26_09_03_cell4_2_ch0,oreol,7,29,51,51.0,294.47369384765625,-35.67100143432617,-0.1080000028014183,simple
592,26_09_03_cell4_2_ch0,oreol,7,29,52,52.0,289.0526123046875,-41.092098236083984,-0.12449999898672104,simple
593,26_09_03_cell4_2_ch0,oreol,7,29,53,53.0,299.84210205078125,-30.302600860595703,-0.09179999679327011,simple
594,26_09_03_cell4_2_ch0,oreol,7,29,54,54.0,292.52630615234375,-37.61840057373047,-0.11389999836683273,simple
595,26_09_03_cell4_2_ch0,oreol,7,29,55,55.0,292.47369384765625,-37.67100143432617,-0.11410000175237656,simple
596,26_09_03_cell4_2_ch0,oreol,7,29,56,56.0,287.47369384765625,-42.67100143432617,-0.12919999659061432,simple
597,26_09_03_cell4_2_ch0,oreol,7,29,57,57.0,286.9473876953125,-43.1973991394043,-0.13079999387264252,simple
598,26_09_03_cell4_2_ch0,oreol,7,29,58,58.0,284.5790100097656,-45.565799713134766,-0.1379999965429306,simple
599,26_09_03_cell4_2_ch0,oreol,7,29,59,59.0,284.84210205078125,-45.3026008605957,-0.1371999979019165,simple
600,26_09_03_cell4_2_ch0,oreol,7,29,60,60.0,282.7893981933594,-47.35530090332031,-0.14339999854564667,simple
601,26_09_03_cell4_2_ch0,oreol,7,29,61,61.0,278.7367858886719,-51.407901763916016,-0.15569999814033508,simple
602,26_09_03_cell4_2_ch0,oreol,7,29,62,62.0,282.6842041015625,-47.46049880981445,-0.14380000531673431,simple
603,26_09_03_cell4_2_ch0,oreol,7,29,63,63.0,287.7367858886719,-42.407901763916016,-0.12849999964237213,simple
604,26_09_03_cell4_2_ch0,oreol,7,29,64,64.0,281.47369384765625,-48.67100143432617,-0.14740000665187836,simple
605,26_09_03_cell4_2_ch0,oreol,7,29,65,65.0,285.1051940917969,-45.03950119018555,-0.1363999992609024,simple
606,26_09_03_cell4_2_ch0,oreol,7,29,66,66.0,286.2632141113281,-43.88159942626953,-0.13289999961853027,simple
607,26_09_03_cell4_2_ch0,oreol,7,29,67,67.0,284.0,-46.14469909667969,-0.13979999721050262,simple
608,26_09_03_cell4_2_ch0,oreol,7,29,68,68.0,288.84210205078125,-41.3026008605957,-0.1251000016927719,simple
609,26_09_03_cell4_2_ch0,oreol,7,29,69,69.0,273.368408203125,-56.77629852294922,-0.1720000058412552,simple
610,26_09_03_cell4_2_ch0,oreol,7,29,70,70.0,274.0526123046875,-56.092098236083984,-0.16990000009536743,simple
611,26_09_03_cell4_2_ch0,oreol,7,29,71,71.0,284.6842041015625,-45.46049880981445,-0.13770000636577606,simple
612,26_09_03_cell4_2_ch0,oreol,7,29,72,72.0,276.0526123046875,-54.092098236083984,-0.16380000114440918,simple
613,26_09_03_cell4_2_ch0,oreol,7,29,73,73.0,272.52630615234375,-57.61840057373047,-0.1745000034570694,simple
614,26_09_03_cell4_2_ch0,oreol,7,29,74,74.0,278.0,-52.14469909667969,-0.15790000557899475,simple
615,26_09_03_cell4_2_ch0,oreol,7,29,75,75.0,278.8948059082031,-51.25,-0.15520000457763672,simple
616,26_09_03_cell4_2_ch0,oreol,7,29,76,76.0,280.0,-50.14469909667969,-0.15189999341964722,simple
617,26_09_03_cell4_2_ch0,oreol,7,29,77,77.0,283.4209899902344,-46.72370147705078,-0.14149999618530273,simple
618,26_09_03_cell4_2_ch0,oreol,7,29,78,78.0,278.15789794921875,-51.98680114746094,-0.1574999988079071,simple
619,26_09_03_cell4_2_ch0,oreol,7,29,79,79.0,276.0,-54.14469909667969,-0.164000004529953,simple
620,26_09_03_cell4_2_ch0,oreol,7,29,80,80.0,271.5790100097656,-58.565799713134766,-0.17739999294281006,simple
621,26_09_03_cell4_2_ch0,oreol,7,29,81,81.0,267.0526123046875,-63.092098236083984,-0.19110000133514404,simple
622,26_09_03_cell4_2_ch0,oreol,7,29,82,82.0,267.0526123046875,-63.092098236083984,-0.19110000133514404,simple
623,26_09_03_cell4_2_ch0,oreol,7,29,83,83.0,271.15789794921875,-58.98680114746094,-0.17870000004768372,simple
624,26_09_03_cell4_2_ch0,oreol,7,29,84,84.0,270.2106018066406,-59.934200286865234,-0.18150000274181366,simple
625,26_09_03_cell4_2_ch0,oreol,7,29,85,85.0,270.5790100097656,-59.565799713134766,-0.18039999902248383,simple
626,26_09_03_cell4_2_ch0,oreol,7,29,86,86.0,271.0,-59.14469909667969,-0.17910000681877136,simple
627,26_09_03_cell4_2_ch0,oreol,7,29,87,87.0,267.7893981933594,-62.35530090332031,-0.18889999389648438,simple
628,26_09_03_cell4_2_ch0,oreol,7,29,88,88.0,263.2632141113281,-66.88159942626953,-0.20260000228881836,simple
629,26_09_03_cell4_2_ch0,oreol,7,29,90,89.0,261.3157958984375,-68.82890319824219,-0.2084999978542328,simple
630,26_09_03_cell4_2_ch0,oreol,8,8,0,0.0,641.2142944335938,27.1875,0.04430000111460686,simple
631,26_09_03_cell4_2_ch0,oreol,8,8,1,1.0,617.1428833007812,3.1161000728607178,0.005100000184029341,simple
632,26_09_03_cell4_2_ch0,oreol,8,8,2,2.0,602.8214111328125,-11.205400466918945,-0.018200000748038292,simple
633,26_09_03_cell4_2_ch0,oreol,8,8,3,3.0,594.9285888671875,-19.09819984436035,-0.031099999323487282,simple
634,26_09_03_cell4_2_ch0,oreol,8,8,4,4.0,579.8928833007812,-34.1338996887207,-0.05559999868273735,simple
635,26_09_03_cell4_2_ch0,oreol,8,8,5,5.0,565.6785888671875,-48.348201751708984,-0.0786999985575676,simple
636,26_09_03_cell4_2_ch0,oreol,8,8,6,6.0,566.25,-47.776798248291016,-0.07779999822378159,simple
637,26_09_03_cell4_2_ch0,oreol,8,8,7,7.0,555.2857055664062,-58.7411003112793,-0.09570000320672989,simple
638,26_09_03_cell4_2_ch0,oreol,8,8,8,8.0,569.9285888671875,-44.098201751708984,-0.07180000096559525,simple
639,26_09_03_cell4_2_ch0,oreol,8,8,9,9.0,581.8214111328125,-32.20539855957031,-0.052400000393390656,simple
640,26_09_03_cell4_2_ch0,oreol,8,8,10,10.0,573.5714111328125,-40.45539855957031,-0.06589999794960022,simple
641,26_09_03_cell4_2_ch0,oreol,8,8,11,11.0,581.75,-32.276798248291016,-0.05260000005364418,simple
642,26_09_03_cell4_2_ch0,oreol,8,8,12,12.0,594.0,-20.02680015563965,-0.032600000500679016,simple
643,26_09_03_cell4_2_ch0,oreol,8,8,13,13.0,613.2857055664062,-0.741100013256073,-0.0012000000569969416,simple
644,26_09_03_cell4_2_ch0,oreol,8,8,14,14.0,614.1785888671875,0.1518000066280365,0.00019999999494757503,simple
645,26_09_03_cell4_2_ch0,oreol,8,8,15,15.0,603.3214111328125,-10.705400466918945,-0.017400000244379044,simple
646,26_09_03_cell4_2_ch0,oreol,8,8,16,16.0,602.3214111328125,-11.705400466918945,-0.019099999219179153,simple
647,26_09_03_cell4_2_ch0,oreol,8,8,17,17.0,613.4285888671875,-0.5982000231742859,-0.0010000000474974513,simple
648,26_09_03_cell4_2_ch0,oreol,8,8,18,18.0,621.5357055664062,7.508900165557861,0.012199999764561653,simple
649,26_09_03_cell4_2_ch0,oreol,8,8,19,19.0,643.75,29.72319984436035,0.04839999973773956,simple
650,26_09_03_cell4_2_ch0,oreol,8,8,20,20.0,632.3928833007812,18.366100311279297,0.029899999499320984,simple
651,26_09_03_cell4_2_ch0,oreol,8,8,21,21.0,612.8928833007812,-1.1339000463485718,-0.0017999999690800905,simple
652,26_09_03_cell4_2_ch0,oreol,8,8,22,22.0,633.5,19.47319984436035,0.031700000166893005,simple
653,26_09_03_cell4_2_ch0,oreol,8,8,23,23.0,624.0714111328125,10.044599533081055,0.01640000008046627,simple
654,26_09_03_cell4_2_ch0,oreol,8,8,24,24.0,633.7142944335938,19.6875,0.032099999487400055,simple
655,26_09_03_cell4_2_ch0,oreol,8,8,25,25.0,646.3571166992188,32.330299377441406,0.05270000174641609,simple
656,26_09_03_cell4_2_ch0,oreol,8,8,26,26.0,620.9642944335938,6.9375,0.011300000362098217,simple
657,26_09_03_cell4_2_ch0,oreol,8,8,27,27.0,612.75,-1.2768000364303589,-0.002099999925121665,simple
658,26_09_03_cell4_2_ch0,oreol,8,8,28,28.0,617.9285888671875,3.9017999172210693,0.006399999838322401,simple
659,26_09_03_cell4_2_ch0,oreol,8,8,29,29.0,617.8214111328125,3.794600009918213,0.006200000178068876,simple
660,26_09_03_cell4_2_ch0,oreol,8,8,30,30.0,610.6785888671875,-3.3482000827789307,-0.005499999970197678,simple
661,26_09_03_cell4_2_ch0,oreol,8,8,31,31.0,612.6071166992188,-1.419700026512146,-0.002300000051036477,simple
662,26_09_03_cell4_2_ch0,oreol,8,8,32,32.0,608.3214111328125,-5.705399990081787,-0.00930000003427267,simple
663,26_09_03_cell4_2_ch0,oreol,8,8,33,33.0,602.2142944335938,-11.8125,-0.019200000911951065,simple
664,26_09_03_cell4_2_ch0,oreol,8,8,34,34.0,600.6428833007812,-13.383899688720703,-0.021800000220537186,simple
665,26_09_03_cell4_2_ch0,oreol,8,8,35,35.0,593.6071166992188,-20.419700622558594,-0.0333000011742115,simple
666,26_09_03_cell4_2_ch0,oreol,8,8,36,36.0,588.1785888671875,-25.84819984436035,-0.042100001126527786,simple
667,26_09_03_cell4_2_ch0,oreol,8,8,37,37.0,583.4285888671875,-30.59819984436035,-0.049800001084804535,simple
668,26_09_03_cell4_2_ch0,oreol,8,8,38,38.0,577.5357055664062,-36.4911003112793,-0.05939999967813492,simple
669,26_09_03_cell4_2_ch0,oreol,8,8,39,39.0,564.4642944335938,-49.5625,-0.08070000261068344,simple
670,26_09_03_cell4_2_ch0,oreol,8,8,40,40.0,562.8214111328125,-51.20539855957031,-0.08340000361204147,simple
671,26_09_03_cell4_2_ch0,oreol,8,8,41,41.0,557.0,-57.026798248291016,-0.09290000051259995,simple
672,26_09_03_cell4_2_ch0,oreol,8,8,42,42.0,561.75,-52.276798248291016,-0.08510000258684158,simple
673,26_09_03_cell4_2_ch0,oreol,8,8,43,43.0,558.3571166992188,-55.669700622558594,-0.09070000052452087,simple
674,26_09_03_cell4_2_ch0,oreol,8,8,44,44.0,564.25,-49.776798248291016,-0.08110000193119049,simple
675,26_09_03_cell4_2_ch0,oreol,8,8,45,45.0,555.9642944335938,-58.0625,-0.09459999948740005,simple
676,26_09_03_cell4_2_ch0,oreol,8,8,46,46.0,558.1071166992188,-55.919700622558594,-0.09109999984502792,simple
677,26_09_03_cell4_2_ch0,oreol,8,8,47,47.0,557.7857055664062,-56.2411003112793,-0.09160000085830688,simple
678,26_09_03_cell4_2_ch0,oreol,8,8,48,48.0,561.8214111328125,-52.20539855957031,-0.08500000089406967,simple
679,26_09_03_cell4_2_ch0,oreol,8,8,49,49.0,547.9642944335938,-66.0625,-0.10760000348091125,simple
680,26_09_03_cell4_2_ch0,oreol,8,8,50,50.0,544.6785888671875,-69.34819793701172,-0.11289999634027481,simple
681,26_09_03_cell4_2_ch0,oreol,8,8,51,51.0,538.5,-75.52680206298828,-0.12300000339746475,simple
682,26_09_03_cell4_2_ch0,oreol,8,8,52,52.0,539.3214111328125,-74.70539855957031,-0.1216999962925911,simple
683,26_09_03_cell4_2_ch0,oreol,8,8,53,53.0,538.1428833007812,-75.88390350341797,-0.12359999865293503,simple
684,26_09_03_cell4_2_ch0,oreol,8,8,54,54.0,536.7142944335938,-77.3125,-0.125900000333786,simple
685,26_09_03_cell4_2_ch0,oreol,8,8,55,55.0,539.4642944335938,-74.5625,-0.12139999866485596,simple
686,26_09_03_cell4_2_ch0,oreol,8,8,56,56.0,535.1071166992188,-78.9197006225586,-0.12849999964237213,simple
687,26_09_03_cell4_2_ch0,oreol,8,8,57,57.0,537.8214111328125,-76.20539855957031,-0.12409999966621399,simple
688,26_09_03_cell4_2_ch0,oreol,8,8,58,58.0,538.9285888671875,-75.09819793701172,-0.12229999899864197,simple
689,26_09_03_cell4_2_ch0,oreol,8,8,59,59.0,536.5,-77.52680206298828,-0.12630000710487366,simple
690,26_09_03_cell4_2_ch0,oreol,8,8,60,60.0,534.6428833007812,-79.38390350341797,-0.12929999828338623,simple
691,26_09_03_cell4_2_ch0,oreol,8,8,61,61.0,529.6071166992188,-84.4197006225586,-0.13750000298023224,simple
692,26_09_03_cell4_2_ch0,oreol,8,8,62,62.0,526.0,-88.02680206298828,-0.14339999854564667,simple
693,26_09_03_cell4_2_ch0,oreol,8,8,63,63.0,529.0714111328125,-84.95539855957031,-0.13840000331401825,simple
694,26_09_03_cell4_2_ch0,oreol,8,8,64,64.0,519.6428833007812,-94.38390350341797,-0.15369999408721924,simple
695,26_09_03_cell4_2_ch0,oreol,8,8,65,65.0,521.5714111328125,-92.45539855957031,-0.15060000121593475,simple
696,26_09_03_cell4_2_ch0,oreol,8,8,66,66.0,519.1071166992188,-94.9197006225586,-0.15459999442100525,simple
697,26_09_03_cell4_2_ch0,oreol,8,8,67,67.0,516.5357055664062,-97.49109649658203,-0.15880000591278076,simple
698,26_09_03_cell4_2_ch0,oreol,8,8,68,68.0,517.4285888671875,-96.59819793701172,-0.15729999542236328,simple
699,26_09_03_cell4_2_ch0,oreol,8,8,69,69.0,514.5,-99.52680206298828,-0.16210000216960907,simple
700,26_09_03_cell4_2_ch0,oreol,8,8,70,70.0,528.3928833007812,-85.63390350341797,-0.13950000703334808,simple
701,26_09_03_cell4_2_ch0,oreol,8,8,71,71.0,518.0714111328125,-95.95539855957031,-0.15629999339580536,simple
702,26_09_03_cell4_2_ch0,oreol,8,8,72,72.0,514.1071166992188,-99.9197006225586,-0.16269999742507935,simple
703,26_09_03_cell4_2_ch0,oreol,8,8,73,73.0,514.7857055664062,-99.24109649658203,-0.1615999937057495,simple
704,26_09_03_cell4_2_ch0,oreol,8,8,74,74.0,512.6071166992188,-101.4197006225586,-0.16519999504089355,simple
705,26_09_03_cell4_2_ch0,oreol,8,8,75,75.0,516.75,-97.27680206298828,-0.15839999914169312,simple
706,26_09_03_cell4_2_ch0,oreol,8,8,76,76.0,515.9285888671875,-98.09819793701172,-0.1597999930381775,simple
707,26_09_03_cell4_2_ch0,oreol,8,8,77,77.0,516.3571166992188,-97.6697006225586,-0.1590999960899353,simple
708,26_09_03_cell4_2_ch0,oreol,8,8,78,78.0,515.0714111328125,-98.95539855957031,-0.16120000183582306,simple
709,26_09_03_cell4_2_ch0,oreol,8,8,79,79.0,518.6785888671875,-95.34819793701172,-0.15530000627040863,simple
710,26_09_03_cell4_2_ch0,oreol,8,8,80,80.0,515.6071166992188,-98.4197006225586,-0.16030000150203705,simple
711,26_09_03_cell4_2_ch0,oreol,8,8,81,81.0,513.1428833007812,-100.88390350341797,-0.16429999470710754,simple
712,26_09_03_cell4_2_ch0,oreol,8,8,82,82.0,509.0714111328125,-104.95539855957031,-0.17090000212192535,simple
713,26_09_03_cell4_2_ch0,oreol,8,8,83,83.0,510.1785888671875,-103.84819793701172,-0.16910000145435333,simple
714,26_09_03_cell4_2_ch0,oreol,8,8,84,84.0,505.46429443359375,-108.5625,-0.17679999768733978,simple
715,26_09_03_cell4_2_ch0,oreol,8,8,85,85.0,511.5714111328125,-102.45539855957031,-0.16689999401569366,simple
716,26_09_03_cell4_2_ch0,oreol,8,8,86,86.0,504.28570556640625,-109.74109649658203,-0.17870000004768372,simple
717,26_09_03_cell4_2_ch0,oreol,8,8,87,87.0,505.75,-108.27680206298828,-0.17630000412464142,simple
718,26_09_03_cell4_2_ch0,oreol,8,8,88,88.0,507.21429443359375,-106.8125,-0.17399999499320984,simple
719,26_09_03_cell4_2_ch0,oreol,8,8,90,89.0,499.0,-115.02680206298828,-0.18729999661445618,simple
720,26_09_03_cell4_2_ch0,oreol,9,28,0,0.0,305.0,13.75,0.047200001776218414,simple
721,26_09_03_cell4_2_ch0,oreol,9,28,1,1.0,320.0,28.75,0.09870000183582306,simple
722,26_09_03_cell4_2_ch0,oreol,9,28,2,2.0,263.0,-28.25,-0.09700000286102295,simple
723,26_09_03_cell4_2_ch0,oreol,9,28,3,3.0,277.0,-14.25,-0.048900000751018524,simple
724,26_09_03_cell4_2_ch0,oreol,9,28,4,4.0,272.0,-19.25,-0.06610000133514404,simple
725,26_09_03_cell4_2_ch0,oreol,9,28,5,5.0,294.0,2.75,0.009399999864399433,simple
726,26_09_03_cell4_2_ch0,oreol,9,28,6,6.0,279.0,-12.25,-0.042100001126527786,simple
727,26_09_03_cell4_2_ch0,oreol,9,28,7,7.0,276.0,-15.25,-0.052400000393390656,simple
728,26_09_03_cell4_2_ch0,oreol,9,28,8,8.0,302.0,10.75,0.03689999878406525,simple
729,26_09_03_cell4_2_ch0,oreol,9,28,9,9.0,301.0,9.75,0.03350000083446503,simple
730,26_09_03_cell4_2_ch0,oreol,9,28,10,10.0,293.0,1.75,0.006000000052154064,simple
731,26_09_03_cell4_2_ch0,oreol,9,28,11,11.0,284.0,-7.25,-0.024900000542402267,simple
732,26_09_03_cell4_2_ch0,oreol,9,28,12,12.0,320.0,28.75,0.09870000183582306,simple
733,26_09_03_cell4_2_ch0,oreol,9,28,13,13.0,308.0,16.75,0.057500001043081284,simple
734,26_09_03_cell4_2_ch0,oreol,9,28,14,14.0,324.0,32.75,0.11240000277757645,simple
735,26_09_03_cell4_2_ch0,oreol,9,28,15,15.0,302.0,10.75,0.03689999878406525,simple
736,26_09_03_cell4_2_ch0,oreol,9,28,16,16.0,326.0,34.75,0.1193000003695488,simple
737,26_09_03_cell4_2_ch0,oreol,9,28,17,17.0,351.0,59.75,0.20520000159740448,simple
738,26_09_03_cell4_2_ch0,oreol,9,28,18,18.0,346.0,54.75,0.18799999356269836,simple
739,26_09_03_cell4_2_ch0,oreol,9,28,19,19.0,367.0,75.75,0.26010000705718994,simple
740,26_09_03_cell4_2_ch0,oreol,9,28,20,20.0,371.0,79.75,0.27379998564720154,simple
741,26_09_03_cell4_2_ch0,oreol,9,28,21,21.0,355.0,63.75,0.21889999508857727,simple
742,26_09_03_cell4_2_ch0,oreol,9,28,22,22.0,352.0,60.75,0.2085999995470047,simple
743,26_09_03_cell4_2_ch0,oreol,9,28,23,23.0,378.0,86.75,0.29789999127388,simple
744,26_09_03_cell4_2_ch0,oreol,9,28,24,24.0,374.0,82.75,0.2840999960899353,simple
745,26_09_03_cell4_2_ch0,oreol,9,28,25,25.0,387.0,95.75,0.3287999927997589,simple
746,26_09_03_cell4_2_ch0,oreol,9,28,26,26.0,399.0,107.75,0.3700000047683716,simple
747,26_09_03_cell4_2_ch0,oreol,9,28,27,27.0,363.0,71.75,0.24639999866485596,simple
748,26_09_03_cell4_2_ch0,oreol,9,28,28,28.0,352.0,60.75,0.2085999995470047,simple
749,26_09_03_cell4_2_ch0,oreol,9,28,29,29.0,349.0,57.75,0.19830000400543213,simple
750,26_09_03_cell4_2_ch0,oreol,9,28,30,30.0,381.0,89.75,0.30820000171661377,simple
751,26_09_03_cell4_2_ch0,oreol,9,28,31,31.0,376.0,84.75,0.29100000858306885,simple
752,26_09_03_cell4_2_ch0,oreol,9,28,32,32.0,376.0,84.75,0.29100000858306885,simple
753,26_09_03_cell4_2_ch0,oreol,9,28,33,33.0,375.0,83.75,0.28760001063346863,simple
754,26_09_03_cell4_2_ch0,oreol,9,28,34,34.0,363.0,71.75,0.24639999866485596,simple
755,26_09_03_cell4_2_ch0,oreol,9,28,35,35.0,394.0,102.75,0.35280001163482666,simple
756,26_09_03_cell4_2_ch0,oreol,9,28,36,36.0,400.0,108.75,0.3734000027179718,simple
757,26_09_03_cell4_2_ch0,oreol,9,28,37,37.0,372.0,80.75,0.27730000019073486,simple
758,26_09_03_cell4_2_ch0,oreol,9,28,38,38.0,374.0,82.75,0.2840999960899353,simple
759,26_09_03_cell4_2_ch0,oreol,9,28,39,39.0,348.0,56.75,0.19480000436306,simple
760,26_09_03_cell4_2_ch0,oreol,9,28,40,40.0,346.0,54.75,0.18799999356269836,simple
761,26_09_03_cell4_2_ch0,oreol,9,28,41,41.0,341.0,49.75,0.17080000042915344,simple
762,26_09_03_cell4_2_ch0,oreol,9,28,42,42.0,373.0,81.75,0.2806999981403351,simple
763,26_09_03_cell4_2_ch0,oreol,9,28,43,43.0,354.0,62.75,0.21549999713897705,simple
764,26_09_03_cell4_2_ch0,oreol,9,28,44,44.0,359.0,67.75,0.23260000348091125,simple
765,26_09_03_cell4_2_ch0,oreol,9,28,45,45.0,345.0,53.75,0.18449999392032623,simple
766,26_09_03_cell4_2_ch0,oreol,9,28,46,46.0,354.0,62.75,0.21549999713897705,simple
767,26_09_03_cell4_2_ch0,oreol,9,28,47,47.0,346.0,54.75,0.18799999356269836,simple
768,26_09_03_cell4_2_ch0,oreol,9,28,48,48.0,357.0,65.75,0.22579999268054962,simple
769,26_09_03_cell4_2_ch0,oreol,9,28,49,49.0,359.0,67.75,0.23260000348091125,simple
770,26_09_03_cell4_2_ch0,oreol,9,28,50,50.0,371.0,79.75,0.27379998564720154,simple
771,26_09_03_cell4_2_ch0,oreol,9,28,51,51.0,345.0,53.75,0.18449999392032623,simple
772,26_09_03_cell4_2_ch0,oreol,9,28,52,52.0,327.0,35.75,0.12269999831914902,simple
773,26_09_03_cell4_2_ch0,oreol,9,28,53,53.0,368.0,76.75,0.26350000500679016,simple
774,26_09_03_cell4_2_ch0,oreol,9,28,54,54.0,350.0,58.75,0.20170000195503235,simple
775,26_09_03_cell4_2_ch0,oreol,9,28,55,55.0,339.0,47.75,0.1639000028371811,simple
776,26_09_03_cell4_2_ch0,oreol,9,28,56,56.0,363.0,71.75,0.24639999866485596,simple
777,26_09_03_cell4_2_ch0,oreol,9,28,57,57.0,318.0,26.75,0.09179999679327011,simple
778,26_09_03_cell4_2_ch0,oreol,9,28,58,58.0,335.0,43.75,0.1501999944448471,simple
779,26_09_03_cell4_2_ch0,oreol,9,28,59,59.0,323.0,31.75,0.10899999737739563,simple
780,26_09_03_cell4_2_ch0,oreol,9,28,60,60.0,322.0,30.75,0.10559999942779541,simple
781,26_09_03_cell4_2_ch0,oreol,9,28,61,61.0,339.0,47.75,0.1639000028371811,simple
782,26_09_03_cell4_2_ch0,oreol,9,28,62,62.0,340.0,48.75,0.16740000247955322,simple
783,26_09_03_cell4_2_ch0,oreol,9,28,63,63.0,314.0,22.75,0.07810000330209732,simple
784,26_09_03_cell4_2_ch0,oreol,9,28,64,64.0,321.0,29.75,0.10209999978542328,simple
785,26_09_03_cell4_2_ch0,oreol,9,28,65,65.0,301.0,9.75,0.03350000083446503,simple
786,26_09_03_cell4_2_ch0,oreol,9,28,66,66.0,273.0,-18.25,-0.06270000338554382,simple
787,26_09_03_cell4_2_ch0,oreol,9,28,67,67.0,292.0,0.75,0.0026000000070780516,simple
788,26_09_03_cell4_2_ch0,oreol,9,28,68,68.0,297.0,5.75,0.019700000062584877,simple
789,26_09_03_cell4_2_ch0,oreol,9,28,69,69.0,274.0,-17.25,-0.05920000001788139,simple
790,26_09_03_cell4_2_ch0,oreol,9,28,70,70.0,288.0,-3.25,-0.01119999960064888,simple
791,26_09_03_cell4_2_ch0,oreol,9,28,71,71.0,293.0,1.75,0.006000000052154064,simple
792,26_09_03_cell4_2_ch0,oreol,9,28,72,72.0,278.0,-13.25,-0.045499999076128006,simple
793,26_09_03_cell4_2_ch0,oreol,9,28,73,73.0,274.0,-17.25,-0.05920000001788139,simple
794,26_09_03_cell4_2_ch0,oreol,9,28,74,74.0,261.0,-30.25,-0.1039000004529953,simple
795,26_09_03_cell4_2_ch0,oreol,9,28,75,75.0,299.0,7.75,0.026599999517202377,simple
796,26_09_03_cell4_2_ch0,oreol,9,28,76,76.0,302.0,10.75,0.03689999878406525,simple
797,26_09_03_cell4_2_ch0,oreol,9,28,77,77.0,266.0,-25.25,-0.08669999986886978,simple
798,26_09_03_cell4_2_ch0,oreol,9,28,78,78.0,285.0,-6.25,-0.0215000007301569,simple
799,26_09_03_cell4_2_ch0,oreol,9,28,79,79.0,278.0,-13.25,-0.045499999076128006,simple
800,26_09_03_cell4_2_ch0,oreol,9,28,80,80.0,269.0,-22.25,-0.07639999687671661,simple
801,26_09_03_cell4_2_ch0,oreol,9,28,81,81.0,261.0,-30.25,-0.1039000004529953,simple
802,26_09_03_cell4_2_ch0,oreol,9,28,82,82.0,266.0,-25.25,-0.08669999986886978,simple
803,26_09_03_cell4_2_ch0,oreol,9,28,83,83.0,252.0,-39.25,-0.1348000019788742,simple
804,26_09_03_cell4_2_ch0,oreol,9,28,84,84.0,259.0,-32.25,-0.11069999635219574,simple
805,26_09_03_cell4_2_ch0,oreol,9,28,85,85.0,281.0,-10.25,-0.03519999980926514,simple
806,26_09_03_cell4_2_ch0,oreol,9,28,86,86.0,242.0,-49.25,-0.16910000145435333,simple
807,26_09_03_cell4_2_ch0,oreol,9,28,87,87.0,234.0,-57.25,-0.19660000503063202,simple
808,26_09_03_cell4_2_ch0,oreol,9,28,88,88.0,228.0,-63.25,-0.21719999611377716,simple
809,26_09_03_cell4_2_ch0,oreol,9,28,90,89.0,235.0,-56.25,-0.1931000053882599,simple
810,26_09_03_cell4_2_ch0,oreol,10,20,0,0.0,630.0665893554688,29.216699600219727,0.04859999939799309,simple
811,26_09_03_cell4_2_ch0,oreol,10,20,1,1.0,604.5999755859375,3.75,0.006200000178068876,simple
812,26_09_03_cell4_2_ch0,oreol,10,20,2,2.0,592.9334106445312,-7.916600227355957,-0.013199999928474426,simple
813,26_09_03_cell4_2_ch0,oreol,10,20,3,3.0,575.7999877929688,-25.049999237060547,-0.04170000180602074,simple
814,26_09_03_cell4_2_ch0,oreol,10,20,4,4.0,572.9334106445312,-27.91659927368164,-0.04650000110268593,simple
815,26_09_03_cell4_2_ch0,oreol,10,20,5,5.0,554.7999877929688,-46.04999923706055,-0.07660000026226044,simple
816,26_09_03_cell4_2_ch0,oreol,10,20,6,6.0,557.0,-43.849998474121094,-0.0729999989271164,simple
817,26_09_03_cell4_2_ch0,oreol,10,20,7,7.0,551.7333984375,-49.116600036621094,-0.08169999718666077,simple
818,26_09_03_cell4_2_ch0,oreol,10,20,8,8.0,602.2666015625,1.416700005531311,0.002400000113993883,simple
819,26_09_03_cell4_2_ch0,oreol,10,20,9,9.0,610.1334228515625,9.28339958190918,0.01549999974668026,simple
820,26_09_03_cell4_2_ch0,oreol,10,20,10,10.0,605.7999877929688,4.949999809265137,0.008200000040233135,simple
821,26_09_03_cell4_2_ch0,oreol,10,20,11,11.0,599.1334228515625,-1.716599941253662,-0.002899999963119626,simple
822,26_09_03_cell4_2_ch0,oreol,10,20,12,12.0,634.0,33.150001525878906,0.0551999993622303,simple
823,26_09_03_cell4_2_ch0,oreol,10,20,13,13.0,645.0,44.150001525878906,0.07349999994039536,simple
824,26_09_03_cell4_2_ch0,oreol,10,20,14,14.0,656.0665893554688,55.21670150756836,0.09189999848604202,simple
825,26_09_03_cell4_2_ch0,oreol,10,20,15,15.0,632.4666137695312,31.61669921875,0.05260000005364418,simple
826,26_09_03_cell4_2_ch0,oreol,10,20,16,16.0,646.5333862304688,45.68339920043945,0.07599999755620956,simple
827,26_09_03_cell4_2_ch0,oreol,10,20,17,17.0,672.3333129882812,71.4832992553711,0.11900000274181366,simple
828,26_09_03_cell4_2_ch0,oreol,10,20,18,18.0,706.2666015625,105.41670227050781,0.1754000037908554,simple
829,26_09_03_cell4_2_ch0,oreol,10,20,19,19.0,671.9334106445312,71.0833969116211,0.11829999834299088,simple
830,26_09_03_cell4_2_ch0,oreol,10,20,20,20.0,712.1334228515625,111.28340148925781,0.18520000576972961,simple
831,26_09_03_cell4_2_ch0,oreol,10,20,21,21.0,704.0665893554688,103.2166976928711,0.17180000245571136,simple
832,26_09_03_cell4_2_ch0,oreol,10,20,22,22.0,692.0665893554688,91.2166976928711,0.1518000066280365,simple
833,26_09_03_cell4_2_ch0,oreol,10,20,23,23.0,714.1334228515625,113.28340148925781,0.18850000202655792,simple
834,26_09_03_cell4_2_ch0,oreol,10,20,24,24.0,738.4666137695312,137.61669921875,0.2290000021457672,simple
835,26_09_03_cell4_2_ch0,oreol,10,20,25,25.0,723.9334106445312,123.0833969116211,0.20479999482631683,simple
836,26_09_03_cell4_2_ch0,oreol,10,20,26,26.0,685.2666015625,84.41670227050781,0.1404999941587448,simple
837,26_09_03_cell4_2_ch0,oreol,10,20,27,27.0,619.2000122070312,18.350000381469727,0.030500000342726707,simple
838,26_09_03_cell4_2_ch0,oreol,10,20,28,28.0,606.5999755859375,5.75,0.009600000455975533,simple
839,26_09_03_cell4_2_ch0,oreol,10,20,29,29.0,600.0,-0.8500000238418579,-0.00139999995008111,simple
840,26_09_03_cell4_2_ch0,oreol,10,20,30,30.0,593.0,-7.849999904632568,-0.013100000098347664,simple
841,26_09_03_cell4_2_ch0,oreol,10,20,31,31.0,595.9334106445312,-4.916600227355957,-0.008200000040233135,simple
842,26_09_03_cell4_2_ch0,oreol,10,20,32,32.0,582.3333129882812,-18.516700744628906,-0.030799999833106995,simple
843,26_09_03_cell4_2_ch0,oreol,10,20,33,33.0,586.4000244140625,-14.449999809265137,-0.024000000208616257,simple
844,26_09_03_cell4_2_ch0,oreol,10,20,34,34.0,572.1334228515625,-28.71660041809082,-0.04780000075697899,simple
845,26_09_03_cell4_2_ch0,oreol,10,20,35,35.0,575.4666137695312,-25.38330078125,-0.0421999990940094,simple
846,26_09_03_cell4_2_ch0,oreol,10,20,36,36.0,586.8665771484375,-13.98330020904541,-0.02329999953508377,simple
847,26_09_03_cell4_2_ch0,oreol,10,20,37,37.0,571.6666870117188,-29.183300018310547,-0.04859999939799309,simple
848,26_09_03_cell4_2_ch0,oreol,10,20,38,38.0,567.7999877929688,-33.04999923706055,-0.054999999701976776,simple
849,26_09_03_cell4_2_ch0,oreol,10,20,39,39.0,573.0,-27.850000381469727,-0.04639999940991402,simple
850,26_09_03_cell4_2_ch0,oreol,10,20,40,40.0,577.0,-23.850000381469727,-0.03970000147819519,simple
851,26_09_03_cell4_2_ch0,oreol,10,20,41,41.0,578.3333129882812,-22.516700744628906,-0.03750000149011612,simple
852,26_09_03_cell4_2_ch0,oreol,10,20,42,42.0,564.5333862304688,-36.31660079956055,-0.06040000170469284,simple
853,26_09_03_cell4_2_ch0,oreol,10,20,43,43.0,548.1334228515625,-52.71659851074219,-0.0877000018954277,simple
854,26_09_03_cell4_2_ch0,oreol,10,20,44,44.0,541.7999877929688,-59.04999923706055,-0.09830000251531601,simple
855,26_09_03_cell4_2_ch0,oreol,10,20,45,45.0,527.4666137695312,-73.38330078125,-0.12210000306367874,simple
856,26_09_03_cell4_2_ch0,oreol,10,20,46,46.0,532.5999755859375,-68.25,-0.1136000007390976,simple
857,26_09_03_cell4_2_ch0,oreol,10,20,47,47.0,531.6666870117188,-69.18329620361328,-0.11509999632835388,simple
858,26_09_03_cell4_2_ch0,oreol,10,20,48,48.0,523.8665771484375,-76.9832992553711,-0.12809999287128448,simple
859,26_09_03_cell4_2_ch0,oreol,10,20,49,49.0,526.9334106445312,-73.9166030883789,-0.12300000339746475,simple
860,26_09_03_cell4_2_ch0,oreol,10,20,50,50.0,523.8665771484375,-76.9832992553711,-0.12809999287128448,simple
861,26_09_03_cell4_2_ch0,oreol,10,20,51,51.0,534.2000122070312,-66.6500015258789,-0.11089999973773956,simple
862,26_09_03_cell4_2_ch0,oreol,10,20,52,52.0,537.7333984375,-63.116600036621094,-0.10499999672174454,simple
863,26_09_03_cell4_2_ch0,oreol,10,20,53,53.0,521.5999755859375,-79.25,-0.13189999759197235,simple
864,26_09_03_cell4_2_ch0,oreol,10,20,54,54.0,539.3333129882812,-61.516700744628906,-0.10239999741315842,simple
865,26_09_03_cell4_2_ch0,oreol,10,20,55,55.0,530.7333984375,-70.1166000366211,-0.11670000106096268,simple
866,26_09_03_cell4_2_ch0,oreol,10,20,56,56.0,511.20001220703125,-89.6500015258789,-0.14920000731945038,simple
867,26_09_03_cell4_2_ch0,oreol,10,20,57,57.0,518.4666137695312,-82.38330078125,-0.1370999962091446,simple
868,26_09_03_cell4_2_ch0,oreol,10,20,58,58.0,522.6666870117188,-78.18329620361328,-0.13009999692440033,simple
869,26_09_03_cell4_2_ch0,oreol,10,20,59,59.0,507.6000061035156,-93.25,-0.15520000457763672,simple
870,26_09_03_cell4_2_ch0,oreol,10,20,60,60.0,503.93328857421875,-96.91670227050781,-0.16130000352859497,simple
871,26_09_03_cell4_2_ch0,oreol,10,20,61,61.0,521.2666015625,-79.58329772949219,-0.13249999284744263,simple
872,26_09_03_cell4_2_ch0,oreol,10,20,62,62.0,527.7999877929688,-73.05000305175781,-0.12160000205039978,simple
873,26_09_03_cell4_2_ch0,oreol,10,20,63,63.0,517.9334106445312,-82.9166030883789,-0.1379999965429306,simple
874,26_09_03_cell4_2_ch0,oreol,10,20,64,64.0,513.9334106445312,-86.9166030883789,-0.14470000565052032,simple
875,26_09_03_cell4_2_ch0,oreol,10,20,65,65.0,514.6666870117188,-86.18329620361328,-0.14339999854564667,simple
876,26_09_03_cell4_2_ch0,oreol,10,20,66,66.0,508.53338623046875,-92.31659698486328,-0.15360000729560852,simple
877,26_09_03_cell4_2_ch0,oreol,10,20,67,67.0,512.4000244140625,-88.44999694824219,-0.14720000326633453,simple
878,26_09_03_cell4_2_ch0,oreol,10,20,68,68.0,517.3333129882812,-83.5167007446289,-0.13899999856948853,simple
879,26_09_03_cell4_2_ch0,oreol,10,20,69,69.0,502.46661376953125,-98.38330078125,-0.16369999945163727,simple
880,26_09_03_cell4_2_ch0,oreol,10,20,70,70.0,507.53338623046875,-93.31659698486328,-0.15530000627040863,simple
881,26_09_03_cell4_2_ch0,oreol,10,20,71,71.0,506.6665954589844,-94.18329620361328,-0.15680000185966492,simple
882,26_09_03_cell4_2_ch0,oreol,10,20,72,72.0,507.2666015625,-93.58329772949219,-0.155799999833107,simple
883,26_09_03_cell4_2_ch0,oreol,10,20,73,73.0,500.7333984375,-100.1166000366211,-0.16660000383853912,simple
884,26_09_03_cell4_2_ch0,oreol,10,20,74,74.0,492.3334045410156,-108.5166015625,-0.18060000240802765,simple
885,26_09_03_cell4_2_ch0,oreol,10,20,75,75.0,513.1334228515625,-87.71659851074219,-0.1459999978542328,simple
886,26_09_03_cell4_2_ch0,oreol,10,20,76,76.0,507.2666015625,-93.58329772949219,-0.155799999833107,simple
887,26_09_03_cell4_2_ch0,oreol,10,20,77,77.0,495.79998779296875,-105.05000305175781,-0.17479999363422394,simple
888,26_09_03_cell4_2_ch0,oreol,10,20,78,78.0,499.8666076660156,-100.9832992553711,-0.1680999994277954,simple
889,26_09_03_cell4_2_ch0,oreol,10,20,79,79.0,491.6665954589844,-109.18329620361328,-0.18170000612735748,simple
890,26_09_03_cell4_2_ch0,oreol,10,20,80,80.0,485.53338623046875,-115.31659698486328,-0.19189999997615814,simple
891,26_09_03_cell4_2_ch0,oreol,10,20,81,81.0,492.06671142578125,-108.7833023071289,-0.1809999942779541,simple
892,26_09_03_cell4_2_ch0,oreol,10,20,82,82.0,492.0,-108.8499984741211,-0.18119999766349792,simple
893,26_09_03_cell4_2_ch0,oreol,10,20,83,83.0,491.2666015625,-109.58329772949219,-0.18240000307559967,simple
894,26_09_03_cell4_2_ch0,oreol,10,20,84,84.0,488.79998779296875,-112.05000305175781,-0.18649999797344208,simple
895,26_09_03_cell4_2_ch0,oreol,10,20,85,85.0,480.79998779296875,-120.05000305175781,-0.19979999959468842,simple
896,26_09_03_cell4_2_ch0,oreol,10,20,86,86.0,475.20001220703125,-125.6500015258789,-0.20909999310970306,simple
897,26_09_03_cell4_2_ch0,oreol,10,20,87,87.0,471.1333923339844,-129.7165985107422,-0.2159000039100647,simple
898,26_09_03_cell4_2_ch0,oreol,10,20,88,88.0,473.6000061035156,-127.25,-0.2117999941110611,simple
899,26_09_03_cell4_2_ch0,oreol,10,20,90,89.0,465.93328857421875,-134.9167022705078,-0.22450000047683716,simple
900,26_09_03_cell4_2_ch0,oreol,11,75,0,0.0,395.89739990234375,15.467900276184082,0.040699999779462814,simple
901,26_09_03_cell4_2_ch0,oreol,11,75,1,1.0,385.3334045410156,4.903800010681152,0.012900000438094139,simple
902,26_09_03_cell4_2_ch0,oreol,11,75,2,2.0,375.74359130859375,-4.6859002113342285,-0.012299999594688416,simple
903,26_09_03_cell4_2_ch0,oreol,11,75,3,3.0,364.74359130859375,-15.68589973449707,-0.041200000792741776,simple
904,26_09_03_cell4_2_ch0,oreol,11,75,4,4.0,361.3590087890625,-19.070499420166016,-0.05009999871253967,simple
905,26_09_03_cell4_2_ch0,oreol,11,75,5,5.0,352.5127868652344,-27.91670036315918,-0.07339999824762344,simple
906,26_09_03_cell4_2_ch0,oreol,11,75,6,6.0,347.4101867675781,-33.0192985534668,-0.0868000015616417,simple
907,26_09_03_cell4_2_ch0,oreol,11,75,7,7.0,344.0513000488281,-36.37820053100586,-0.09560000151395798,simple
908,26_09_03_cell4_2_ch0,oreol,11,75,8,8.0,341.8717956542969,-38.557701110839844,-0.10140000283718109,simple
909,26_09_03_cell4_2_ch0,oreol,11,75,9,9.0,346.3334045410156,-34.09619903564453,-0.08959999680519104,simple
910,26_09_03_cell4_2_ch0,oreol,11,75,10,10.0,341.84619140625,-38.58330154418945,-0.10140000283718109,simple
911,26_09_03_cell4_2_ch0,oreol,11,75,11,11.0,342.2308044433594,-38.198699951171875,-0.10040000081062317,simple
912,26_09_03_cell4_2_ch0,oreol,11,75,12,12.0,346.1282043457031,-34.301300048828125,-0.09019999951124191,simple
913,26_09_03_cell4_2_ch0,oreol,11,75,13,13.0,359.89739990234375,-20.532100677490234,-0.05400000140070915,simple
914,26_09_03_cell4_2_ch0,oreol,11,75,14,14.0,351.6409912109375,-28.78849983215332,-0.07569999992847443,simple
915,26_09_03_cell4_2_ch0,oreol,11,75,15,15.0,354.0,-26.429500579833984,-0.06949999928474426,simple
916,26_09_03_cell4_2_ch0,oreol,11,75,16,16.0,367.5127868652344,-12.91670036315918,-0.03400000184774399,simple
917,26_09_03_cell4_2_ch0,oreol,11,75,17,17.0,375.4101867675781,-5.0192999839782715,-0.013199999928474426,simple
918,26_09_03_cell4_2_ch0,oreol,11,75,18,18.0,375.53839111328125,-4.89109992980957,-0.012900000438094139,simple
919,26_09_03_cell4_2_ch0,oreol,11,75,19,19.0,383.923095703125,3.4935998916625977,0.009200000204145908,simple
920,26_09_03_cell4_2_ch0,oreol,11,75,20,20.0,387.0513000488281,6.621799945831299,0.017400000244379044,simple
921,26_09_03_cell4_2_ch0,oreol,11,75,21,21.0,385.3334045410156,4.903800010681152,0.012900000438094139,simple
922,26_09_03_cell4_2_ch0,oreol,11,75,22,22.0,405.7691955566406,25.33970069885254,0.066600002348423,simple
923,26_09_03_cell4_2_ch0,oreol,11,75,23,23.0,393.5640869140625,13.134599685668945,0.03449999913573265,simple
924,26_09_03_cell4_2_ch0,oreol,11,75,24,24.0,404.46160888671875,24.031999588012695,0.06319999694824219,simple
925,26_09_03_cell4_2_ch0,oreol,11,75,25,25.0,409.10260009765625,28.673099517822266,0.07540000230073929,simple
926,26_09_03_cell4_2_ch0,oreol,11,75,26,26.0,388.7179870605469,8.28849983215332,0.021800000220537186,simple
927,26_09_03_cell4_2_ch0,oreol,11,75,27,27.0,385.076904296875,4.64739990234375,0.012199999764561653,simple
928,26_09_03_cell4_2_ch0,oreol,11,75,28,28.0,382.5127868652344,2.0833001136779785,0.005499999970197678,simple
929,26_09_03_cell4_2_ch0,oreol,11,75,29,29.0,371.923095703125,-8.506400108337402,-0.02239999920129776,simple
930,26_09_03_cell4_2_ch0,oreol,11,75,30,30.0,375.2308044433594,-5.198699951171875,-0.013700000010430813,simple
931,26_09_03_cell4_2_ch0,oreol,11,75,31,31.0,362.5127868652344,-17.91670036315918,-0.0471000000834465,simple
932,26_09_03_cell4_2_ch0,oreol,11,75,32,32.0,356.5127868652344,-23.91670036315918,-0.06289999932050705,simple
933,26_09_03_cell4_2_ch0,oreol,11,75,33,33.0,354.4359130859375,-25.993600845336914,-0.06830000132322311,simple
934,26_09_03_cell4_2_ch0,oreol,11,75,34,34.0,347.74359130859375,-32.6859016418457,-0.08590000122785568,simple
935,26_09_03_cell4_2_ch0,oreol,11,75,35,35.0,345.10260009765625,-35.326900482177734,-0.09290000051259995,simple
936,26_09_03_cell4_2_ch0,oreol,11,75,36,36.0,339.3846130371094,-41.044898986816406,-0.10790000110864639,simple
937,26_09_03_cell4_2_ch0,oreol,11,75,37,37.0,338.25640869140625,-42.173099517822266,-0.11089999973773956,simple
938,26_09_03_cell4_2_ch0,oreol,11,75,38,38.0,336.82049560546875,-43.60900115966797,-0.11460000276565552,simple
939,26_09_03_cell4_2_ch0,oreol,11,75,39,39.0,339.8717956542969,-40.557701110839844,-0.10660000145435333,simple
940,26_09_03_cell4_2_ch0,oreol,11,75,40,40.0,334.8717956542969,-45.557701110839844,-0.11980000138282776,simple
941,26_09_03_cell4_2_ch0,oreol,11,75,41,41.0,335.6409912109375,-44.78850173950195,-0.1177000030875206,simple
942,26_09_03_cell4_2_ch0,oreol,11,75,42,42.0,336.9743957519531,-43.455101013183594,-0.11420000344514847,simple
943,26_09_03_cell4_2_ch0,oreol,11,75,43,43.0,337.15380859375,-43.275699615478516,-0.11379999667406082,simple
944,26_09_03_cell4_2_ch0,oreol,11,75,44,44.0,338.076904296875,-42.35260009765625,-0.11129999905824661,simple
945,26_09_03_cell4_2_ch0,oreol,11,75,45,45.0,336.923095703125,-43.50640106201172,-0.1143999993801117,simple
946,26_09_03_cell4_2_ch0,oreol,11,75,46,46.0,334.46160888671875,-45.96799850463867,-0.12080000340938568,simple
947,26_09_03_cell4_2_ch0,oreol,11,75,47,47.0,333.15380859375,-47.275699615478516,-0.12430000305175781,simple
948,26_09_03_cell4_2_ch0,oreol,11,75,48,48.0,337.3334045410156,-43.09619903564453,-0.11330000311136246,simple
949,26_09_03_cell4_2_ch0,oreol,11,75,49,49.0,336.82049560546875,-43.60900115966797,-0.11460000276565552,simple
950,26_09_03_cell4_2_ch0,oreol,11,75,50,50.0,334.076904296875,-46.35260009765625,-0.121799997985363,simple
951,26_09_03_cell4_2_ch0,oreol,11,75,51,51.0,337.10260009765625,-43.326900482177734,-0.11389999836683273,simple
952,26_09_03_cell4_2_ch0,oreol,11,75,52,52.0,336.6665954589844,-43.76279830932617,-0.11500000208616257,simple
953,26_09_03_cell4_2_ch0,oreol,11,75,53,53.0,337.3334045410156,-43.09619903564453,-0.11330000311136246,simple
954,26_09_03_cell4_2_ch0,oreol,11,75,54,54.0,337.7947998046875,-42.63460159301758,-0.11209999769926071,simple
955,26_09_03_cell4_2_ch0,oreol,11,75,55,55.0,337.53839111328125,-42.8911018371582,-0.11270000040531158,simple
956,26_09_03_cell4_2_ch0,oreol,11,75,56,56.0,339.6665954589844,-40.76279830932617,-0.1071000024676323,simple
957,26_09_03_cell4_2_ch0,oreol,11,75,57,57.0,342.82049560546875,-37.60900115966797,-0.09889999777078629,simple
958,26_09_03_cell4_2_ch0,oreol,11,75,58,58.0,336.3846130371094,-44.044898986816406,-0.11580000072717667,simple
959,26_09_03_cell4_2_ch0,oreol,11,75,59,59.0,331.9486999511719,-48.48080062866211,-0.1273999959230423,simple
960,26_09_03_cell4_2_ch0,oreol,11,75,60,60.0,337.46160888671875,-42.96799850463867,-0.11289999634027481,simple
961,26_09_03_cell4_2_ch0,oreol,11,75,61,61.0,338.6922912597656,-41.73720169067383,-0.10970000177621841,simple
962,26_09_03_cell4_2_ch0,oreol,11,75,62,62.0,339.3334045410156,-41.09619903564453,-0.1080000028014183,simple
963,26_09_03_cell4_2_ch0,oreol,11,75,63,63.0,332.46160888671875,-47.96799850463867,-0.12610000371932983,simple
964,26_09_03_cell4_2_ch0,oreol,11,75,64,64.0,330.7947998046875,-49.63460159301758,-0.13050000369548798,simple
965,26_09_03_cell4_2_ch0,oreol,11,75,65,65.0,335.076904296875,-45.35260009765625,-0.11919999867677689,simple
966,26_09_03_cell4_2_ch0,oreol,11,75,66,66.0,337.9486999511719,-42.48080062866211,-0.11169999837875366,simple
967,26_09_03_cell4_2_ch0,oreol,11,75,67,67.0,332.6409912109375,-47.78850173950195,-0.12559999525547028,simple
968,26_09_03_cell4_2_ch0,oreol,11,75,68,68.0,336.3077087402344,-44.12179946899414,-0.11599999666213989,simple
969,26_09_03_cell4_2_ch0,oreol,11,75,69,69.0,339.5640869140625,-40.86539840698242,-0.10740000009536743,simple
970,26_09_03_cell4_2_ch0,oreol,11,75,70,70.0,339.0256042480469,-41.403900146484375,-0.1088000014424324,simple
971,26_09_03_cell4_2_ch0,oreol,11,75,71,71.0,335.4101867675781,-45.0192985534668,-0.11829999834299088,simple
972,26_09_03_cell4_2_ch0,oreol,11,75,72,72.0,332.46160888671875,-47.96799850463867,-0.12610000371932983,simple
973,26_09_03_cell4_2_ch0,oreol,11,75,73,73.0,328.7947998046875,-51.63460159301758,-0.13570000231266022,simple
974,26_09_03_cell4_2_ch0,oreol,11,75,74,74.0,329.2308044433594,-51.198699951171875,-0.13459999859333038,simple
975,26_09_03_cell4_2_ch0,oreol,11,75,75,75.0,322.6409912109375,-57.78850173950195,-0.15189999341964722,simple
976,26_09_03_cell4_2_ch0,oreol,11,75,76,76.0,325.74359130859375,-54.6859016418457,-0.1437000036239624,simple
977,26_09_03_cell4_2_ch0,oreol,11,75,77,77.0,327.0256042480469,-53.403900146484375,-0.1404000073671341,simple
978,26_09_03_cell4_2_ch0,oreol,11,75,78,78.0,331.5898132324219,-48.83980178833008,-0.12839999794960022,simple
979,26_09_03_cell4_2_ch0,oreol,11,75,79,79.0,326.4359130859375,-53.99359893798828,-0.14190000295639038,simple
980,26_09_03_cell4_2_ch0,oreol,11,75,80,80.0,330.6409912109375,-49.78850173950195,-0.13089999556541443,simple
981,26_09_03_cell4_2_ch0,oreol,11,75,81,81.0,318.10260009765625,-62.326900482177734,-0.16380000114440918,simple
982,26_09_03_cell4_2_ch0,oreol,11,75,82,82.0,321.7179870605469,-58.71160125732422,-0.1543000042438507,simple
983,26_09_03_cell4_2_ch0,oreol,11,75,83,83.0,320.4101867675781,-60.0192985534668,-0.15780000388622284,simple
984,26_09_03_cell4_2_ch0,oreol,11,75,84,84.0,333.5640869140625,-46.86539840698242,-0.12319999933242798,simple
985,26_09_03_cell4_2_ch0,oreol,11,75,85,85.0,332.53839111328125,-47.8911018371582,-0.125900000333786,simple
986,26_09_03_cell4_2_ch0,oreol,11,75,86,86.0,330.84619140625,-49.58330154418945,-0.13030000030994415,simple
987,26_09_03_cell4_2_ch0,oreol,11,75,87,87.0,333.82049560546875,-46.60900115966797,-0.12250000238418579,simple
988,26_09_03_cell4_2_ch0,oreol,11,75,88,88.0,333.9486999511719,-46.48080062866211,-0.12219999730587006,simple
989,26_09_03_cell4_2_ch0,oreol,11,75,90,89.0,345.3077087402344,-35.12179946899414,-0.09229999780654907,simple
990,26_09_03_cell4_2_ch0,oreol,12,142,0,0.0,341.5,17.41670036315918,0.053700000047683716,simple
991,26_09_03_cell4_2_ch0,oreol,12,142,1,1.0,325.6665954589844,1.583299994468689,0.004900000058114529,simple
992,26_09_03_cell4_2_ch0,oreol,12,142,2,2.0,325.1665954589844,1.083299994468689,0.0032999999821186066,simple
993,26_09_03_cell4_2_ch0,oreol,12,142,3,3.0,304.0,-20.08329963684082,-0.06199999898672104,simple
994,26_09_03_cell4_2_ch0,oreol,12,142,4,4.0,302.8334045410156,-21.25,-0.06560000032186508,simple
995,26_09_03_cell4_2_ch0,oreol,12,142,5,5.0,307.6665954589844,-16.41670036315918,-0.050700001418590546,simple
996,26_09_03_cell4_2_ch0,oreol,12,142,6,6.0,307.3334045410156,-16.75,-0.05169999971985817,simple
997,26_09_03_cell4_2_ch0,oreol,12,142,7,7.0,308.3334045410156,-15.75,-0.04859999939799309,simple
998,26_09_03_cell4_2_ch0,oreol,12,142,8,8.0,324.5,0.41670000553131104,0.0013000000035390258,simple
999,26_09_03_cell4_2_ch0,oreol,12,142,9,9.0,324.5,0.41670000553131104,0.0013000000035390258,simple
1000,26_09_03_cell4_2_ch0,oreol,12,142,10,10.0,334.5,10.41670036315918,0.032099999487400055,simple
1001,26_09_03_cell4_2_ch0,oreol,12,142,11,11.0,341.5,17.41670036315918,0.053700000047683716,simple
1002,26_09_03_cell4_2_ch0,oreol,12,142,12,12.0,343.6665954589844,19.58329963684082,0.06040000170469284,simple
1003,26_09_03_cell4_2_ch0,oreol,12,142,13,13.0,361.6665954589844,37.58330154418945,0.11599999666213989,simple
1004,26_09_03_cell4_2_ch0,oreol,12,142,14,14.0,349.8334045410156,25.75,0.0794999971985817,simple
1005,26_09_03_cell4_2_ch0,oreol,12,142,15,15.0,366.6665954589844,42.58330154418945,0.131400004029274,simple
1006,26_09_03_cell4_2_ch0,oreol,12,142,16,16.0,387.3334045410156,63.25,0.19519999623298645,simple
1007,26_09_03_cell4_2_ch0,oreol,12,142,17,17.0,397.3334045410156,73.25,0.22599999606609344,simple
1008,26_09_03_cell4_2_ch0,oreol,12,142,18,18.0,407.3334045410156,83.25,0.25690001249313354,simple
1009,26_09_03_cell4_2_ch0,oreol,12,142,19,19.0,408.1665954589844,84.08329772949219,0.25940001010894775,simple
1010,26_09_03_cell4_2_ch0,oreol,12,142,20,20.0,429.0,104.91670227050781,0.3237000107765198,simple
1011,26_09_03_cell4_2_ch0,oreol,12,142,21,21.0,448.3334045410156,124.25,0.38339999318122864,simple
1012,26_09_03_cell4_2_ch0,oreol,12,142,22,22.0,455.0,130.9167022705078,0.40400001406669617,simple
1013,26_09_03_cell4_2_ch0,oreol,12,142,23,23.0,476.0,151.9167022705078,0.46880000829696655,simple
1014,26_09_03_cell4_2_ch0,oreol,12,142,24,24.0,487.5,163.4167022705078,0.5041999816894531,simple
1015,26_09_03_cell4_2_ch0,oreol,12,142,25,25.0,538.6666870117188,214.58340454101562,0.6621000170707703,simple
1016,26_09_03_cell4_2_ch0,oreol,12,142,26,26.0,476.8334045410156,152.75,0.47130000591278076,simple
1017,26_09_03_cell4_2_ch0,oreol,12,142,27,27.0,413.0,88.91670227050781,0.274399995803833,simple
1018,26_09_03_cell4_2_ch0,oreol,12,142,28,28.0,389.5,65.41670227050781,0.20190000534057617,simple
1019,26_09_03_cell4_2_ch0,oreol,12,142,29,29.0,392.3334045410156,68.25,0.21060000360012054,simple
1020,26_09_03_cell4_2_ch0,oreol,12,142,30,30.0,366.3334045410156,42.25,0.13040000200271606,simple
1021,26_09_03_cell4_2_ch0,oreol,12,142,31,31.0,370.3334045410156,46.25,0.14270000159740448,simple
1022,26_09_03_cell4_2_ch0,oreol,12,142,32,32.0,355.5,31.41670036315918,0.09690000116825104,simple
1023,26_09_03_cell4_2_ch0,oreol,12,142,33,33.0,356.1665954589844,32.08330154418945,0.0989999994635582,simple
1024,26_09_03_cell4_2_ch0,oreol,12,142,34,34.0,347.8334045410156,23.75,0.07329999655485153,simple
1025,26_09_03_cell4_2_ch0,oreol,12,142,35,35.0,347.8334045410156,23.75,0.07329999655485153,simple
1026,26_09_03_cell4_2_ch0,oreol,12,142,36,36.0,357.0,32.91669845581055,0.10159999877214432,simple
1027,26_09_03_cell4_2_ch0,oreol,12,142,37,37.0,351.8334045410156,27.75,0.08560000360012054,simple
1028,26_09_03_cell4_2_ch0,oreol,12,142,38,38.0,345.8334045410156,21.75,0.06710000336170197,simple
1029,26_09_03_cell4_2_ch0,oreol,12,142,39,39.0,350.6665954589844,26.58329963684082,0.0820000022649765,simple
1030,26_09_03_cell4_2_ch0,oreol,12,142,40,40.0,348.6665954589844,24.58329963684082,0.07590000331401825,simple
1031,26_09_03_cell4_2_ch0,oreol,12,142,41,41.0,346.0,21.91670036315918,0.06759999692440033,simple
1032,26_09_03_cell4_2_ch0,oreol,12,142,42,42.0,349.6665954589844,25.58329963684082,0.07890000194311142,simple
1033,26_09_03_cell4_2_ch0,oreol,12,142,43,43.0,358.6665954589844,34.58330154418945,0.10670000314712524,simple
1034,26_09_03_cell4_2_ch0,oreol,12,142,44,44.0,340.5,16.41670036315918,0.050700001418590546,simple
1035,26_09_03_cell4_2_ch0,oreol,12,142,45,45.0,337.8334045410156,13.75,0.042399998754262924,simple
1036,26_09_03_cell4_2_ch0,oreol,12,142,46,46.0,340.8334045410156,16.75,0.05169999971985817,simple
1037,26_09_03_cell4_2_ch0,oreol,12,142,47,47.0,338.1665954589844,14.08329963684082,0.04349999874830246,simple
1038,26_09_03_cell4_2_ch0,oreol,12,142,48,48.0,337.8334045410156,13.75,0.042399998754262924,simple
1039,26_09_03_cell4_2_ch0,oreol,12,142,49,49.0,336.0,11.91670036315918,0.03680000081658363,simple
1040,26_09_03_cell4_2_ch0,oreol,12,142,50,50.0,334.3334045410156,10.25,0.031599998474121094,simple
1041,26_09_03_cell4_2_ch0,oreol,12,142,51,51.0,328.0,3.9166998863220215,0.01209999993443489,simple
1042,26_09_03_cell4_2_ch0,oreol,12,142,52,52.0,333.3334045410156,9.25,0.02850000001490116,simple
1043,26_09_03_cell4_2_ch0,oreol,12,142,53,53.0,324.8334045410156,0.75,0.002300000051036477,simple
1044,26_09_03_cell4_2_ch0,oreol,12,142,54,54.0,326.0,1.916700005531311,0.005900000222027302,simple
1045,26_09_03_cell4_2_ch0,oreol,12,142,55,55.0,330.6665954589844,6.5833001136779785,0.0203000009059906,simple
1046,26_09_03_cell4_2_ch0,oreol,12,142,56,56.0,320.0,-4.0833001136779785,-0.012600000016391277,simple
1047,26_09_03_cell4_2_ch0,oreol,12,142,57,57.0,331.3334045410156,7.25,0.02239999920129776,simple
1048,26_09_03_cell4_2_ch0,oreol,12,142,58,58.0,322.6665954589844,-1.416700005531311,-0.004399999976158142,simple
1049,26_09_03_cell4_2_ch0,oreol,12,142,59,59.0,327.0,2.9166998863220215,0.008999999612569809,simple
1050,26_09_03_cell4_2_ch0,oreol,12,142,60,60.0,314.0,-10.08329963684082,-0.031099999323487282,simple
1051,26_09_03_cell4_2_ch0,oreol,12,142,61,61.0,311.3334045410156,-12.75,-0.03929999843239784,simple
1052,26_09_03_cell4_2_ch0,oreol,12,142,62,62.0,326.8334045410156,2.75,0.008500000461935997,simple
1053,26_09_03_cell4_2_ch0,oreol,12,142,63,63.0,322.3334045410156,-1.75,-0.005400000140070915,simple
1054,26_09_03_cell4_2_ch0,oreol,12,142,64,64.0,330.3334045410156,6.25,0.019300000742077827,simple
1055,26_09_03_cell4_2_ch0,oreol,12,142,65,65.0,332.8334045410156,8.75,0.027000000700354576,simple
1056,26_09_03_cell4_2_ch0,oreol,12,142,66,66.0,327.1665954589844,3.0833001136779785,0.009499999694526196,simple
1057,26_09_03_cell4_2_ch0,oreol,12,142,67,67.0,333.3334045410156,9.25,0.02850000001490116,simple
1058,26_09_03_cell4_2_ch0,oreol,12,142,68,68.0,317.0,-7.0833001136779785,-0.021900000050663948,simple
1059,26_09_03_cell4_2_ch0,oreol,12,142,69,69.0,319.5,-4.5833001136779785,-0.014100000262260437,simple
1060,26_09_03_cell4_2_ch0,oreol,12,142,70,70.0,319.3334045410156,-4.75,-0.014700000174343586,simple
1061,26_09_03_cell4_2_ch0,oreol,12,142,71,71.0,314.1665954589844,-9.91670036315918,-0.03060000017285347,simple
1062,26_09_03_cell4_2_ch0,oreol,12,142,72,72.0,309.5,-14.58329963684082,-0.04500000178813934,simple
1063,26_09_03_cell4_2_ch0,oreol,12,142,73,73.0,309.6665954589844,-14.41670036315918,-0.04450000077486038,simple
1064,26_09_03_cell4_2_ch0,oreol,12,142,74,74.0,306.1665954589844,-17.91670036315918,-0.05530000105500221,simple
1065,26_09_03_cell4_2_ch0,oreol,12,142,75,75.0,314.3334045410156,-9.75,-0.03009999915957451,simple
1066,26_09_03_cell4_2_ch0,oreol,12,142,76,76.0,312.1665954589844,-11.91670036315918,-0.03680000081658363,simple
1067,26_09_03_cell4_2_ch0,oreol,12,142,77,77.0,314.8334045410156,-9.25,-0.02850000001490116,simple
1068,26_09_03_cell4_2_ch0,oreol,12,142,78,78.0,315.5,-8.58329963684082,-0.026499999687075615,simple
1069,26_09_03_cell4_2_ch0,oreol,12,142,79,79.0,310.3334045410156,-13.75,-0.042399998754262924,simple
1070,26_09_03_cell4_2_ch0,oreol,12,142,80,80.0,301.6665954589844,-22.41670036315918,-0.06920000165700912,simple
1071,26_09_03_cell4_2_ch0,oreol,12,142,81,81.0,302.5,-21.58329963684082,-0.066600002348423,simple
1072,26_09_03_cell4_2_ch0,oreol,12,142,82,82.0,313.5,-10.58329963684082,-0.03269999846816063,simple
1073,26_09_03_cell4_2_ch0,oreol,12,142,83,83.0,303.8334045410156,-20.25,-0.0625,simple
1074,26_09_03_cell4_2_ch0,oreol,12,142,84,84.0,302.0,-22.08329963684082,-0.06809999793767929,simple
1075,26_09_03_cell4_2_ch0,oreol,12,142,85,85.0,308.1665954589844,-15.91670036315918,-0.04910000041127205,simple
1076,26_09_03_cell4_2_ch0,oreol,12,142,86,86.0,291.1665954589844,-32.91669845581055,-0.10159999877214432,simple
1077,26_09_03_cell4_2_ch0,oreol,12,142,87,87.0,292.6665954589844,-31.41670036315918,-0.09690000116825104,simple
1078,26_09_03_cell4_2_ch0,oreol,12,142,88,88.0,289.1665954589844,-34.91669845581055,-0.10769999772310257,simple
1079,26_09_03_cell4_2_ch0,oreol,12,142,90,89.0,288.0,-36.08330154418945,-0.11129999905824661,simple
1080,26_09_03_cell4_2_ch0,oreol,13,149,0,0.0,385.5,28.75,0.08060000091791153,simple
1081,26_09_03_cell4_2_ch0,oreol,13,149,1,1.0,366.5,9.75,0.027300000190734863,simple
1082,26_09_03_cell4_2_ch0,oreol,13,149,2,2.0,345.0,-11.75,-0.03290000185370445,simple
1083,26_09_03_cell4_2_ch0,oreol,13,149,3,3.0,330.0,-26.75,-0.07500000298023224,simple
1084,26_09_03_cell4_2_ch0,oreol,13,149,4,4.0,322.0,-34.75,-0.09740000218153,simple
1085,26_09_03_cell4_2_ch0,oreol,13,149,5,5.0,332.0,-24.75,-0.06939999759197235,simple
1086,26_09_03_cell4_2_ch0,oreol,13,149,6,6.0,323.5,-33.25,-0.09319999814033508,simple
1087,26_09_03_cell4_2_ch0,oreol,13,149,7,7.0,331.5,-25.25,-0.07079999893903732,simple
1088,26_09_03_cell4_2_ch0,oreol,13,149,8,8.0,340.0,-16.75,-0.04699999839067459,simple
1089,26_09_03_cell4_2_ch0,oreol,13,149,9,9.0,359.0,2.25,0.006300000008195639,simple
1090,26_09_03_cell4_2_ch0,oreol,13,149,10,10.0,352.5,-4.25,-0.011900000274181366,simple
1091,26_09_03_cell4_2_ch0,oreol,13,149,11,11.0,356.0,-0.75,-0.002099999925121665,simple
1092,26_09_03_cell4_2_ch0,oreol,13,149,12,12.0,368.5,11.75,0.03290000185370445,simple
1093,26_09_03_cell4_2_ch0,oreol,13,149,13,13.0,389.0,32.25,0.09040000289678574,simple
1094,26_09_03_cell4_2_ch0,oreol,13,149,14,14.0,376.0,19.25,0.05400000140070915,simple
1095,26_09_03_cell4_2_ch0,oreol,13,149,15,15.0,390.5,33.75,0.09459999948740005,simple
1096,26_09_03_cell4_2_ch0,oreol,13,149,16,16.0,409.5,52.75,0.14790000021457672,simple
1097,26_09_03_cell4_2_ch0,oreol,13,149,17,17.0,417.0,60.25,0.1688999980688095,simple
1098,26_09_03_cell4_2_ch0,oreol,13,149,18,18.0,409.5,52.75,0.14790000021457672,simple
1099,26_09_03_cell4_2_ch0,oreol,13,149,19,19.0,422.0,65.25,0.18289999663829803,simple
1100,26_09_03_cell4_2_ch0,oreol,13,149,20,20.0,460.0,103.25,0.28940001130104065,simple
1101,26_09_03_cell4_2_ch0,oreol,13,149,21,21.0,470.0,113.25,0.3174000084400177,simple
1102,26_09_03_cell4_2_ch0,oreol,13,149,22,22.0,465.5,108.75,0.30480000376701355,simple
1103,26_09_03_cell4_2_ch0,oreol,13,149,23,23.0,516.5,159.75,0.44780001044273376,simple
1104,26_09_03_cell4_2_ch0,oreol,13,149,24,24.0,529.5,172.75,0.48420000076293945,simple
1105,26_09_03_cell4_2_ch0,oreol,13,149,25,25.0,571.5,214.75,0.6019999980926514,simple
1106,26_09_03_cell4_2_ch0,oreol,13,149,26,26.0,485.5,128.75,0.36090001463890076,simple
1107,26_09_03_cell4_2_ch0,oreol,13,149,27,27.0,427.5,70.75,0.19830000400543213,simple
1108,26_09_03_cell4_2_ch0,oreol,13,149,28,28.0,393.0,36.25,0.10159999877214432,simple
1109,26_09_03_cell4_2_ch0,oreol,13,149,29,29.0,383.5,26.75,0.07500000298023224,simple
1110,26_09_03_cell4_2_ch0,oreol,13,149,30,30.0,375.0,18.25,0.05119999870657921,simple
1111,26_09_03_cell4_2_ch0,oreol,13,149,31,31.0,371.0,14.25,0.039900001138448715,simple
1112,26_09_03_cell4_2_ch0,oreol,13,149,32,32.0,355.5,-1.25,-0.0035000001080334187,simple
1113,26_09_03_cell4_2_ch0,oreol,13,149,33,33.0,370.0,13.25,0.03709999844431877,simple
1114,26_09_03_cell4_2_ch0,oreol,13,149,34,34.0,354.0,-2.75,-0.007699999958276749,simple
1115,26_09_03_cell4_2_ch0,oreol,13,149,35,35.0,366.0,9.25,0.02590000070631504,simple
1116,26_09_03_cell4_2_ch0,oreol,13,149,36,36.0,348.5,-8.25,-0.023099999874830246,simple
1117,26_09_03_cell4_2_ch0,oreol,13,149,37,37.0,338.5,-18.25,-0.05119999870657921,simple
1118,26_09_03_cell4_2_ch0,oreol,13,149,38,38.0,345.0,-11.75,-0.03290000185370445,simple
1119,26_09_03_cell4_2_ch0,oreol,13,149,39,39.0,344.5,-12.25,-0.034299999475479126,simple
1120,26_09_03_cell4_2_ch0,oreol,13,149,40,40.0,346.0,-10.75,-0.03009999915957451,simple
1121,26_09_03_cell4_2_ch0,oreol,13,149,41,41.0,348.0,-8.75,-0.02449999935925007,simple
1122,26_09_03_cell4_2_ch0,oreol,13,149,42,42.0,365.5,8.75,0.02449999935925007,simple
1123,26_09_03_cell4_2_ch0,oreol,13,149,43,43.0,368.0,11.25,0.03150000050663948,simple
1124,26_09_03_cell4_2_ch0,oreol,13,149,44,44.0,360.5,3.75,0.010499999858438969,simple
1125,26_09_03_cell4_2_ch0,oreol,13,149,45,45.0,352.0,-4.75,-0.013299999758601189,simple
1126,26_09_03_cell4_2_ch0,oreol,13,149,46,46.0,372.0,15.25,0.04270000010728836,simple
1127,26_09_03_cell4_2_ch0,oreol,13,149,47,47.0,370.0,13.25,0.03709999844431877,simple
1128,26_09_03_cell4_2_ch0,oreol,13,149,48,48.0,372.5,15.75,0.04410000145435333,simple
1129,26_09_03_cell4_2_ch0,oreol,13,149,49,49.0,353.0,-3.75,-0.010499999858438969,simple
1130,26_09_03_cell4_2_ch0,oreol,13,149,50,50.0,366.0,9.25,0.02590000070631504,simple
1131,26_09_03_cell4_2_ch0,oreol,13,149,51,51.0,357.5,0.75,0.002099999925121665,simple
1132,26_09_03_cell4_2_ch0,oreol,13,149,52,52.0,362.5,5.75,0.016100000590085983,simple
1133,26_09_03_cell4_2_ch0,oreol,13,149,53,53.0,358.5,1.75,0.004900000058114529,simple
1134,26_09_03_cell4_2_ch0,oreol,13,149,54,54.0,353.5,-3.25,-0.009100000374019146,simple
1135,26_09_03_cell4_2_ch0,oreol,13,149,55,55.0,369.5,12.75,0.0357000008225441,simple
1136,26_09_03_cell4_2_ch0,oreol,13,149,56,56.0,372.0,15.25,0.04270000010728836,simple
1137,26_09_03_cell4_2_ch0,oreol,13,149,57,57.0,373.0,16.25,0.04560000076889992,simple
1138,26_09_03_cell4_2_ch0,oreol,13,149,58,58.0,362.0,5.25,0.014700000174343586,simple
1139,26_09_03_cell4_2_ch0,oreol,13,149,59,59.0,380.0,23.25,0.06520000100135803,simple
1140,26_09_03_cell4_2_ch0,oreol,13,149,60,60.0,352.0,-4.75,-0.013299999758601189,simple
1141,26_09_03_cell4_2_ch0,oreol,13,149,61,61.0,366.5,9.75,0.027300000190734863,simple
1142,26_09_03_cell4_2_ch0,oreol,13,149,62,62.0,384.5,27.75,0.07779999822378159,simple
1143,26_09_03_cell4_2_ch0,oreol,13,149,63,63.0,378.5,21.75,0.061000000685453415,simple
1144,26_09_03_cell4_2_ch0,oreol,13,149,64,64.0,356.5,-0.25,-0.000699999975040555,simple
1145,26_09_03_cell4_2_ch0,oreol,13,149,65,65.0,373.0,16.25,0.04560000076889992,simple
1146,26_09_03_cell4_2_ch0,oreol,13,149,66,66.0,370.0,13.25,0.03709999844431877,simple
1147,26_09_03_cell4_2_ch0,oreol,13,149,67,67.0,367.0,10.25,0.028699999675154686,simple
1148,26_09_03_cell4_2_ch0,oreol,13,149,68,68.0,369.5,12.75,0.0357000008225441,simple
1149,26_09_03_cell4_2_ch0,oreol,13,149,69,69.0,371.5,14.75,0.04129999876022339,simple
1150,26_09_03_cell4_2_ch0,oreol,13,149,70,70.0,369.0,12.25,0.034299999475479126,simple
1151,26_09_03_cell4_2_ch0,oreol,13,149,71,71.0,366.0,9.25,0.02590000070631504,simple
1152,26_09_03_cell4_2_ch0,oreol,13,149,72,72.0,373.5,16.75,0.04699999839067459,simple
1153,26_09_03_cell4_2_ch0,oreol,13,149,73,73.0,376.0,19.25,0.05400000140070915,simple
1154,26_09_03_cell4_2_ch0,oreol,13,149,74,74.0,368.0,11.25,0.03150000050663948,simple
1155,26_09_03_cell4_2_ch0,oreol,13,149,75,75.0,387.5,30.75,0.08619999885559082,simple
1156,26_09_03_cell4_2_ch0,oreol,13,149,76,76.0,382.0,25.25,0.07079999893903732,simple
1157,26_09_03_cell4_2_ch0,oreol,13,149,77,77.0,358.5,1.75,0.004900000058114529,simple
1158,26_09_03_cell4_2_ch0,oreol,13,149,78,78.0,391.0,34.25,0.09600000083446503,simple
1159,26_09_03_cell4_2_ch0,oreol,13,149,79,79.0,406.0,49.25,0.13809999823570251,simple
1160,26_09_03_cell4_2_ch0,oreol,13,149,80,80.0,379.5,22.75,0.06379999965429306,simple
1161,26_09_03_cell4_2_ch0,oreol,13,149,81,81.0,381.5,24.75,0.06939999759197235,simple
1162,26_09_03_cell4_2_ch0,oreol,13,149,82,82.0,392.0,35.25,0.09880000352859497,simple
1163,26_09_03_cell4_2_ch0,oreol,13,149,83,83.0,393.5,36.75,0.10300000011920929,simple
1164,26_09_03_cell4_2_ch0,oreol,13,149,84,84.0,376.0,19.25,0.05400000140070915,simple
1165,26_09_03_cell4_2_ch0,oreol,13,149,85,85.0,383.0,26.25,0.07360000163316727,simple
1166,26_09_03_cell4_2_ch0,oreol,13,149,86,86.0,379.0,22.25,0.06239999830722809,simple
1167,26_09_03_cell4_2_ch0,oreol,13,149,87,87.0,373.5,16.75,0.04699999839067459,simple
1168,26_09_03_cell4_2_ch0,oreol,13,149,88,88.0,365.0,8.25,0.023099999874830246,simple
1169,26_09_03_cell4_2_ch0,oreol,13,149,90,89.0,364.0,7.25,0.0203000009059906,simple
1170,26_09_03_cell4_2_ch0,oreol,1,513,0,0.0,460.1494140625,20.20709991455078,0.04600000008940697,dietrich
1171,26_09_03_cell4_2_ch0,oreol,1,513,1,1.0,443.2255859375,3.2832000255584717,0.007400000002235174,dietrich
1172,26_09_03_cell4_2_ch0,oreol,1,513,2,2.0,438.7804870605469,-1.1618000268936157,-0.0026000000070780516,dietrich
1173,26_09_03_cell4_2_ch0,oreol,1,513,3,3.0,431.8221130371094,-8.120200157165527,-0.018300000578165054,dietrich
1174,26_09_03_cell4_2_ch0,oreol,1,513,4,4.0,409.3573913574219,-30.584999084472656,-0.06849999725818634,dietrich
1175,26_09_03_cell4_2_ch0,oreol,1,513,5,5.0,408.1426086425781,-31.799800872802734,-0.07100000232458115,dietrich
1176,26_09_03_cell4_2_ch0,oreol,1,513,6,6.0,401.80810546875,-38.13420104980469,-0.08479999750852585,dietrich
1177,26_09_03_cell4_2_ch0,oreol,1,513,7,7.0,408.2336120605469,-31.70870018005371,-0.07029999792575836,dietrich
1178,26_09_03_cell4_2_ch0,oreol,1,513,8,8.0,427.9231872558594,-12.019200325012207,-0.026599999517202377,dietrich
1179,26_09_03_cell4_2_ch0,oreol,1,513,9,9.0,398.3797912597656,-41.5625,-0.0917000025510788,dietrich
1180,26_09_03_cell4_2_ch0,oreol,1,513,10,10.0,404.8561096191406,-35.08620071411133,-0.07729999721050262,dietrich
1181,26_09_03_cell4_2_ch0,oreol,1,513,11,11.0,413.47900390625,-26.463300704956055,-0.05820000171661377,dietrich
1182,26_09_03_cell4_2_ch0,oreol,1,513,12,12.0,425.6246032714844,-14.317700386047363,-0.03139999881386757,dietrich
1183,26_09_03_cell4_2_ch0,oreol,1,513,13,13.0,448.4187927246094,8.476400375366211,0.01860000006854534,dietrich
1184,26_09_03_cell4_2_ch0,oreol,1,513,14,14.0,428.1112060546875,-11.831100463867188,-0.02590000070631504,dietrich
1185,26_09_03_cell4_2_ch0,oreol,1,513,15,15.0,452.95159912109375,13.009300231933594,0.02850000001490116,dietrich
1186,26_09_03_cell4_2_ch0,oreol,1,513,16,16.0,450.8139953613281,10.871600151062012,0.023800000548362732,dietrich
1187,26_09_03_cell4_2_ch0,oreol,1,513,17,17.0,457.0715026855469,17.129199981689453,0.03759999945759773,dietrich
1188,26_09_03_cell4_2_ch0,oreol,1,513,18,18.0,438.347412109375,-1.5950000286102295,-0.0035000001080334187,dietrich
1189,26_09_03_cell4_2_ch0,oreol,1,513,19,19.0,463.0140075683594,23.071699142456055,0.050700001418590546,dietrich
1190,26_09_03_cell4_2_ch0,oreol,1,513,20,20.0,455.4433898925781,15.501099586486816,0.0340999998152256,dietrich
1191,26_09_03_cell4_2_ch0,oreol,1,513,21,21.0,453.75738525390625,13.815099716186523,0.030400000512599945,dietrich
1192,26_09_03_cell4_2_ch0,oreol,1,513,22,22.0,451.82720947265625,11.884900093078613,0.026200000196695328,dietrich
1193,26_09_03_cell4_2_ch0,oreol,1,513,23,23.0,440.0238037109375,0.08150000125169754,0.00019999999494757503,dietrich
1194,26_09_03_cell4_2_ch0,oreol,1,513,24,24.0,447.0928039550781,7.1504998207092285,0.015799999237060547,dietrich
1195,26_09_03_cell4_2_ch0,oreol,1,513,25,25.0,438.27960205078125,-1.6627999544143677,-0.003700000001117587,dietrich
1196,26_09_03_cell4_2_ch0,oreol,1,513,26,26.0,428.8290100097656,-11.113300323486328,-0.024800000712275505,dietrich
1197,26_09_03_cell4_2_ch0,oreol,1,513,27,27.0,441.7361145019531,1.7937999963760376,0.004000000189989805,dietrich
1198,26_09_03_cell4_2_ch0,oreol,1,513,28,28.0,427.7453918457031,-12.196999549865723,-0.027400000020861626,dietrich
1199,26_09_03_cell4_2_ch0,oreol,1,513,29,29.0,434.7261962890625,-5.21619987487793,-0.011699999682605267,dietrich
1200,26_09_03_cell4_2_ch0,oreol,1,513,30,30.0,429.7976989746094,-10.144599914550781,-0.02290000021457672,dietrich
1201,26_09_03_cell4_2_ch0,oreol,1,513,31,31.0,421.5791931152344,-18.36319923400879,-0.04170000180602074,dietrich
1202,26_09_03_cell4_2_ch0,oreol,1,513,32,32.0,409.18939208984375,-30.753000259399414,-0.07010000199079514,dietrich
1203,26_09_03_cell4_2_ch0,oreol,1,513,33,33.0,432.2471923828125,-7.695099830627441,-0.01759999990463257,dietrich
1204,26_09_03_cell4_2_ch0,oreol,1,513,34,34.0,427.2466125488281,-12.695699691772461,-0.029200000688433647,dietrich
1205,26_09_03_cell4_2_ch0,oreol,1,513,35,35.0,436.05621337890625,-3.885999917984009,-0.008999999612569809,dietrich
1206,26_09_03_cell4_2_ch0,oreol,1,513,36,36.0,437.2948913574219,-2.64739990234375,-0.006099999882280827,dietrich
1207,26_09_03_cell4_2_ch0,oreol,1,513,37,37.0,456.5812072753906,16.638900756835938,0.03880000114440918,dietrich
1208,26_09_03_cell4_2_ch0,oreol,1,513,38,38.0,460.1592102050781,20.216899871826172,0.04740000143647194,dietrich
1209,26_09_03_cell4_2_ch0,oreol,1,513,39,39.0,453.6474914550781,13.7052001953125,0.03229999914765358,dietrich
1210,26_09_03_cell4_2_ch0,oreol,1,513,40,40.0,460.9151916503906,20.97279930114746,0.04969999939203262,dietrich
1211,26_09_03_cell4_2_ch0,oreol,1,513,41,41.0,459.331298828125,19.388999938964844,0.04619999974966049,dietrich
1212,26_09_03_cell4_2_ch0,oreol,1,513,42,42.0,482.8900146484375,42.94770050048828,0.10289999842643738,dietrich
1213,26_09_03_cell4_2_ch0,oreol,1,513,43,43.0,492.7107849121094,52.76850128173828,0.12710000574588776,dietrich
1214,26_09_03_cell4_2_ch0,oreol,1,513,44,44.0,499.7882080078125,59.84579849243164,0.14499999582767487,dietrich
1215,26_09_03_cell4_2_ch0,oreol,1,513,45,45.0,501.6169128417969,61.674598693847656,0.15029999613761902,dietrich
1216,26_09_03_cell4_2_ch0,oreol,1,513,46,46.0,508.4419860839844,68.49970245361328,0.16779999434947968,dietrich
1217,26_09_03_cell4_2_ch0,oreol,1,513,47,47.0,526.3837890625,86.44149780273438,0.21299999952316284,dietrich
1218,26_09_03_cell4_2_ch0,oreol,1,513,48,48.0,516.56298828125,76.62069702148438,0.1898999959230423,dietrich
1219,26_09_03_cell4_2_ch0,oreol,1,513,49,49.0,517.7254028320312,77.78309631347656,0.193900004029274,dietrich
1220,26_09_03_cell4_2_ch0,oreol,1,513,50,50.0,503.1173095703125,63.17499923706055,0.15839999914169312,dietrich
1221,26_09_03_cell4_2_ch0,oreol,1,513,51,51.0,502.61041259765625,62.667999267578125,0.15800000727176666,dietrich
1222,26_09_03_cell4_2_ch0,oreol,1,513,52,52.0,509.20159912109375,69.2593002319336,0.17560000717639923,dietrich
1223,26_09_03_cell4_2_ch0,oreol,1,513,53,53.0,491.26361083984375,51.3213005065918,0.13079999387264252,dietrich
1224,26_09_03_cell4_2_ch0,oreol,1,513,54,54.0,488.919189453125,48.976898193359375,0.12549999356269836,dietrich
1225,26_09_03_cell4_2_ch0,oreol,1,513,55,55.0,481.91680908203125,41.9744987487793,0.10819999873638153,dietrich
1226,26_09_03_cell4_2_ch0,oreol,1,513,56,56.0,482.25531005859375,42.3129997253418,0.1096000000834465,dietrich
1227,26_09_03_cell4_2_ch0,oreol,1,513,57,57.0,471.8092041015625,31.866899490356445,0.08299999684095383,dietrich
1228,26_09_03_cell4_2_ch0,oreol,1,513,58,58.0,475.2033996582031,35.26110076904297,0.09229999780654907,dietrich
1229,26_09_03_cell4_2_ch0,oreol,1,513,59,59.0,461.9385986328125,21.996299743652344,0.05790000036358833,dietrich
1230,26_09_03_cell4_2_ch0,oreol,1,513,60,60.0,469.7659912109375,29.823699951171875,0.07890000194311142,dietrich
1231,26_09_03_cell4_2_ch0,oreol,1,513,61,61.0,457.6872863769531,17.7450008392334,0.047200001776218414,dietrich
1232,26_09_03_cell4_2_ch0,oreol,1,513,62,62.0,442.5799865722656,2.637700080871582,0.0071000000461936,dietrich
1233,26_09_03_cell4_2_ch0,oreol,1,513,63,63.0,454.0723876953125,14.130000114440918,0.03799999877810478,dietrich
1234,26_09_03_cell4_2_ch0,oreol,1,513,64,64.0,437.5430908203125,-2.399199962615967,-0.006500000134110451,dietrich
1235,26_09_03_cell4_2_ch0,oreol,1,513,65,65.0,440.24700927734375,0.30469998717308044,0.0007999999797903001,dietrich
1236,26_09_03_cell4_2_ch0,oreol,1,513,66,66.0,444.18939208984375,4.247000217437744,0.011599999852478504,dietrich
1237,26_09_03_cell4_2_ch0,oreol,1,513,67,67.0,436.1263122558594,-3.815999984741211,-0.010499999858438969,dietrich
1238,26_09_03_cell4_2_ch0,oreol,1,513,68,68.0,417.5649108886719,-22.377399444580078,-0.06159999966621399,dietrich
1239,26_09_03_cell4_2_ch0,oreol,1,513,69,69.0,416.5129089355469,-23.429399490356445,-0.06480000168085098,dietrich
1240,26_09_03_cell4_2_ch0,oreol,1,513,70,70.0,432.47900390625,-7.4633002281188965,-0.020800000056624413,dietrich
1241,26_09_03_cell4_2_ch0,oreol,1,513,71,71.0,438.9728088378906,-0.9695000052452087,-0.0027000000700354576,dietrich
1242,26_09_03_cell4_2_ch0,oreol,1,513,72,72.0,452.1299133300781,12.187600135803223,0.034299999475479126,dietrich
1243,26_09_03_cell4_2_ch0,oreol,1,513,73,73.0,461.71160888671875,21.76930046081543,0.061500001698732376,dietrich
1244,26_09_03_cell4_2_ch0,oreol,1,513,74,74.0,459.35540771484375,19.413000106811523,0.0551999993622303,dietrich
1245,26_09_03_cell4_2_ch0,oreol,1,513,75,75.0,454.0745849609375,14.132200241088867,0.04039999842643738,dietrich
1246,26_09_03_cell4_2_ch0,oreol,1,513,76,76.0,447.5086975097656,7.566400051116943,0.021800000220537186,dietrich
1247,26_09_03_cell4_2_ch0,oreol,1,513,77,77.0,440.2981872558594,0.35589998960494995,0.0010000000474974513,dietrich
1248,26_09_03_cell4_2_ch0,oreol,1,513,78,78.0,441.3345947265625,1.392300009727478,0.004100000020116568,dietrich
1249,26_09_03_cell4_2_ch0,oreol,1,513,79,79.0,436.38580322265625,-3.5566000938415527,-0.010499999858438969,dietrich
1250,26_09_03_cell4_2_ch0,oreol,1,513,80,80.0,442.84521484375,2.902899980545044,0.00860000029206276,dietrich
1251,26_09_03_cell4_2_ch0,oreol,1,513,81,81.0,449.6080017089844,9.665599822998047,0.02889999933540821,dietrich
1252,26_09_03_cell4_2_ch0,oreol,1,513,82,82.0,440.6951904296875,0.7527999877929688,0.002300000051036477,dietrich
1253,26_09_03_cell4_2_ch0,oreol,1,513,83,83.0,437.0039978027344,-2.9382998943328857,-0.008999999612569809,dietrich
1254,26_09_03_cell4_2_ch0,oreol,1,513,84,84.0,427.18328857421875,-12.758999824523926,-0.03929999843239784,dietrich
1255,26_09_03_cell4_2_ch0,oreol,1,513,85,85.0,423.2575988769531,-16.68470001220703,-0.052000001072883606,dietrich
1256,26_09_03_cell4_2_ch0,oreol,1,513,86,86.0,430.62811279296875,-9.314200401306152,-0.029400000348687172,dietrich
1257,26_09_03_cell4_2_ch0,oreol,1,513,87,87.0,448.1971130371094,8.254799842834473,0.026399999856948853,dietrich
1258,26_09_03_cell4_2_ch0,oreol,1,513,88,88.0,424.368408203125,-15.57390022277832,-0.050700001418590546,dietrich
1259,26_09_03_cell4_2_ch0,oreol,1,513,90,89.0,442.5470886230469,2.60479998588562,0.00860000029206276,dietrich
1260,26_09_03_cell4_2_ch0,oreol,2,174,0,0.0,640.0703735351562,12.950400352478027,0.020600000396370888,dietrich
1261,26_09_03_cell4_2_ch0,oreol,2,174,1,1.0,632.1517944335938,5.031899929046631,0.00800000037997961,dietrich
1262,26_09_03_cell4_2_ch0,oreol,2,174,2,2.0,644.2175903320312,17.097700119018555,0.027400000020861626,dietrich
1263,26_09_03_cell4_2_ch0,oreol,2,174,3,3.0,612.610595703125,-14.509400367736816,-0.023399999365210533,dietrich
1264,26_09_03_cell4_2_ch0,oreol,2,174,4,4.0,613.2288208007812,-13.891200065612793,-0.02250000089406967,dietrich
1265,26_09_03_cell4_2_ch0,oreol,2,174,5,5.0,622.4146118164062,-4.705399990081787,-0.007600000128149986,dietrich
1266,26_09_03_cell4_2_ch0,oreol,2,174,6,6.0,610.50927734375,-16.610700607299805,-0.02710000053048134,dietrich
1267,26_09_03_cell4_2_ch0,oreol,2,174,7,7.0,620.7432250976562,-6.376800060272217,-0.010400000028312206,dietrich
1268,26_09_03_cell4_2_ch0,oreol,2,174,8,8.0,605.0128173828125,-22.107200622558594,-0.03629999980330467,dietrich
1269,26_09_03_cell4_2_ch0,oreol,2,174,9,9.0,597.7694091796875,-29.35059928894043,-0.04830000177025795,dietrich
1270,26_09_03_cell4_2_ch0,oreol,2,174,10,10.0,597.019775390625,-30.100200653076172,-0.04969999939203262,dietrich
1271,26_09_03_cell4_2_ch0,oreol,2,174,11,11.0,593.9926147460938,-33.12739944458008,-0.05490000173449516,dietrich
1272,26_09_03_cell4_2_ch0,oreol,2,174,12,12.0,588.915771484375,-38.204200744628906,-0.06350000202655792,dietrich
1273,26_09_03_cell4_2_ch0,oreol,2,174,13,13.0,614.7952270507812,-12.324799537658691,-0.020500000566244125,dietrich
1274,26_09_03_cell4_2_ch0,oreol,2,174,14,14.0,610.6358032226562,-16.48419952392578,-0.027499999850988388,dietrich
1275,26_09_03_cell4_2_ch0,oreol,2,174,15,15.0,623.442626953125,-3.6774001121520996,-0.006200000178068876,dietrich
1276,26_09_03_cell4_2_ch0,oreol,2,174,16,16.0,621.2202758789062,-5.899700164794922,-0.00989999994635582,dietrich
1277,26_09_03_cell4_2_ch0,oreol,2,174,17,17.0,613.0839233398438,-14.036100387573242,-0.02370000071823597,dietrich
1278,26_09_03_cell4_2_ch0,oreol,2,174,18,18.0,613.8153076171875,-13.304699897766113,-0.02250000089406967,dietrich
1279,26_09_03_cell4_2_ch0,oreol,2,174,19,19.0,611.1959228515625,-15.924099922180176,-0.027000000700354576,dietrich
1280,26_09_03_cell4_2_ch0,oreol,2,174,20,20.0,600.1179809570312,-27.00200080871582,-0.045899998396635056,dietrich
1281,26_09_03_cell4_2_ch0,oreol,2,174,21,21.0,604.02880859375,-23.091100692749023,-0.03929999843239784,dietrich
1282,26_09_03_cell4_2_ch0,oreol,2,174,22,22.0,599.0426025390625,-28.077499389648438,-0.04800000041723251,dietrich
1283,26_09_03_cell4_2_ch0,oreol,2,174,23,23.0,614.1614990234375,-12.958499908447266,-0.022199999541044235,dietrich
1284,26_09_03_cell4_2_ch0,oreol,2,174,24,24.0,620.3880004882812,-6.731900215148926,-0.011599999852478504,dietrich
1285,26_09_03_cell4_2_ch0,oreol,2,174,25,25.0,614.3908081054688,-12.72920036315918,-0.021900000050663948,dietrich
1286,26_09_03_cell4_2_ch0,oreol,2,174,26,26.0,643.727294921875,16.6072998046875,0.028699999675154686,dietrich
1287,26_09_03_cell4_2_ch0,oreol,2,174,27,27.0,635.1766967773438,8.056699752807617,0.013899999670684338,dietrich
1288,26_09_03_cell4_2_ch0,oreol,2,174,28,28.0,617.740478515625,-9.379500389099121,-0.016300000250339508,dietrich
1289,26_09_03_cell4_2_ch0,oreol,2,174,29,29.0,634.1975708007812,7.077600002288818,0.012299999594688416,dietrich
1290,26_09_03_cell4_2_ch0,oreol,2,174,30,30.0,619.4378051757812,-7.682199954986572,-0.013399999588727951,dietrich
1291,26_09_03_cell4_2_ch0,oreol,2,174,31,31.0,614.906494140625,-12.213500022888184,-0.021400000900030136,dietrich
1292,26_09_03_cell4_2_ch0,oreol,2,174,32,32.0,608.382080078125,-18.737899780273438,-0.03290000185370445,dietrich
1293,26_09_03_cell4_2_ch0,oreol,2,174,33,33.0,606.4205932617188,-20.699499130249023,-0.036400001496076584,dietrich
1294,26_09_03_cell4_2_ch0,oreol,2,174,34,34.0,627.2445068359375,0.12449999898672104,0.00019999999494757503,dietrich
1295,26_09_03_cell4_2_ch0,oreol,2,174,35,35.0,623.6317749023438,-3.4881999492645264,-0.006200000178068876,dietrich
1296,26_09_03_cell4_2_ch0,oreol,2,174,36,36.0,626.0272216796875,-1.0928000211715698,-0.0019000000320374966,dietrich
1297,26_09_03_cell4_2_ch0,oreol,2,174,37,37.0,623.0972290039062,-4.022799968719482,-0.007199999876320362,dietrich
1298,26_09_03_cell4_2_ch0,oreol,2,174,38,38.0,635.063720703125,7.943699836730957,0.0142000000923872,dietrich
1299,26_09_03_cell4_2_ch0,oreol,2,174,39,39.0,626.1489868164062,-0.9710000157356262,-0.0017000000225380063,dietrich
1300,26_09_03_cell4_2_ch0,oreol,2,174,40,40.0,625.908203125,-1.211899995803833,-0.002199999988079071,dietrich
1301,26_09_03_cell4_2_ch0,oreol,2,174,41,41.0,635.6740112304688,8.553999900817871,0.015399999916553497,dietrich
1302,26_09_03_cell4_2_ch0,oreol,2,174,42,42.0,643.1129150390625,15.992899894714355,0.02889999933540821,dietrich
1303,26_09_03_cell4_2_ch0,oreol,2,174,43,43.0,622.5576782226562,-4.562300205230713,-0.008299999870359898,dietrich
1304,26_09_03_cell4_2_ch0,oreol,2,174,44,44.0,628.8966064453125,1.7766000032424927,0.0031999999191612005,dietrich
1305,26_09_03_cell4_2_ch0,oreol,2,174,45,45.0,605.3511962890625,-21.76889991760254,-0.03970000147819519,dietrich
1306,26_09_03_cell4_2_ch0,oreol,2,174,46,46.0,622.5875244140625,-4.53249979019165,-0.008299999870359898,dietrich
1307,26_09_03_cell4_2_ch0,oreol,2,174,47,47.0,613.2717895507812,-13.848199844360352,-0.02539999969303608,dietrich
1308,26_09_03_cell4_2_ch0,oreol,2,174,48,48.0,618.6254272460938,-8.494600296020508,-0.015599999576807022,dietrich
1309,26_09_03_cell4_2_ch0,oreol,2,174,49,49.0,619.0922241210938,-8.027799606323242,-0.014800000004470348,dietrich
1310,26_09_03_cell4_2_ch0,oreol,2,174,50,50.0,621.6716918945312,-5.448299884796143,-0.010099999606609344,dietrich
1311,26_09_03_cell4_2_ch0,oreol,2,174,51,51.0,619.3630981445312,-7.756899833679199,-0.014399999752640724,dietrich
1312,26_09_03_cell4_2_ch0,oreol,2,174,52,52.0,612.0548095703125,-15.065099716186523,-0.02810000069439411,dietrich
1313,26_09_03_cell4_2_ch0,oreol,2,174,53,53.0,613.4130859375,-13.706899642944336,-0.025599999353289604,dietrich
1314,26_09_03_cell4_2_ch0,oreol,2,174,54,54.0,600.2152099609375,-26.904800415039062,-0.05040000006556511,dietrich
1315,26_09_03_cell4_2_ch0,oreol,2,174,55,55.0,594.6828002929688,-32.43709945678711,-0.061000000685453415,dietrich
1316,26_09_03_cell4_2_ch0,oreol,2,174,56,56.0,617.3715209960938,-9.748499870300293,-0.018400000408291817,dietrich
1317,26_09_03_cell4_2_ch0,oreol,2,174,57,57.0,610.2808837890625,-16.839099884033203,-0.03189999982714653,dietrich
1318,26_09_03_cell4_2_ch0,oreol,2,174,58,58.0,608.1885986328125,-18.931400299072266,-0.035999998450279236,dietrich
1319,26_09_03_cell4_2_ch0,oreol,2,174,59,59.0,609.6502075195312,-17.46980094909668,-0.0333000011742115,dietrich
1320,26_09_03_cell4_2_ch0,oreol,2,174,60,60.0,602.2213745117188,-24.89859962463379,-0.047600001096725464,dietrich
1321,26_09_03_cell4_2_ch0,oreol,2,174,61,61.0,613.9024047851562,-13.217499732971191,-0.025299999862909317,dietrich
1322,26_09_03_cell4_2_ch0,oreol,2,174,62,62.0,605.5825805664062,-21.537399291992188,-0.0414000004529953,dietrich
1323,26_09_03_cell4_2_ch0,oreol,2,174,63,63.0,617.9290771484375,-9.190899848937988,-0.01769999973475933,dietrich
1324,26_09_03_cell4_2_ch0,oreol,2,174,64,64.0,635.9425048828125,8.822500228881836,0.017100000753998756,dietrich
1325,26_09_03_cell4_2_ch0,oreol,2,174,65,65.0,617.9572143554688,-9.1628999710083,-0.017799999564886093,dietrich
1326,26_09_03_cell4_2_ch0,oreol,2,174,66,66.0,609.9739990234375,-17.14590072631836,-0.033399999141693115,dietrich
1327,26_09_03_cell4_2_ch0,oreol,2,174,67,67.0,619.994384765625,-7.125500202178955,-0.013899999670684338,dietrich
1328,26_09_03_cell4_2_ch0,oreol,2,174,68,68.0,609.7974853515625,-17.322500228881836,-0.03400000184774399,dietrich
1329,26_09_03_cell4_2_ch0,oreol,2,174,69,69.0,619.49609375,-7.623899936676025,-0.014999999664723873,dietrich
1330,26_09_03_cell4_2_ch0,oreol,2,174,70,70.0,625.8698120117188,-1.2503000497817993,-0.0024999999441206455,dietrich
1331,26_09_03_cell4_2_ch0,oreol,2,174,71,71.0,634.5872192382812,7.467199802398682,0.014800000004470348,dietrich
1332,26_09_03_cell4_2_ch0,oreol,2,174,72,72.0,613.76220703125,-13.357799530029297,-0.026599999517202377,dietrich
1333,26_09_03_cell4_2_ch0,oreol,2,174,73,73.0,630.7304077148438,3.610300064086914,0.007199999876320362,dietrich
1334,26_09_03_cell4_2_ch0,oreol,2,174,74,74.0,637.1613159179688,10.041299819946289,0.020099999383091927,dietrich
1335,26_09_03_cell4_2_ch0,oreol,2,174,75,75.0,651.9472045898438,24.82710075378418,0.04989999905228615,dietrich
1336,26_09_03_cell4_2_ch0,oreol,2,174,76,76.0,628.6467895507812,1.5268000364303589,0.003100000089034438,dietrich
1337,26_09_03_cell4_2_ch0,oreol,2,174,77,77.0,635.5972290039062,8.47719955444336,0.01720000058412552,dietrich
1338,26_09_03_cell4_2_ch0,oreol,2,174,78,78.0,628.3582153320312,1.2381999492645264,0.0024999999441206455,dietrich
1339,26_09_03_cell4_2_ch0,oreol,2,174,79,79.0,644.6004028320312,17.480499267578125,0.0357000008225441,dietrich
1340,26_09_03_cell4_2_ch0,oreol,2,174,80,80.0,627.2177734375,0.09780000150203705,0.00019999999494757503,dietrich
1341,26_09_03_cell4_2_ch0,oreol,2,174,81,81.0,632.8817749023438,5.7617998123168945,0.011800000444054604,dietrich
1342,26_09_03_cell4_2_ch0,oreol,2,174,82,82.0,626.8200073242188,-0.30000001192092896,-0.0006000000284984708,dietrich
1343,26_09_03_cell4_2_ch0,oreol,2,174,83,83.0,624.70458984375,-2.415299892425537,-0.004999999888241291,dietrich
1344,26_09_03_cell4_2_ch0,oreol,2,174,84,84.0,611.430908203125,-15.68910026550293,-0.03269999846816063,dietrich
1345,26_09_03_cell4_2_ch0,oreol,2,174,85,85.0,628.4494018554688,1.3293999433517456,0.00279999990016222,dietrich
1346,26_09_03_cell4_2_ch0,oreol,2,174,86,86.0,623.7672119140625,-3.352799892425537,-0.0071000000461936,dietrich
1347,26_09_03_cell4_2_ch0,oreol,2,174,87,87.0,611.2802124023438,-15.839699745178223,-0.03350000083446503,dietrich
1348,26_09_03_cell4_2_ch0,oreol,2,174,88,88.0,619.218505859375,-7.901500225067139,-0.01679999940097332,dietrich
1349,26_09_03_cell4_2_ch0,oreol,2,174,90,89.0,631.7009887695312,4.581099987030029,0.009800000116229057,dietrich
1350,26_09_03_cell4_2_ch0,oreol,3,86,0,0.0,265.0281066894531,9.640700340270996,0.03759999945759773,dietrich
1351,26_09_03_cell4_2_ch0,oreol,3,86,1,1.0,258.1719055175781,2.7844998836517334,0.010900000110268593,dietrich
1352,26_09_03_cell4_2_ch0,oreol,3,86,2,2.0,249.55239868164062,-5.835000038146973,-0.023000000044703484,dietrich
1353,26_09_03_cell4_2_ch0,oreol,3,86,3,3.0,243.7841033935547,-11.603300094604492,-0.04600000008940697,dietrich
1354,26_09_03_cell4_2_ch0,oreol,3,86,4,4.0,251.48080444335938,-3.906599998474121,-0.015599999576807022,dietrich
1355,26_09_03_cell4_2_ch0,oreol,3,86,5,5.0,250.25559997558594,-5.131700038909912,-0.020500000566244125,dietrich
1356,26_09_03_cell4_2_ch0,oreol,3,86,6,6.0,250.1208038330078,-5.266600131988525,-0.0210999995470047,dietrich
1357,26_09_03_cell4_2_ch0,oreol,3,86,7,7.0,256.8876953125,1.5003000497817993,0.006000000052154064,dietrich
1358,26_09_03_cell4_2_ch0,oreol,3,86,8,8.0,267.56719970703125,12.179800033569336,0.04919999837875366,dietrich
1359,26_09_03_cell4_2_ch0,oreol,3,86,9,9.0,254.1696014404297,-1.2178000211715698,-0.004900000058114529,dietrich
1360,26_09_03_cell4_2_ch0,oreol,3,86,10,10.0,256.3039855957031,0.916700005531311,0.003700000001117587,dietrich
1361,26_09_03_cell4_2_ch0,oreol,3,86,11,11.0,257.9796142578125,2.5922000408172607,0.010499999858438969,dietrich
1362,26_09_03_cell4_2_ch0,oreol,3,86,12,12.0,245.404296875,-9.983099937438965,-0.040699999779462814,dietrich
1363,26_09_03_cell4_2_ch0,oreol,3,86,13,13.0,265.78570556640625,10.398300170898438,0.042399998754262924,dietrich
1364,26_09_03_cell4_2_ch0,oreol,3,86,14,14.0,243.5308074951172,-11.856599807739258,-0.04839999973773956,dietrich
1365,26_09_03_cell4_2_ch0,oreol,3,86,15,15.0,252.04600524902344,-3.341399908065796,-0.013700000010430813,dietrich
1366,26_09_03_cell4_2_ch0,oreol,3,86,16,16.0,247.13720703125,-8.250200271606445,-0.033799998462200165,dietrich
1367,26_09_03_cell4_2_ch0,oreol,3,86,17,17.0,261.0096130371094,5.622200012207031,0.023000000044703484,dietrich
1368,26_09_03_cell4_2_ch0,oreol,3,86,18,18.0,247.06809997558594,-8.319299697875977,-0.0340999998152256,dietrich
1369,26_09_03_cell4_2_ch0,oreol,3,86,19,19.0,255.7169952392578,0.3296000063419342,0.00139999995008111,dietrich
1370,26_09_03_cell4_2_ch0,oreol,3,86,20,20.0,261.960205078125,6.572800159454346,0.027000000700354576,dietrich
1371,26_09_03_cell4_2_ch0,oreol,3,86,21,21.0,251.00100708007812,-4.38640022277832,-0.01810000091791153,dietrich
1372,26_09_03_cell4_2_ch0,oreol,3,86,22,22.0,257.4424133300781,2.055000066757202,0.008500000461935997,dietrich
1373,26_09_03_cell4_2_ch0,oreol,3,86,23,23.0,247.68710327148438,-7.700300216674805,-0.03180000185966492,dietrich
1374,26_09_03_cell4_2_ch0,oreol,3,86,24,24.0,262.3371887207031,6.94980001449585,0.028699999675154686,dietrich
1375,26_09_03_cell4_2_ch0,oreol,3,86,25,25.0,289.5945129394531,34.20709991455078,0.14139999449253082,dietrich
1376,26_09_03_cell4_2_ch0,oreol,3,86,26,26.0,281.660400390625,26.273099899291992,0.10869999974966049,dietrich
1377,26_09_03_cell4_2_ch0,oreol,3,86,27,27.0,271.1361999511719,15.748900413513184,0.06520000100135803,dietrich
1378,26_09_03_cell4_2_ch0,oreol,3,86,28,28.0,258.022705078125,2.6352999210357666,0.010900000110268593,dietrich
1379,26_09_03_cell4_2_ch0,oreol,3,86,29,29.0,273.3204040527344,17.933000564575195,0.07450000196695328,dietrich
1380,26_09_03_cell4_2_ch0,oreol,3,86,30,30.0,254.42950439453125,-0.9578999876976013,-0.004000000189989805,dietrich
1381,26_09_03_cell4_2_ch0,oreol,3,86,31,31.0,264.9501953125,9.562800407409668,0.039799999445676804,dietrich
1382,26_09_03_cell4_2_ch0,oreol,3,86,32,32.0,264.2821960449219,8.89490032196045,0.03709999844431877,dietrich
1383,26_09_03_cell4_2_ch0,oreol,3,86,33,33.0,265.02520751953125,9.637800216674805,0.04019999876618385,dietrich
1384,26_09_03_cell4_2_ch0,oreol,3,86,34,34.0,268.7785949707031,13.391200065612793,0.0560000017285347,dietrich
1385,26_09_03_cell4_2_ch0,oreol,3,86,35,35.0,276.5415954589844,21.154199600219727,0.08860000222921371,dietrich
1386,26_09_03_cell4_2_ch0,oreol,3,86,36,36.0,273.3133850097656,17.925899505615234,0.07519999891519547,dietrich
1387,26_09_03_cell4_2_ch0,oreol,3,86,37,37.0,273.29278564453125,17.905399322509766,0.07519999891519547,dietrich
1388,26_09_03_cell4_2_ch0,oreol,3,86,38,38.0,275.4789123535156,20.09149932861328,0.08449999988079071,dietrich
1389,26_09_03_cell4_2_ch0,oreol,3,86,39,39.0,265.8703918457031,10.482999801635742,0.044199999421834946,dietrich
1390,26_09_03_cell4_2_ch0,oreol,3,86,40,40.0,271.0660095214844,15.67870044708252,0.06620000302791595,dietrich
1391,26_09_03_cell4_2_ch0,oreol,3,86,41,41.0,272.464599609375,17.077199935913086,0.0722000002861023,dietrich
1392,26_09_03_cell4_2_ch0,oreol,3,86,42,42.0,268.464599609375,13.077199935913086,0.055399999022483826,dietrich
1393,26_09_03_cell4_2_ch0,oreol,3,86,43,43.0,274.6647033691406,19.27739906311035,0.08179999887943268,dietrich
1394,26_09_03_cell4_2_ch0,oreol,3,86,44,44.0,266.2637939453125,10.876399993896484,0.04619999974966049,dietrich
1395,26_09_03_cell4_2_ch0,oreol,3,86,45,45.0,260.0603942871094,4.673099994659424,0.019899999722838402,dietrich
1396,26_09_03_cell4_2_ch0,oreol,3,86,46,46.0,265.8533935546875,10.466099739074707,0.044599998742341995,dietrich
1397,26_09_03_cell4_2_ch0,oreol,3,86,47,47.0,259.8417053222656,4.4542999267578125,0.01899999938905239,dietrich
1398,26_09_03_cell4_2_ch0,oreol,3,86,48,48.0,257.8240966796875,2.4367001056671143,0.010400000028312206,dietrich
1399,26_09_03_cell4_2_ch0,oreol,3,86,49,49.0,250.19979858398438,-5.187600135803223,-0.022199999541044235,dietrich
1400,26_09_03_cell4_2_ch0,oreol,3,86,50,50.0,251.1678924560547,-4.2195000648498535,-0.01810000091791153,dietrich
1401,26_09_03_cell4_2_ch0,oreol,3,86,51,51.0,253.72779846191406,-1.659500002861023,-0.0071000000461936,dietrich
1402,26_09_03_cell4_2_ch0,oreol,3,86,52,52.0,239.4792022705078,-15.90820026397705,-0.06849999725818634,dietrich
1403,26_09_03_cell4_2_ch0,oreol,3,86,53,53.0,238.02169799804688,-17.365699768066406,-0.07490000128746033,dietrich
1404,26_09_03_cell4_2_ch0,oreol,3,86,54,54.0,261.1553039550781,5.767899990081787,0.024900000542402267,dietrich
1405,26_09_03_cell4_2_ch0,oreol,3,86,55,55.0,237.48019409179688,-17.90719985961914,-0.07739999890327454,dietrich
1406,26_09_03_cell4_2_ch0,oreol,3,86,56,56.0,251.79690551757812,-3.5905001163482666,-0.01549999974668026,dietrich
1407,26_09_03_cell4_2_ch0,oreol,3,86,57,57.0,254.50619506835938,-0.8812000155448914,-0.003800000064074993,dietrich
1408,26_09_03_cell4_2_ch0,oreol,3,86,58,58.0,259.40899658203125,4.021599769592285,0.017500000074505806,dietrich
1409,26_09_03_cell4_2_ch0,oreol,3,86,59,59.0,267.1068115234375,11.719400405883789,0.05090000107884407,dietrich
1410,26_09_03_cell4_2_ch0,oreol,3,86,60,60.0,262.0011901855469,6.613800048828125,0.02879999950528145,dietrich
1411,26_09_03_cell4_2_ch0,oreol,3,86,61,61.0,267.8945007324219,12.507100105285645,0.054499998688697815,dietrich
1412,26_09_03_cell4_2_ch0,oreol,3,86,62,62.0,265.3887939453125,10.001500129699707,0.04360000044107437,dietrich
1413,26_09_03_cell4_2_ch0,oreol,3,86,63,63.0,253.6873016357422,-1.7000999450683594,-0.007400000002235174,dietrich
1414,26_09_03_cell4_2_ch0,oreol,3,86,64,64.0,264.3930969238281,9.005800247192383,0.039400000125169754,dietrich
1415,26_09_03_cell4_2_ch0,oreol,3,86,65,65.0,271.30999755859375,15.922599792480469,0.0697999969124794,dietrich
1416,26_09_03_cell4_2_ch0,oreol,3,86,66,66.0,254.4420928955078,-0.9452999830245972,-0.004100000020116568,dietrich
1417,26_09_03_cell4_2_ch0,oreol,3,86,67,67.0,249.9940948486328,-5.3933000564575195,-0.02370000071823597,dietrich
1418,26_09_03_cell4_2_ch0,oreol,3,86,68,68.0,244.7711944580078,-10.61620044708252,-0.04670000076293945,dietrich
1419,26_09_03_cell4_2_ch0,oreol,3,86,69,69.0,243.5791015625,-11.808300018310547,-0.05209999904036522,dietrich
1420,26_09_03_cell4_2_ch0,oreol,3,86,70,70.0,251.2239990234375,-4.163400173187256,-0.018400000408291817,dietrich
1421,26_09_03_cell4_2_ch0,oreol,3,86,71,71.0,261.11260986328125,5.725299835205078,0.025299999862909317,dietrich
1422,26_09_03_cell4_2_ch0,oreol,3,86,72,72.0,263.25250244140625,7.865099906921387,0.0348999984562397,dietrich
1423,26_09_03_cell4_2_ch0,oreol,3,86,73,73.0,268.2515869140625,12.8641996383667,0.05719999969005585,dietrich
1424,26_09_03_cell4_2_ch0,oreol,3,86,74,74.0,266.3183898925781,10.930999755859375,0.04879999905824661,dietrich
1425,26_09_03_cell4_2_ch0,oreol,3,86,75,75.0,262.8623046875,7.474899768829346,0.03350000083446503,dietrich
1426,26_09_03_cell4_2_ch0,oreol,3,86,76,76.0,257.09320068359375,1.7058000564575195,0.007699999958276749,dietrich
1427,26_09_03_cell4_2_ch0,oreol,3,86,77,77.0,251.42160034179688,-3.9656999111175537,-0.017899999395012856,dietrich
1428,26_09_03_cell4_2_ch0,oreol,3,86,78,78.0,250.25900268554688,-5.128399848937988,-0.02329999953508377,dietrich
1429,26_09_03_cell4_2_ch0,oreol,3,86,79,79.0,256.6171875,1.2299000024795532,0.00559999980032444,dietrich
1430,26_09_03_cell4_2_ch0,oreol,3,86,80,80.0,249.1092071533203,-6.278200149536133,-0.02879999950528145,dietrich
1431,26_09_03_cell4_2_ch0,oreol,3,86,81,81.0,246.94839477539062,-8.438899993896484,-0.039000000804662704,dietrich
1432,26_09_03_cell4_2_ch0,oreol,3,86,82,82.0,254.34930419921875,-1.038100004196167,-0.004800000227987766,dietrich
1433,26_09_03_cell4_2_ch0,oreol,3,86,83,83.0,254.72689819335938,-0.6604999899864197,-0.003100000089034438,dietrich
1434,26_09_03_cell4_2_ch0,oreol,3,86,84,84.0,260.0971984863281,4.709799766540527,0.022299999371170998,dietrich
1435,26_09_03_cell4_2_ch0,oreol,3,86,85,85.0,254.07699584960938,-1.3104000091552734,-0.006300000008195639,dietrich
1436,26_09_03_cell4_2_ch0,oreol,3,86,86,86.0,250.28399658203125,-5.103400230407715,-0.024700000882148743,dietrich
1437,26_09_03_cell4_2_ch0,oreol,3,86,87,87.0,256.7367858886719,1.3494000434875488,0.006599999964237213,dietrich
1438,26_09_03_cell4_2_ch0,oreol,3,86,88,88.0,254.2548065185547,-1.132599949836731,-0.00559999980032444,dietrich
1439,26_09_03_cell4_2_ch0,oreol,3,86,90,89.0,249.85850524902344,-5.528900146484375,-0.027899999171495438,dietrich
1440,26_09_03_cell4_2_ch0,oreol,4,83,0,0.0,469.7820129394531,27.3174991607666,0.061500001698732376,dietrich
1441,26_09_03_cell4_2_ch0,oreol,4,83,1,1.0,446.6180114746094,4.153600215911865,0.009399999864399433,dietrich
1442,26_09_03_cell4_2_ch0,oreol,4,83,2,2.0,428.1637878417969,-14.300800323486328,-0.03269999846816063,dietrich
1443,26_09_03_cell4_2_ch0,oreol,4,83,3,3.0,417.6408996582031,-24.82349967956543,-0.05700000002980232,dietrich
1444,26_09_03_cell4_2_ch0,oreol,4,83,4,4.0,428.6708068847656,-13.793700218200684,-0.03189999982714653,dietrich
1445,26_09_03_cell4_2_ch0,oreol,4,83,5,5.0,425.8734130859375,-16.591100692749023,-0.03849999979138374,dietrich
1446,26_09_03_cell4_2_ch0,oreol,4,83,6,6.0,424.46771240234375,-17.99679946899414,-0.041999999433755875,dietrich
1447,26_09_03_cell4_2_ch0,oreol,4,83,7,7.0,416.27191162109375,-26.19260025024414,-0.061400000005960464,dietrich
1448,26_09_03_cell4_2_ch0,oreol,4,83,8,8.0,427.9031982421875,-14.561200141906738,-0.03420000150799751,dietrich
1449,26_09_03_cell4_2_ch0,oreol,4,83,9,9.0,418.77801513671875,-23.686399459838867,-0.05590000003576279,dietrich
1450,26_09_03_cell4_2_ch0,oreol,4,83,10,10.0,431.9117126464844,-10.552800178527832,-0.02500000037252903,dietrich
1451,26_09_03_cell4_2_ch0,oreol,4,83,11,11.0,406.1188049316406,-36.345699310302734,-0.08630000054836273,dietrich
1452,26_09_03_cell4_2_ch0,oreol,4,83,12,12.0,416.0130920410156,-26.451400756835938,-0.06300000101327896,dietrich
1453,26_09_03_cell4_2_ch0,oreol,4,83,13,13.0,434.8074035644531,-7.6570000648498535,-0.018300000578165054,dietrich
1454,26_09_03_cell4_2_ch0,oreol,4,83,14,14.0,427.91400146484375,-14.550399780273438,-0.03480000048875809,dietrich
1455,26_09_03_cell4_2_ch0,oreol,4,83,15,15.0,426.9442138671875,-15.520299911499023,-0.03720000013709068,dietrich
1456,26_09_03_cell4_2_ch0,oreol,4,83,16,16.0,423.5085144042969,-18.95599937438965,-0.045499999076128006,dietrich
1457,26_09_03_cell4_2_ch0,oreol,4,83,17,17.0,443.2168884277344,0.7523999810218811,0.0017999999690800905,dietrich
1458,26_09_03_cell4_2_ch0,oreol,4,83,18,18.0,434.8785095214844,-7.585999965667725,-0.018300000578165054,dietrich
1459,26_09_03_cell4_2_ch0,oreol,4,83,19,19.0,449.101806640625,6.63730001449585,0.01600000075995922,dietrich
1460,26_09_03_cell4_2_ch0,oreol,4,83,20,20.0,443.4945068359375,1.0299999713897705,0.0024999999441206455,dietrich
1461,26_09_03_cell4_2_ch0,oreol,4,83,21,21.0,443.8638000488281,1.399399995803833,0.0034000000450760126,dietrich
1462,26_09_03_cell4_2_ch0,oreol,4,83,22,22.0,456.0163879394531,13.551899909973145,0.03280000016093254,dietrich
1463,26_09_03_cell4_2_ch0,oreol,4,83,23,23.0,445.95819091796875,3.4937000274658203,0.008500000461935997,dietrich
1464,26_09_03_cell4_2_ch0,oreol,4,83,24,24.0,460.0943908691406,17.629899978637695,0.04280000180006027,dietrich
1465,26_09_03_cell4_2_ch0,oreol,4,83,25,25.0,458.6297912597656,16.1653995513916,0.03929999843239784,dietrich
1466,26_09_03_cell4_2_ch0,oreol,4,83,26,26.0,427.56890869140625,-14.895600318908691,-0.03629999980330467,dietrich
1467,26_09_03_cell4_2_ch0,oreol,4,83,27,27.0,432.11529541015625,-10.349200248718262,-0.025200000032782555,dietrich
1468,26_09_03_cell4_2_ch0,oreol,4,83,28,28.0,413.8721923828125,-28.592199325561523,-0.0697999969124794,dietrich
1469,26_09_03_cell4_2_ch0,oreol,4,83,29,29.0,428.0426025390625,-14.421899795532227,-0.03530000150203705,dietrich
1470,26_09_03_cell4_2_ch0,oreol,4,83,30,30.0,430.62860107421875,-11.83590030670166,-0.028999999165534973,dietrich
1471,26_09_03_cell4_2_ch0,oreol,4,83,31,31.0,443.0321960449219,0.5677000284194946,0.00139999995008111,dietrich
1472,26_09_03_cell4_2_ch0,oreol,4,83,32,32.0,447.2549133300781,4.79040002822876,0.011800000444054604,dietrich
1473,26_09_03_cell4_2_ch0,oreol,4,83,33,33.0,440.69781494140625,-1.766700029373169,-0.00430000014603138,dietrich
1474,26_09_03_cell4_2_ch0,oreol,4,83,34,34.0,441.7616882324219,-0.7027999758720398,-0.0017000000225380063,dietrich
1475,26_09_03_cell4_2_ch0,oreol,4,83,35,35.0,454.4469909667969,11.982500076293945,0.029600000008940697,dietrich
1476,26_09_03_cell4_2_ch0,oreol,4,83,36,36.0,448.1536865234375,5.689199924468994,0.014100000262260437,dietrich
1477,26_09_03_cell4_2_ch0,oreol,4,83,37,37.0,460.881591796875,18.41710090637207,0.04560000076889992,dietrich
1478,26_09_03_cell4_2_ch0,oreol,4,83,38,38.0,451.4303894042969,8.965900421142578,0.022199999541044235,dietrich
1479,26_09_03_cell4_2_ch0,oreol,4,83,39,39.0,439.5989990234375,-2.865499973297119,-0.0071000000461936,dietrich
1480,26_09_03_cell4_2_ch0,oreol,4,83,40,40.0,445.1867980957031,2.7223000526428223,0.006800000090152025,dietrich
1481,26_09_03_cell4_2_ch0,oreol,4,83,41,41.0,435.7922058105469,-6.6722002029418945,-0.016699999570846558,dietrich
1482,26_09_03_cell4_2_ch0,oreol,4,83,42,42.0,434.814208984375,-7.650300025939941,-0.019099999219179153,dietrich
1483,26_09_03_cell4_2_ch0,oreol,4,83,43,43.0,434.2510070800781,-8.213500022888184,-0.020600000396370888,dietrich
1484,26_09_03_cell4_2_ch0,oreol,4,83,44,44.0,439.5010070800781,-2.9635000228881836,-0.007400000002235174,dietrich
1485,26_09_03_cell4_2_ch0,oreol,4,83,45,45.0,436.3622131347656,-6.10230016708374,-0.015399999916553497,dietrich
1486,26_09_03_cell4_2_ch0,oreol,4,83,46,46.0,432.0328063964844,-10.431699752807617,-0.02630000002682209,dietrich
1487,26_09_03_cell4_2_ch0,oreol,4,83,47,47.0,436.710693359375,-5.753799915313721,-0.014499999582767487,dietrich
1488,26_09_03_cell4_2_ch0,oreol,4,83,48,48.0,432.19390869140625,-10.270600318908691,-0.026000000536441803,dietrich
1489,26_09_03_cell4_2_ch0,oreol,4,83,49,49.0,438.88018798828125,-3.5843000411987305,-0.009100000374019146,dietrich
1490,26_09_03_cell4_2_ch0,oreol,4,83,50,50.0,440.5674133300781,-1.8970999717712402,-0.004800000227987766,dietrich
1491,26_09_03_cell4_2_ch0,oreol,4,83,51,51.0,429.6534118652344,-12.810999870300293,-0.03269999846816063,dietrich
1492,26_09_03_cell4_2_ch0,oreol,4,83,52,52.0,429.9361877441406,-12.528400421142578,-0.03200000151991844,dietrich
1493,26_09_03_cell4_2_ch0,oreol,4,83,53,53.0,432.0133972167969,-10.45110034942627,-0.026799999177455902,dietrich
1494,26_09_03_cell4_2_ch0,oreol,4,83,54,54.0,438.283203125,-4.181300163269043,-0.010700000450015068,dietrich
1495,26_09_03_cell4_2_ch0,oreol,4,83,55,55.0,428.1435852050781,-14.320899963378906,-0.03689999878406525,dietrich
1496,26_09_03_cell4_2_ch0,oreol,4,83,56,56.0,443.19281005859375,0.7282999753952026,0.0019000000320374966,dietrich
1497,26_09_03_cell4_2_ch0,oreol,4,83,57,57.0,446.22918701171875,3.764699935913086,0.009700000286102295,dietrich
1498,26_09_03_cell4_2_ch0,oreol,4,83,58,58.0,446.85101318359375,4.386499881744385,0.01140000019222498,dietrich
1499,26_09_03_cell4_2_ch0,oreol,4,83,59,59.0,439.8570861816406,-2.6073999404907227,-0.006800000090152025,dietrich
1500,26_09_03_cell4_2_ch0,oreol,4,83,60,60.0,444.2461853027344,1.7817000150680542,0.004600000102072954,dietrich
1501,26_09_03_cell4_2_ch0,oreol,4,83,61,61.0,432.8172912597656,-9.647199630737305,-0.025100000202655792,dietrich
1502,26_09_03_cell4_2_ch0,oreol,4,83,62,62.0,428.1697998046875,-14.294699668884277,-0.037300001829862595,dietrich
1503,26_09_03_cell4_2_ch0,oreol,4,83,63,63.0,445.10308837890625,2.6386001110076904,0.006899999920278788,dietrich
1504,26_09_03_cell4_2_ch0,oreol,4,83,64,64.0,452.2171936035156,9.752699851989746,0.025599999353289604,dietrich
1505,26_09_03_cell4_2_ch0,oreol,4,83,65,65.0,440.11199951171875,-2.352400064468384,-0.006200000178068876,dietrich
1506,26_09_03_cell4_2_ch0,oreol,4,83,66,66.0,448.9881896972656,6.52370023727417,0.01720000058412552,dietrich
1507,26_09_03_cell4_2_ch0,oreol,4,83,67,67.0,447.8464050292969,5.381899833679199,0.0142000000923872,dietrich
1508,26_09_03_cell4_2_ch0,oreol,4,83,68,68.0,448.48779296875,6.0233001708984375,0.01590000092983246,dietrich
1509,26_09_03_cell4_2_ch0,oreol,4,83,69,69.0,447.7139892578125,5.249499797821045,0.013899999670684338,dietrich
1510,26_09_03_cell4_2_ch0,oreol,4,83,70,70.0,441.726806640625,-0.7376000285148621,-0.0020000000949949026,dietrich
1511,26_09_03_cell4_2_ch0,oreol,4,83,71,71.0,451.92889404296875,9.464400291442871,0.025100000202655792,dietrich
1512,26_09_03_cell4_2_ch0,oreol,4,83,72,72.0,434.7228088378906,-7.741600036621094,-0.020600000396370888,dietrich
1513,26_09_03_cell4_2_ch0,oreol,4,83,73,73.0,442.1122131347656,-0.3522999882698059,-0.0008999999845400453,dietrich
1514,26_09_03_cell4_2_ch0,oreol,4,83,74,74.0,443.3005065917969,0.8360000252723694,0.002199999988079071,dietrich
1515,26_09_03_cell4_2_ch0,oreol,4,83,75,75.0,440.09228515625,-2.3722000122070312,-0.006300000008195639,dietrich
1516,26_09_03_cell4_2_ch0,oreol,4,83,76,76.0,428.0924072265625,-14.372099876403809,-0.03840000182390213,dietrich
1517,26_09_03_cell4_2_ch0,oreol,4,83,77,77.0,420.90618896484375,-21.558300018310547,-0.05770000070333481,dietrich
1518,26_09_03_cell4_2_ch0,oreol,4,83,78,78.0,417.939697265625,-24.524799346923828,-0.0658000037074089,dietrich
1519,26_09_03_cell4_2_ch0,oreol,4,83,79,79.0,431.9996032714844,-10.464900016784668,-0.02810000069439411,dietrich
1520,26_09_03_cell4_2_ch0,oreol,4,83,80,80.0,435.8930969238281,-6.571400165557861,-0.01769999973475933,dietrich
1521,26_09_03_cell4_2_ch0,oreol,4,83,81,81.0,436.8280944824219,-5.63640022277832,-0.015200000256299973,dietrich
1522,26_09_03_cell4_2_ch0,oreol,4,83,82,82.0,444.8132019042969,2.3487000465393066,0.006399999838322401,dietrich
1523,26_09_03_cell4_2_ch0,oreol,4,83,83,83.0,438.4573974609375,-4.006999969482422,-0.010900000110268593,dietrich
1524,26_09_03_cell4_2_ch0,oreol,4,83,84,84.0,436.3710021972656,-6.093400001525879,-0.016599999740719795,dietrich
1525,26_09_03_cell4_2_ch0,oreol,4,83,85,85.0,446.76458740234375,4.300099849700928,0.011699999682605267,dietrich
1526,26_09_03_cell4_2_ch0,oreol,4,83,86,86.0,434.24951171875,-8.21500015258789,-0.02239999920129776,dietrich
1527,26_09_03_cell4_2_ch0,oreol,4,83,87,87.0,439.0379943847656,-3.426500082015991,-0.009399999864399433,dietrich
1528,26_09_03_cell4_2_ch0,oreol,4,83,88,88.0,442.7431945800781,0.27869999408721924,0.0007999999797903001,dietrich
1529,26_09_03_cell4_2_ch0,oreol,4,83,90,89.0,445.1788024902344,2.7142999172210693,0.007499999832361937,dietrich
1530,26_09_03_cell4_2_ch0,oreol,5,76,0,0.0,347.0934143066406,5.709099769592285,0.016699999570846558,dietrich
1531,26_09_03_cell4_2_ch0,oreol,5,76,1,1.0,346.9065856933594,5.522200107574463,0.016200000420212746,dietrich
1532,26_09_03_cell4_2_ch0,oreol,5,76,2,2.0,342.0549011230469,0.6705999970436096,0.0020000000949949026,dietrich
1533,26_09_03_cell4_2_ch0,oreol,5,76,3,3.0,339.05450439453125,-2.329900026321411,-0.006899999920278788,dietrich
1534,26_09_03_cell4_2_ch0,oreol,5,76,4,4.0,319.42059326171875,-21.963699340820312,-0.06469999998807907,dietrich
1535,26_09_03_cell4_2_ch0,oreol,5,76,5,5.0,338.1679992675781,-3.216399908065796,-0.009499999694526196,dietrich
1536,26_09_03_cell4_2_ch0,oreol,5,76,6,6.0,343.3100891113281,1.9257999658584595,0.00570000009611249,dietrich
1537,26_09_03_cell4_2_ch0,oreol,5,76,7,7.0,336.3599853515625,-5.0243000984191895,-0.014800000004470348,dietrich
1538,26_09_03_cell4_2_ch0,oreol,5,76,8,8.0,323.32989501953125,-18.054399490356445,-0.053199999034404755,dietrich
1539,26_09_03_cell4_2_ch0,oreol,5,76,9,9.0,342.231201171875,0.8468999862670898,0.0024999999441206455,dietrich
1540,26_09_03_cell4_2_ch0,oreol,5,76,10,10.0,325.5747985839844,-15.809599876403809,-0.04659999907016754,dietrich
1541,26_09_03_cell4_2_ch0,oreol,5,76,11,11.0,326.8705139160156,-14.513899803161621,-0.04270000010728836,dietrich
1542,26_09_03_cell4_2_ch0,oreol,5,76,12,12.0,330.1278076171875,-11.256500244140625,-0.03310000151395798,dietrich
1543,26_09_03_cell4_2_ch0,oreol,5,76,13,13.0,334.35540771484375,-7.028900146484375,-0.02070000022649765,dietrich
1544,26_09_03_cell4_2_ch0,oreol,5,76,14,14.0,335.5614013671875,-5.822999954223633,-0.017100000753998756,dietrich
1545,26_09_03_cell4_2_ch0,oreol,5,76,15,15.0,314.25311279296875,-27.131200790405273,-0.07959999889135361,dietrich
1546,26_09_03_cell4_2_ch0,oreol,5,76,16,16.0,336.4375915527344,-4.946800231933594,-0.014499999582767487,dietrich
1547,26_09_03_cell4_2_ch0,oreol,5,76,17,17.0,349.12091064453125,7.736599922180176,0.022700000554323196,dietrich
1548,26_09_03_cell4_2_ch0,oreol,5,76,18,18.0,345.80889892578125,4.424499988555908,0.013000000268220901,dietrich
1549,26_09_03_cell4_2_ch0,oreol,5,76,19,19.0,343.506591796875,2.122299909591675,0.006200000178068876,dietrich
1550,26_09_03_cell4_2_ch0,oreol,5,76,20,20.0,346.71881103515625,5.334400177001953,0.015599999576807022,dietrich
1551,26_09_03_cell4_2_ch0,oreol,5,76,21,21.0,340.4494934082031,-0.9348000288009644,-0.0027000000700354576,dietrich
1552,26_09_03_cell4_2_ch0,oreol,5,76,22,22.0,361.7023010253906,20.31800079345703,0.059300001710653305,dietrich
1553,26_09_03_cell4_2_ch0,oreol,5,76,23,23.0,368.9804992675781,27.596200942993164,0.08049999922513962,dietrich
1554,26_09_03_cell4_2_ch0,oreol,5,76,24,24.0,363.78680419921875,22.40250015258789,0.06530000269412994,dietrich
1555,26_09_03_cell4_2_ch0,oreol,5,76,25,25.0,368.1234130859375,26.73900032043457,0.0778999999165535,dietrich
1556,26_09_03_cell4_2_ch0,oreol,5,76,26,26.0,351.4921875,10.107799530029297,0.029400000348687172,dietrich
1557,26_09_03_cell4_2_ch0,oreol,5,76,27,27.0,350.89471435546875,9.51039981842041,0.027699999511241913,dietrich
1558,26_09_03_cell4_2_ch0,oreol,5,76,28,28.0,351.8320007324219,10.447699546813965,0.030400000512599945,dietrich
1559,26_09_03_cell4_2_ch0,oreol,5,76,29,29.0,326.8049011230469,-14.579400062561035,-0.042399998754262924,dietrich
1560,26_09_03_cell4_2_ch0,oreol,5,76,30,30.0,343.3138122558594,1.9293999671936035,0.00559999980032444,dietrich
1561,26_09_03_cell4_2_ch0,oreol,5,76,31,31.0,353.35870361328125,11.97439956665039,0.0348999984562397,dietrich
1562,26_09_03_cell4_2_ch0,oreol,5,76,32,32.0,353.4396057128906,12.05519962310791,0.035100001841783524,dietrich
1563,26_09_03_cell4_2_ch0,oreol,5,76,33,33.0,335.5557861328125,-5.82859992980957,-0.017000000923871994,dietrich
1564,26_09_03_cell4_2_ch0,oreol,5,76,34,34.0,337.7066955566406,-3.6775999069213867,-0.010700000450015068,dietrich
1565,26_09_03_cell4_2_ch0,oreol,5,76,35,35.0,346.39129638671875,5.006999969482422,0.014600000344216824,dietrich
1566,26_09_03_cell4_2_ch0,oreol,5,76,36,36.0,344.6083984375,3.224100112915039,0.009399999864399433,dietrich
1567,26_09_03_cell4_2_ch0,oreol,5,76,37,37.0,348.856689453125,7.472400188446045,0.021800000220537186,dietrich
1568,26_09_03_cell4_2_ch0,oreol,5,76,38,38.0,331.1343994140625,-10.249899864196777,-0.029899999499320984,dietrich
1569,26_09_03_cell4_2_ch0,oreol,5,76,39,39.0,338.94000244140625,-2.4444000720977783,-0.0071000000461936,dietrich
1570,26_09_03_cell4_2_ch0,oreol,5,76,40,40.0,348.2713928222656,6.8871002197265625,0.02019999921321869,dietrich
1571,26_09_03_cell4_2_ch0,oreol,5,76,41,41.0,334.1265869140625,-7.257699966430664,-0.021299999207258224,dietrich
1572,26_09_03_cell4_2_ch0,oreol,5,76,42,42.0,351.00360107421875,9.61929988861084,0.028200000524520874,dietrich
1573,26_09_03_cell4_2_ch0,oreol,5,76,43,43.0,323.40020751953125,-17.98419952392578,-0.052799999713897705,dietrich
1574,26_09_03_cell4_2_ch0,oreol,5,76,44,44.0,338.31390380859375,-3.0703999996185303,-0.008999999612569809,dietrich
1575,26_09_03_cell4_2_ch0,oreol,5,76,45,45.0,352.74261474609375,11.358200073242188,0.033399999141693115,dietrich
1576,26_09_03_cell4_2_ch0,oreol,5,76,46,46.0,340.1836853027344,-1.200700044631958,-0.0035000001080334187,dietrich
1577,26_09_03_cell4_2_ch0,oreol,5,76,47,47.0,352.635009765625,11.25059986114502,0.03319999948143959,dietrich
1578,26_09_03_cell4_2_ch0,oreol,5,76,48,48.0,349.593994140625,8.209699630737305,0.024299999698996544,dietrich
1579,26_09_03_cell4_2_ch0,oreol,5,76,49,49.0,318.5585021972656,-22.825899124145508,-0.06759999692440033,dietrich
1580,26_09_03_cell4_2_ch0,oreol,5,76,50,50.0,337.5260009765625,-3.858299970626831,-0.01140000019222498,dietrich
1581,26_09_03_cell4_2_ch0,oreol,5,76,51,51.0,325.994384765625,-15.389900207519531,-0.04569999873638153,dietrich
1582,26_09_03_cell4_2_ch0,oreol,5,76,52,52.0,333.46148681640625,-7.922800064086914,-0.023600000888109207,dietrich
1583,26_09_03_cell4_2_ch0,oreol,5,76,53,53.0,348.4252014160156,7.040900230407715,0.020999999716877937,dietrich
1584,26_09_03_cell4_2_ch0,oreol,5,76,54,54.0,332.8836975097656,-8.50059986114502,-0.025299999862909317,dietrich
1585,26_09_03_cell4_2_ch0,oreol,5,76,55,55.0,334.8349914550781,-6.549300193786621,-0.019500000402331352,dietrich
1586,26_09_03_cell4_2_ch0,oreol,5,76,56,56.0,338.277587890625,-3.106800079345703,-0.00930000003427267,dietrich
1587,26_09_03_cell4_2_ch0,oreol,5,76,57,57.0,340.70989990234375,-0.6743999719619751,-0.0020000000949949026,dietrich
1588,26_09_03_cell4_2_ch0,oreol,5,76,58,58.0,352.13079833984375,10.746399879455566,0.03220000118017197,dietrich
1589,26_09_03_cell4_2_ch0,oreol,5,76,59,59.0,335.03900146484375,-6.345300197601318,-0.01899999938905239,dietrich
1590,26_09_03_cell4_2_ch0,oreol,5,76,60,60.0,360.9339904785156,19.549699783325195,0.05869999900460243,dietrich
1591,26_09_03_cell4_2_ch0,oreol,5,76,61,61.0,351.81500244140625,10.430700302124023,0.03139999881386757,dietrich
1592,26_09_03_cell4_2_ch0,oreol,5,76,62,62.0,355.1817932128906,13.79740047454834,0.04149999842047691,dietrich
1593,26_09_03_cell4_2_ch0,oreol,5,76,63,63.0,359.5343017578125,18.149999618530273,0.05469999834895134,dietrich
1594,26_09_03_cell4_2_ch0,oreol,5,76,64,64.0,368.3728942871094,26.98859977722168,0.08139999955892563,dietrich
1595,26_09_03_cell4_2_ch0,oreol,5,76,65,65.0,361.1982116699219,19.813899993896484,0.05979999899864197,dietrich
1596,26_09_03_cell4_2_ch0,oreol,5,76,66,66.0,349.0111999511719,7.6269001960754395,0.023099999874830246,dietrich
1597,26_09_03_cell4_2_ch0,oreol,5,76,67,67.0,342.3132019042969,0.9289000034332275,0.00279999990016222,dietrich
1598,26_09_03_cell4_2_ch0,oreol,5,76,68,68.0,342.1059875488281,0.7215999960899353,0.002199999988079071,dietrich
1599,26_09_03_cell4_2_ch0,oreol,5,76,69,69.0,363.3916931152344,22.007400512695312,0.06669999659061432,dietrich
1600,26_09_03_cell4_2_ch0,oreol,5,76,70,70.0,340.17279052734375,-1.2115000486373901,-0.003700000001117587,dietrich
1601,26_09_03_cell4_2_ch0,oreol,5,76,71,71.0,331.4525146484375,-9.931900024414062,-0.03009999915957451,dietrich
1602,26_09_03_cell4_2_ch0,oreol,5,76,72,72.0,336.2341003417969,-5.150300025939941,-0.015599999576807022,dietrich
1603,26_09_03_cell4_2_ch0,oreol,5,76,73,73.0,337.0216064453125,-4.362800121307373,-0.013299999758601189,dietrich
1604,26_09_03_cell4_2_ch0,oreol,5,76,74,74.0,328.81939697265625,-12.5649995803833,-0.03819999843835831,dietrich
1605,26_09_03_cell4_2_ch0,oreol,5,76,75,75.0,344.13250732421875,2.748199939727783,0.00839999970048666,dietrich
1606,26_09_03_cell4_2_ch0,oreol,5,76,76,76.0,339.96649169921875,-1.417799949645996,-0.00430000014603138,dietrich
1607,26_09_03_cell4_2_ch0,oreol,5,76,77,77.0,339.8273010253906,-1.5570000410079956,-0.004800000227987766,dietrich
1608,26_09_03_cell4_2_ch0,oreol,5,76,78,78.0,325.2217102050781,-16.162599563598633,-0.049400001764297485,dietrich
1609,26_09_03_cell4_2_ch0,oreol,5,76,79,79.0,339.65679931640625,-1.7274999618530273,-0.0052999998442828655,dietrich
1610,26_09_03_cell4_2_ch0,oreol,5,76,80,80.0,332.1405944824219,-9.243800163269043,-0.028300000354647636,dietrich
1611,26_09_03_cell4_2_ch0,oreol,5,76,81,81.0,336.181396484375,-5.202899932861328,-0.01600000075995922,dietrich
1612,26_09_03_cell4_2_ch0,oreol,5,76,82,82.0,335.28839111328125,-6.095900058746338,-0.018799999728798866,dietrich
1613,26_09_03_cell4_2_ch0,oreol,5,76,83,83.0,346.97149658203125,5.587200164794922,0.01720000058412552,dietrich
1614,26_09_03_cell4_2_ch0,oreol,5,76,84,84.0,337.7410888671875,-3.643199920654297,-0.011300000362098217,dietrich
1615,26_09_03_cell4_2_ch0,oreol,5,76,85,85.0,346.1083984375,4.724100112915039,0.014600000344216824,dietrich
1616,26_09_03_cell4_2_ch0,oreol,5,76,86,86.0,341.58538818359375,0.20100000500679016,0.0006000000284984708,dietrich
1617,26_09_03_cell4_2_ch0,oreol,5,76,87,87.0,347.1846008300781,5.800300121307373,0.01810000091791153,dietrich
1618,26_09_03_cell4_2_ch0,oreol,5,76,88,88.0,346.9197082519531,5.535399913787842,0.01730000041425228,dietrich
1619,26_09_03_cell4_2_ch0,oreol,5,76,90,89.0,335.8048095703125,-5.579599857330322,-0.017500000074505806,dietrich
1620,26_09_03_cell4_2_ch0,oreol,6,44,0,0.0,453.81439208984375,15.722200393676758,0.03579999879002571,dietrich
1621,26_09_03_cell4_2_ch0,oreol,6,44,1,1.0,441.31060791015625,3.218400001525879,0.007400000002235174,dietrich
1622,26_09_03_cell4_2_ch0,oreol,6,44,2,2.0,434.2207946777344,-3.8714001178741455,-0.008899999782443047,dietrich
1623,26_09_03_cell4_2_ch0,oreol,6,44,3,3.0,436.6860046386719,-1.4061000347137451,-0.0032999999821186066,dietrich
1624,26_09_03_cell4_2_ch0,oreol,6,44,4,4.0,428.09698486328125,-9.995200157165527,-0.02329999953508377,dietrich
1625,26_09_03_cell4_2_ch0,oreol,6,44,5,5.0,424.2184143066406,-13.873800277709961,-0.032600000500679016,dietrich
1626,26_09_03_cell4_2_ch0,oreol,6,44,6,6.0,404.814208984375,-33.27799987792969,-0.07850000262260437,dietrich
1627,26_09_03_cell4_2_ch0,oreol,6,44,7,7.0,410.27301025390625,-27.81920051574707,-0.06599999964237213,dietrich
1628,26_09_03_cell4_2_ch0,oreol,6,44,8,8.0,410.6072082519531,-27.484899520874023,-0.06549999862909317,dietrich
1629,26_09_03_cell4_2_ch0,oreol,6,44,9,9.0,411.4541015625,-26.63800048828125,-0.06369999796152115,dietrich
1630,26_09_03_cell4_2_ch0,oreol,6,44,10,10.0,410.20001220703125,-27.892200469970703,-0.06700000166893005,dietrich
1631,26_09_03_cell4_2_ch0,oreol,6,44,11,11.0,403.4805908203125,-34.61159896850586,-0.08349999785423279,dietrich
1632,26_09_03_cell4_2_ch0,oreol,6,44,12,12.0,408.1809997558594,-29.91119956970215,-0.07240000367164612,dietrich
1633,26_09_03_cell4_2_ch0,oreol,6,44,13,13.0,430.185791015625,-7.906400203704834,-0.019200000911951065,dietrich
1634,26_09_03_cell4_2_ch0,oreol,6,44,14,14.0,417.8788146972656,-20.213300704956055,-0.049300000071525574,dietrich
1635,26_09_03_cell4_2_ch0,oreol,6,44,15,15.0,421.7685852050781,-16.32360076904297,-0.03999999910593033,dietrich
1636,26_09_03_cell4_2_ch0,oreol,6,44,16,16.0,433.86279296875,-4.229300022125244,-0.010400000028312206,dietrich
1637,26_09_03_cell4_2_ch0,oreol,6,44,17,17.0,444.1687927246094,6.076600074768066,0.014999999664723873,dietrich
1638,26_09_03_cell4_2_ch0,oreol,6,44,18,18.0,446.6932067871094,8.60099983215332,0.021299999207258224,dietrich
1639,26_09_03_cell4_2_ch0,oreol,6,44,19,19.0,453.69219970703125,15.600099563598633,0.03869999945163727,dietrich
1640,26_09_03_cell4_2_ch0,oreol,6,44,20,20.0,457.17169189453125,19.079599380493164,0.04740000143647194,dietrich
1641,26_09_03_cell4_2_ch0,oreol,6,44,21,21.0,453.6368103027344,15.544599533081055,0.03880000114440918,dietrich
1642,26_09_03_cell4_2_ch0,oreol,6,44,22,22.0,454.09228515625,16.000200271606445,0.03999999910593033,dietrich
1643,26_09_03_cell4_2_ch0,oreol,6,44,23,23.0,487.5425109863281,49.45029830932617,0.12409999966621399,dietrich
1644,26_09_03_cell4_2_ch0,oreol,6,44,24,24.0,486.4913024902344,48.39910125732422,0.121799997985363,dietrich
1645,26_09_03_cell4_2_ch0,oreol,6,44,25,25.0,498.9421081542969,60.84989929199219,0.15360000729560852,dietrich
1646,26_09_03_cell4_2_ch0,oreol,6,44,26,26.0,508.52301025390625,70.43080139160156,0.17829999327659607,dietrich
1647,26_09_03_cell4_2_ch0,oreol,6,44,27,27.0,520.8616943359375,82.76950073242188,0.2101999968290329,dietrich
1648,26_09_03_cell4_2_ch0,oreol,6,44,28,28.0,505.460205078125,67.36810302734375,0.17159999907016754,dietrich
1649,26_09_03_cell4_2_ch0,oreol,6,44,29,29.0,501.69580078125,63.603599548339844,0.16259999573230743,dietrich
1650,26_09_03_cell4_2_ch0,oreol,6,44,30,30.0,489.0697937011719,50.97760009765625,0.1307000070810318,dietrich
1651,26_09_03_cell4_2_ch0,oreol,6,44,31,31.0,452.45849609375,14.366299629211426,0.03700000047683716,dietrich
1652,26_09_03_cell4_2_ch0,oreol,6,44,32,32.0,460.11279296875,22.020599365234375,0.0568000003695488,dietrich
1653,26_09_03_cell4_2_ch0,oreol,6,44,33,33.0,455.4082946777344,17.316099166870117,0.04479999840259552,dietrich
1654,26_09_03_cell4_2_ch0,oreol,6,44,34,34.0,448.7203063964844,10.628100395202637,0.02759999968111515,dietrich
1655,26_09_03_cell4_2_ch0,oreol,6,44,35,35.0,451.67388916015625,13.581700325012207,0.03539999946951866,dietrich
1656,26_09_03_cell4_2_ch0,oreol,6,44,36,36.0,436.768798828125,-1.3234000205993652,-0.0035000001080334187,dietrich
1657,26_09_03_cell4_2_ch0,oreol,6,44,37,37.0,435.5046081542969,-2.587599992752075,-0.006800000090152025,dietrich
1658,26_09_03_cell4_2_ch0,oreol,6,44,38,38.0,438.505615234375,0.41350001096725464,0.0010999999940395355,dietrich
1659,26_09_03_cell4_2_ch0,oreol,6,44,39,39.0,433.14599609375,-4.946199893951416,-0.013100000098347664,dietrich
1660,26_09_03_cell4_2_ch0,oreol,6,44,40,40.0,439.2995910644531,1.2073999643325806,0.0031999999191612005,dietrich
1661,26_09_03_cell4_2_ch0,oreol,6,44,41,41.0,433.9649963378906,-4.127200126647949,-0.010999999940395355,dietrich
1662,26_09_03_cell4_2_ch0,oreol,6,44,42,42.0,432.8909912109375,-5.201200008392334,-0.013899999670684338,dietrich
1663,26_09_03_cell4_2_ch0,oreol,6,44,43,43.0,425.4508056640625,-12.641400337219238,-0.033900000154972076,dietrich
1664,26_09_03_cell4_2_ch0,oreol,6,44,44,44.0,433.6427917480469,-4.449399948120117,-0.012000000104308128,dietrich
1665,26_09_03_cell4_2_ch0,oreol,6,44,45,45.0,439.9649963378906,1.8727999925613403,0.005100000184029341,dietrich
1666,26_09_03_cell4_2_ch0,oreol,6,44,46,46.0,432.29058837890625,-5.801599979400635,-0.015799999237060547,dietrich
1667,26_09_03_cell4_2_ch0,oreol,6,44,47,47.0,449.6173095703125,11.525099754333496,0.03139999881386757,dietrich
1668,26_09_03_cell4_2_ch0,oreol,6,44,48,48.0,447.5682067871094,9.47599983215332,0.026000000536441803,dietrich
1669,26_09_03_cell4_2_ch0,oreol,6,44,49,49.0,454.7659912109375,16.673799514770508,0.04580000042915344,dietrich
1670,26_09_03_cell4_2_ch0,oreol,6,44,50,50.0,443.8334045410156,5.741300106048584,0.015799999237060547,dietrich
1671,26_09_03_cell4_2_ch0,oreol,6,44,51,51.0,431.6431884765625,-6.44890022277832,-0.017899999395012856,dietrich
1672,26_09_03_cell4_2_ch0,oreol,6,44,52,52.0,434.568115234375,-3.5239999294281006,-0.009800000116229057,dietrich
1673,26_09_03_cell4_2_ch0,oreol,6,44,53,53.0,436.2308044433594,-1.8614000082015991,-0.005200000014156103,dietrich
1674,26_09_03_cell4_2_ch0,oreol,6,44,54,54.0,429.3788146972656,-8.713299751281738,-0.024399999529123306,dietrich
1675,26_09_03_cell4_2_ch0,oreol,6,44,55,55.0,428.6351013183594,-9.457099914550781,-0.026599999517202377,dietrich
1676,26_09_03_cell4_2_ch0,oreol,6,44,56,56.0,439.4974060058594,1.4052000045776367,0.004000000189989805,dietrich
1677,26_09_03_cell4_2_ch0,oreol,6,44,57,57.0,432.2134094238281,-5.878799915313721,-0.016699999570846558,dietrich
1678,26_09_03_cell4_2_ch0,oreol,6,44,58,58.0,434.28118896484375,-3.8108999729156494,-0.010900000110268593,dietrich
1679,26_09_03_cell4_2_ch0,oreol,6,44,59,59.0,444.8236999511719,6.731500148773193,0.019200000911951065,dietrich
1680,26_09_03_cell4_2_ch0,oreol,6,44,60,60.0,429.2139892578125,-8.878199577331543,-0.025499999523162842,dietrich
1681,26_09_03_cell4_2_ch0,oreol,6,44,61,61.0,433.7002868652344,-4.3917999267578125,-0.012600000016391277,dietrich
1682,26_09_03_cell4_2_ch0,oreol,6,44,62,62.0,424.031005859375,-14.061200141906738,-0.0406000018119812,dietrich
1683,26_09_03_cell4_2_ch0,oreol,6,44,63,63.0,419.57958984375,-18.51259994506836,-0.053700000047683716,dietrich
1684,26_09_03_cell4_2_ch0,oreol,6,44,64,64.0,437.9696044921875,-0.1225999966263771,-0.00039999998989515007,dietrich
1685,26_09_03_cell4_2_ch0,oreol,6,44,65,65.0,430.57501220703125,-7.517199993133545,-0.021900000050663948,dietrich
1686,26_09_03_cell4_2_ch0,oreol,6,44,66,66.0,430.2698059082031,-7.822400093078613,-0.02290000021457672,dietrich
1687,26_09_03_cell4_2_ch0,oreol,6,44,67,67.0,435.8031921386719,-2.2890000343322754,-0.0066999997943639755,dietrich
1688,26_09_03_cell4_2_ch0,oreol,6,44,68,68.0,430.2997131347656,-7.792500019073486,-0.02290000021457672,dietrich
1689,26_09_03_cell4_2_ch0,oreol,6,44,69,69.0,431.5089111328125,-6.5833001136779785,-0.01940000057220459,dietrich
1690,26_09_03_cell4_2_ch0,oreol,6,44,70,70.0,428.4307861328125,-9.661299705505371,-0.028599999845027924,dietrich
1691,26_09_03_cell4_2_ch0,oreol,6,44,71,71.0,432.1907043457031,-5.901500225067139,-0.017500000074505806,dietrich
1692,26_09_03_cell4_2_ch0,oreol,6,44,72,72.0,437.78900146484375,-0.30320000648498535,-0.0008999999845400453,dietrich
1693,26_09_03_cell4_2_ch0,oreol,6,44,73,73.0,446.35150146484375,8.259300231933594,0.02459999918937683,dietrich
1694,26_09_03_cell4_2_ch0,oreol,6,44,74,74.0,445.3793029785156,7.287099838256836,0.021800000220537186,dietrich
1695,26_09_03_cell4_2_ch0,oreol,6,44,75,75.0,435.6239013671875,-2.4683001041412354,-0.007400000002235174,dietrich
1696,26_09_03_cell4_2_ch0,oreol,6,44,76,76.0,441.5870056152344,3.4948999881744385,0.010499999858438969,dietrich
1697,26_09_03_cell4_2_ch0,oreol,6,44,77,77.0,453.02081298828125,14.928600311279297,0.04490000009536743,dietrich
1698,26_09_03_cell4_2_ch0,oreol,6,44,78,78.0,458.30279541015625,20.210599899291992,0.0608999989926815,dietrich
1699,26_09_03_cell4_2_ch0,oreol,6,44,79,79.0,447.560791015625,9.468700408935547,0.028599999845027924,dietrich
1700,26_09_03_cell4_2_ch0,oreol,6,44,80,80.0,448.9233093261719,10.831100463867188,0.03280000016093254,dietrich
1701,26_09_03_cell4_2_ch0,oreol,6,44,81,81.0,449.768798828125,11.6766996383667,0.03539999946951866,dietrich
1702,26_09_03_cell4_2_ch0,oreol,6,44,82,82.0,455.3515930175781,17.25950050354004,0.052400000393390656,dietrich
1703,26_09_03_cell4_2_ch0,oreol,6,44,83,83.0,441.30120849609375,3.2091000080108643,0.009800000116229057,dietrich
1704,26_09_03_cell4_2_ch0,oreol,6,44,84,84.0,443.372802734375,5.280700206756592,0.016100000590085983,dietrich
1705,26_09_03_cell4_2_ch0,oreol,6,44,85,85.0,434.4468078613281,-3.6452999114990234,-0.011099999770522118,dietrich
1706,26_09_03_cell4_2_ch0,oreol,6,44,86,86.0,447.5293884277344,9.437199592590332,0.02889999933540821,dietrich
1707,26_09_03_cell4_2_ch0,oreol,6,44,87,87.0,436.8768005371094,-1.2152999639511108,-0.003700000001117587,dietrich
1708,26_09_03_cell4_2_ch0,oreol,6,44,88,88.0,436.87139892578125,-1.2207000255584717,-0.003700000001117587,dietrich
1709,26_09_03_cell4_2_ch0,oreol,6,44,90,89.0,432.14569091796875,-5.946499824523926,-0.018300000578165054,dietrich
1710,26_09_03_cell4_2_ch0,oreol,7,29,0,0.0,337.7503967285156,9.30270004272461,0.028300000354647636,dietrich
1711,26_09_03_cell4_2_ch0,oreol,7,29,1,1.0,342.93389892578125,14.486200332641602,0.044199999421834946,dietrich
1712,26_09_03_cell4_2_ch0,oreol,7,29,2,2.0,326.1484069824219,-2.299299955368042,-0.0071000000461936,dietrich
1713,26_09_03_cell4_2_ch0,oreol,7,29,3,3.0,319.8778991699219,-8.56980037689209,-0.026399999856948853,dietrich
1714,26_09_03_cell4_2_ch0,oreol,7,29,4,4.0,324.7113952636719,-3.736299991607666,-0.011599999852478504,dietrich
1715,26_09_03_cell4_2_ch0,oreol,7,29,5,5.0,311.23699951171875,-17.210599899291992,-0.05339999869465828,dietrich
1716,26_09_03_cell4_2_ch0,oreol,7,29,6,6.0,316.5165100097656,-11.93120002746582,-0.03720000013709068,dietrich
1717,26_09_03_cell4_2_ch0,oreol,7,29,7,7.0,314.5580139160156,-13.889699935913086,-0.04340000078082085,dietrich
1718,26_09_03_cell4_2_ch0,oreol,7,29,8,8.0,319.527587890625,-8.920100212097168,-0.02800000086426735,dietrich
1719,26_09_03_cell4_2_ch0,oreol,7,29,9,9.0,319.59039306640625,-8.857199668884277,-0.027799999341368675,dietrich
1720,26_09_03_cell4_2_ch0,oreol,7,29,10,10.0,328.9117126464844,0.46399998664855957,0.001500000013038516,dietrich
1721,26_09_03_cell4_2_ch0,oreol,7,29,11,11.0,327.8663024902344,-0.5813999772071838,-0.0017999999690800905,dietrich
1722,26_09_03_cell4_2_ch0,oreol,7,29,12,12.0,332.77630615234375,4.32859992980957,0.013700000010430813,dietrich
1723,26_09_03_cell4_2_ch0,oreol,7,29,13,13.0,348.5421142578125,20.09440040588379,0.06379999965429306,dietrich
1724,26_09_03_cell4_2_ch0,oreol,7,29,14,14.0,341.906005859375,13.45829963684082,0.04280000180006027,dietrich
1725,26_09_03_cell4_2_ch0,oreol,7,29,15,15.0,358.6099853515625,30.16230010986328,0.09619999676942825,dietrich
1726,26_09_03_cell4_2_ch0,oreol,7,29,16,16.0,349.23760986328125,20.789899826049805,0.06639999896287918,dietrich
1727,26_09_03_cell4_2_ch0,oreol,7,29,17,17.0,362.1087951660156,33.66109848022461,0.10769999772310257,dietrich
1728,26_09_03_cell4_2_ch0,oreol,7,29,18,18.0,381.22760009765625,52.77989959716797,0.16920000314712524,dietrich
1729,26_09_03_cell4_2_ch0,oreol,7,29,19,19.0,373.3869934082031,44.939300537109375,0.1444000005722046,dietrich
1730,26_09_03_cell4_2_ch0,oreol,7,29,20,20.0,368.5378112792969,40.0900993347168,0.1289999932050705,dietrich
1731,26_09_03_cell4_2_ch0,oreol,7,29,21,21.0,374.73541259765625,46.28779983520508,0.1492999941110611,dietrich
1732,26_09_03_cell4_2_ch0,oreol,7,29,22,22.0,367.24578857421875,38.798099517822266,0.12530000507831573,dietrich
1733,26_09_03_cell4_2_ch0,oreol,7,29,23,23.0,358.28179931640625,29.8341007232666,0.09650000184774399,dietrich
1734,26_09_03_cell4_2_ch0,oreol,7,29,24,24.0,362.3192138671875,33.871498107910156,0.10980000346899033,dietrich
1735,26_09_03_cell4_2_ch0,oreol,7,29,25,25.0,420.6755065917969,92.22779846191406,0.2996000051498413,dietrich
1736,26_09_03_cell4_2_ch0,oreol,7,29,26,26.0,408.82611083984375,80.37840270996094,0.26159998774528503,dietrich
1737,26_09_03_cell4_2_ch0,oreol,7,29,27,27.0,377.14068603515625,48.69300079345703,0.15870000422000885,dietrich
1738,26_09_03_cell4_2_ch0,oreol,7,29,28,28.0,362.8309020996094,34.383201599121094,0.11230000108480453,dietrich
1739,26_09_03_cell4_2_ch0,oreol,7,29,29,29.0,352.47650146484375,24.028799057006836,0.07859999686479568,dietrich
1740,26_09_03_cell4_2_ch0,oreol,7,29,30,30.0,361.7098083496094,33.26210021972656,0.10909999907016754,dietrich
1741,26_09_03_cell4_2_ch0,oreol,7,29,31,31.0,355.89959716796875,27.45199966430664,0.09019999951124191,dietrich
1742,26_09_03_cell4_2_ch0,oreol,7,29,32,32.0,337.8883972167969,9.440799713134766,0.031099999323487282,dietrich
1743,26_09_03_cell4_2_ch0,oreol,7,29,33,33.0,347.4656982421875,19.01799964904785,0.06270000338554382,dietrich
1744,26_09_03_cell4_2_ch0,oreol,7,29,34,34.0,347.5262145996094,19.07859992980957,0.06310000270605087,dietrich
1745,26_09_03_cell4_2_ch0,oreol,7,29,35,35.0,342.0697021484375,13.621999740600586,0.045099999755620956,dietrich
1746,26_09_03_cell4_2_ch0,oreol,7,29,36,36.0,337.9906005859375,9.542900085449219,0.031700000166893005,dietrich
1747,26_09_03_cell4_2_ch0,oreol,7,29,37,37.0,336.0777893066406,7.630199909210205,0.02539999969303608,dietrich
1748,26_09_03_cell4_2_ch0,oreol,7,29,38,38.0,327.1203918457031,-1.327299952507019,-0.004399999976158142,dietrich
1749,26_09_03_cell4_2_ch0,oreol,7,29,39,39.0,330.7489929199219,2.3013999462127686,0.007699999958276749,dietrich
1750,26_09_03_cell4_2_ch0,oreol,7,29,40,40.0,326.70001220703125,-1.7476999759674072,-0.005900000222027302,dietrich
1751,26_09_03_cell4_2_ch0,oreol,7,29,41,41.0,316.9721984863281,-11.475500106811523,-0.03849999979138374,dietrich
1752,26_09_03_cell4_2_ch0,oreol,7,29,42,42.0,329.0386047363281,0.5909000039100647,0.0020000000949949026,dietrich
1753,26_09_03_cell4_2_ch0,oreol,7,29,43,43.0,336.89801025390625,8.450300216674805,0.02850000001490116,dietrich
1754,26_09_03_cell4_2_ch0,oreol,7,29,44,44.0,334.6022033691406,6.1545000076293945,0.020800000056624413,dietrich
1755,26_09_03_cell4_2_ch0,oreol,7,29,45,45.0,333.9921875,5.54449987411499,0.018799999728798866,dietrich
1756,26_09_03_cell4_2_ch0,oreol,7,29,46,46.0,335.856201171875,7.408599853515625,0.025200000032782555,dietrich
1757,26_09_03_cell4_2_ch0,oreol,7,29,47,47.0,332.5617980957031,4.114099979400635,0.014000000432133675,dietrich
1758,26_09_03_cell4_2_ch0,oreol,7,29,48,48.0,329.6340026855469,1.1863000392913818,0.004100000020116568,dietrich
1759,26_09_03_cell4_2_ch0,oreol,7,29,49,49.0,337.3876037597656,8.939800262451172,0.03060000017285347,dietrich
1760,26_09_03_cell4_2_ch0,oreol,7,29,50,50.0,327.4530029296875,-0.994700014591217,-0.0034000000450760126,dietrich
1761,26_09_03_cell4_2_ch0,oreol,7,29,51,51.0,332.19769287109375,3.75,0.012900000438094139,dietrich
1762,26_09_03_cell4_2_ch0,oreol,7,29,52,52.0,327.4627990722656,-0.9848999977111816,-0.0034000000450760126,dietrich
1763,26_09_03_cell4_2_ch0,oreol,7,29,53,53.0,338.9316101074219,10.48390007019043,0.03620000183582306,dietrich
1764,26_09_03_cell4_2_ch0,oreol,7,29,54,54.0,332.2875061035156,3.8397998809814453,0.013299999758601189,dietrich
1765,26_09_03_cell4_2_ch0,oreol,7,29,55,55.0,332.8981018066406,4.450399875640869,0.01549999974668026,dietrich
1766,26_09_03_cell4_2_ch0,oreol,7,29,56,56.0,328.55218505859375,0.10459999740123749,0.00039999998989515007,dietrich
1767,26_09_03_cell4_2_ch0,oreol,7,29,57,57.0,328.67041015625,0.22269999980926514,0.0007999999797903001,dietrich
1768,26_09_03_cell4_2_ch0,oreol,7,29,58,58.0,326.9361877441406,-1.5113999843597412,-0.0052999998442828655,dietrich
1769,26_09_03_cell4_2_ch0,oreol,7,29,59,59.0,327.82330322265625,-0.6244000196456909,-0.002199999988079071,dietrich
1770,26_09_03_cell4_2_ch0,oreol,7,29,60,60.0,326.3837890625,-2.063800096511841,-0.007199999876320362,dietrich
1771,26_09_03_cell4_2_ch0,oreol,7,29,61,61.0,322.93389892578125,-5.513800144195557,-0.01940000057220459,dietrich
1772,26_09_03_cell4_2_ch0,oreol,7,29,62,62.0,327.4732971191406,-0.974399983882904,-0.0034000000450760126,dietrich
1773,26_09_03_cell4_2_ch0,oreol,7,29,63,63.0,333.10791015625,4.660200119018555,0.016499999910593033,dietrich
1774,26_09_03_cell4_2_ch0,oreol,7,29,64,64.0,327.4169921875,-1.0306999683380127,-0.003599999938160181,dietrich
1775,26_09_03_cell4_2_ch0,oreol,7,29,65,65.0,331.6117858886719,3.164099931716919,0.01119999960064888,dietrich
1776,26_09_03_cell4_2_ch0,oreol,7,29,66,66.0,333.32489013671875,4.877200126647949,0.01730000041425228,dietrich
1777,26_09_03_cell4_2_ch0,oreol,7,29,67,67.0,331.6099853515625,3.1623001098632812,0.011300000362098217,dietrich
1778,26_09_03_cell4_2_ch0,oreol,7,29,68,68.0,336.9949035644531,8.547200202941895,0.030500000342726707,dietrich
1779,26_09_03_cell4_2_ch0,oreol,7,29,69,69.0,322.05999755859375,-6.387700080871582,-0.02280000038444996,dietrich
1780,26_09_03_cell4_2_ch0,oreol,7,29,70,70.0,323.281005859375,-5.1666998863220215,-0.01850000023841858,dietrich
1781,26_09_03_cell4_2_ch0,oreol,7,29,71,71.0,334.44940185546875,6.0015997886657715,0.0215000007301569,dietrich
1782,26_09_03_cell4_2_ch0,oreol,7,29,72,72.0,326.3572082519531,-2.0905001163482666,-0.007499999832361937,dietrich
1783,26_09_03_cell4_2_ch0,oreol,7,29,73,73.0,323.3753967285156,-5.072299957275391,-0.018300000578165054,dietrich
1784,26_09_03_cell4_2_ch0,oreol,7,29,74,74.0,329.4020080566406,0.9542999863624573,0.0034000000450760126,dietrich
1785,26_09_03_cell4_2_ch0,oreol,7,29,75,75.0,330.8612060546875,2.4135000705718994,0.008700000122189522,dietrich
1786,26_09_03_cell4_2_ch0,oreol,7,29,76,76.0,332.5461120605469,4.098400115966797,0.01489999983459711,dietrich
1787,26_09_03_cell4_2_ch0,oreol,7,29,77,77.0,336.5661926269531,8.118499755859375,0.029500000178813934,dietrich
1788,26_09_03_cell4_2_ch0,oreol,7,29,78,78.0,331.92559814453125,3.4779999256134033,0.01269999984651804,dietrich
1789,26_09_03_cell4_2_ch0,oreol,7,29,79,79.0,330.418701171875,1.9709999561309814,0.007199999876320362,dietrich
1790,26_09_03_cell4_2_ch0,oreol,7,29,80,80.0,326.6820983886719,-1.7655999660491943,-0.006500000134110451,dietrich
1791,26_09_03_cell4_2_ch0,oreol,7,29,81,81.0,322.87921142578125,-5.56850004196167,-0.020400000736117363,dietrich
1792,26_09_03_cell4_2_ch0,oreol,7,29,82,82.0,323.64739990234375,-4.800300121307373,-0.01769999973475933,dietrich
1793,26_09_03_cell4_2_ch0,oreol,7,29,83,83.0,328.5718994140625,0.1242000013589859,0.0005000000237487257,dietrich
1794,26_09_03_cell4_2_ch0,oreol,7,29,84,84.0,328.5015869140625,0.05389999970793724,0.00019999999494757503,dietrich
1795,26_09_03_cell4_2_ch0,oreol,7,29,85,85.0,329.81201171875,1.364300012588501,0.005100000184029341,dietrich
1796,26_09_03_cell4_2_ch0,oreol,7,29,86,86.0,331.2475891113281,2.799999952316284,0.010400000028312206,dietrich
1797,26_09_03_cell4_2_ch0,oreol,7,29,87,87.0,329.1322021484375,0.684499979019165,0.0026000000070780516,dietrich
1798,26_09_03_cell4_2_ch0,oreol,7,29,88,88.0,325.79010009765625,-2.657599925994873,-0.009999999776482582,dietrich
1799,26_09_03_cell4_2_ch0,oreol,7,29,90,89.0,325.125,-3.3225998878479004,-0.012600000016391277,dietrich
1800,26_09_03_cell4_2_ch0,oreol,8,8,0,0.0,639.2952270507812,26.883699417114258,0.043800000101327896,dietrich
1801,26_09_03_cell4_2_ch0,oreol,8,8,1,1.0,619.06201171875,6.6504998207092285,0.010900000110268593,dietrich
1802,26_09_03_cell4_2_ch0,oreol,8,8,2,2.0,608.25439453125,-4.1570000648498535,-0.006800000090152025,dietrich
1803,26_09_03_cell4_2_ch0,oreol,8,8,3,3.0,603.576416015625,-8.835100173950195,-0.014600000344216824,dietrich
1804,26_09_03_cell4_2_ch0,oreol,8,8,4,4.0,591.4804077148438,-20.93120002746582,-0.03480000048875809,dietrich
1805,26_09_03_cell4_2_ch0,oreol,8,8,5,5.0,579.9537963867188,-32.457698822021484,-0.05429999902844429,dietrich
1806,26_09_03_cell4_2_ch0,oreol,8,8,6,6.0,582.9827880859375,-29.428699493408203,-0.049400001764297485,dietrich
1807,26_09_03_cell4_2_ch0,oreol,8,8,7,7.0,574.2666015625,-38.144901275634766,-0.06430000066757202,dietrich
1808,26_09_03_cell4_2_ch0,oreol,8,8,8,8.0,590.9678955078125,-21.443599700927734,-0.03629999980330467,dietrich
1809,26_09_03_cell4_2_ch0,oreol,8,8,9,9.0,604.7479858398438,-7.66349983215332,-0.013000000268220901,dietrich
1810,26_09_03_cell4_2_ch0,oreol,8,8,10,10.0,598.2318115234375,-14.179699897766113,-0.02410000003874302,dietrich
1811,26_09_03_cell4_2_ch0,oreol,8,8,11,11.0,608.0072021484375,-4.404399871826172,-0.007499999832361937,dietrich
1812,26_09_03_cell4_2_ch0,oreol,8,8,12,12.0,621.7326049804688,9.321000099182129,0.01590000092983246,dietrich
1813,26_09_03_cell4_2_ch0,oreol,8,8,13,13.0,642.3870239257812,29.975500106811523,0.05139999836683273,dietrich
1814,26_09_03_cell4_2_ch0,oreol,8,8,14,14.0,644.5556030273438,32.14400100708008,0.0551999993622303,dietrich
1815,26_09_03_cell4_2_ch0,oreol,8,8,15,15.0,634.893798828125,22.48240089416504,0.03869999945163727,dietrich
1816,26_09_03_cell4_2_ch0,oreol,8,8,16,16.0,635.0211791992188,22.609699249267578,0.039000000804662704,dietrich
1817,26_09_03_cell4_2_ch0,oreol,8,8,17,17.0,647.198486328125,34.7869987487793,0.060100000351667404,dietrich
1818,26_09_03_cell4_2_ch0,oreol,8,8,18,18.0,656.3287963867188,43.91740036010742,0.07599999755620956,dietrich
1819,26_09_03_cell4_2_ch0,oreol,8,8,19,19.0,679.5289916992188,67.11750030517578,0.11640000343322754,dietrich
1820,26_09_03_cell4_2_ch0,oreol,8,8,20,20.0,669.12890625,56.71739959716797,0.09849999845027924,dietrich
1821,26_09_03_cell4_2_ch0,oreol,8,8,21,21.0,650.565185546875,38.15370178222656,0.06639999896287918,dietrich
1822,26_09_03_cell4_2_ch0,oreol,8,8,22,22.0,672.0949096679688,59.68339920043945,0.10400000214576721,dietrich
1823,26_09_03_cell4_2_ch0,oreol,8,8,23,23.0,663.581787109375,51.1703987121582,0.0892999991774559,dietrich
1824,26_09_03_cell4_2_ch0,oreol,8,8,24,24.0,674.1389770507812,61.727500915527344,0.10790000110864639,dietrich
1825,26_09_03_cell4_2_ch0,oreol,8,8,25,25.0,687.7000122070312,75.28839874267578,0.13179999589920044,dietrich
1826,26_09_03_cell4_2_ch0,oreol,8,8,26,26.0,663.2337036132812,50.822200775146484,0.08910000324249268,dietrich
1827,26_09_03_cell4_2_ch0,oreol,8,8,27,27.0,655.9583740234375,43.54690170288086,0.07649999856948853,dietrich
1828,26_09_03_cell4_2_ch0,oreol,8,8,28,28.0,662.091796875,49.680198669433594,0.08739999681711197,dietrich
1829,26_09_03_cell4_2_ch0,oreol,8,8,29,29.0,662.9580078125,50.5463981628418,0.08910000324249268,dietrich
1830,26_09_03_cell4_2_ch0,oreol,8,8,30,30.0,656.8093872070312,44.39799880981445,0.07840000092983246,dietrich
1831,26_09_03_cell4_2_ch0,oreol,8,8,31,31.0,659.7550048828125,47.34349822998047,0.08380000293254852,dietrich
1832,26_09_03_cell4_2_ch0,oreol,8,8,32,32.0,656.5103759765625,44.098899841308594,0.07819999754428864,dietrich
1833,26_09_03_cell4_2_ch0,oreol,8,8,33,33.0,651.4691772460938,39.057701110839844,0.06939999759197235,dietrich
1834,26_09_03_cell4_2_ch0,oreol,8,8,34,34.0,650.9891967773438,38.57780075073242,0.06859999895095825,dietrich
1835,26_09_03_cell4_2_ch0,oreol,8,8,35,35.0,645.0703735351562,32.65890121459961,0.05820000171661377,dietrich
1836,26_09_03_cell4_2_ch0,oreol,8,8,36,36.0,640.7839965820312,28.372499465942383,0.050700001418590546,dietrich
1837,26_09_03_cell4_2_ch0,oreol,8,8,37,37.0,637.2006225585938,24.789100646972656,0.04439999908208847,dietrich
1838,26_09_03_cell4_2_ch0,oreol,8,8,38,38.0,632.497802734375,20.086299896240234,0.035999998450279236,dietrich
1839,26_09_03_cell4_2_ch0,oreol,8,8,39,39.0,620.6387939453125,8.227299690246582,0.014800000004470348,dietrich
1840,26_09_03_cell4_2_ch0,oreol,8,8,40,40.0,620.22900390625,7.817500114440918,0.014100000262260437,dietrich
1841,26_09_03_cell4_2_ch0,oreol,8,8,41,41.0,615.6596069335938,3.248199939727783,0.005900000222027302,dietrich
1842,26_09_03_cell4_2_ch0,oreol,8,8,42,42.0,621.6785888671875,9.267200469970703,0.01679999940097332,dietrich
1843,26_09_03_cell4_2_ch0,oreol,8,8,43,43.0,619.5695190429688,7.1579999923706055,0.013000000268220901,dietrich
1844,26_09_03_cell4_2_ch0,oreol,8,8,44,44.0,626.7584838867188,14.347000122070312,0.026100000366568565,dietrich
1845,26_09_03_cell4_2_ch0,oreol,8,8,45,45.0,619.7786865234375,7.367199897766113,0.013399999588727951,dietrich
1846,26_09_03_cell4_2_ch0,oreol,8,8,46,46.0,623.234619140625,10.823100090026855,0.01979999989271164,dietrich
1847,26_09_03_cell4_2_ch0,oreol,8,8,47,47.0,624.230712890625,11.819199562072754,0.02160000056028366,dietrich
1848,26_09_03_cell4_2_ch0,oreol,8,8,48,48.0,629.5855712890625,17.174100875854492,0.03150000050663948,dietrich
1849,26_09_03_cell4_2_ch0,oreol,8,8,49,49.0,617.0465698242188,4.6350998878479,0.008500000461935997,dietrich
1850,26_09_03_cell4_2_ch0,oreol,8,8,50,50.0,615.0748291015625,2.663300037384033,0.004900000058114529,dietrich
1851,26_09_03_cell4_2_ch0,oreol,8,8,51,51.0,610.2034301757812,-2.2081000804901123,-0.004100000020116568,dietrich
1852,26_09_03_cell4_2_ch0,oreol,8,8,52,52.0,612.3220825195312,-0.08940000087022781,-0.00019999999494757503,dietrich
1853,26_09_03_cell4_2_ch0,oreol,8,8,53,53.0,612.4284057617188,0.016899999231100082,0.0,dietrich
1854,26_09_03_cell4_2_ch0,oreol,8,8,54,54.0,612.2695922851562,-0.1420000046491623,-0.0003000000142492354,dietrich
1855,26_09_03_cell4_2_ch0,oreol,8,8,55,55.0,616.2714233398438,3.8598999977111816,0.007199999876320362,dietrich
1856,26_09_03_cell4_2_ch0,oreol,8,8,56,56.0,613.14599609375,0.7343999743461609,0.00139999995008111,dietrich
1857,26_09_03_cell4_2_ch0,oreol,8,8,57,57.0,617.0693969726562,4.6579999923706055,0.008700000122189522,dietrich
1858,26_09_03_cell4_2_ch0,oreol,8,8,58,58.0,619.3612060546875,6.94980001449585,0.013100000098347664,dietrich
1859,26_09_03_cell4_2_ch0,oreol,8,8,59,59.0,618.0908203125,5.679299831390381,0.010700000450015068,dietrich
1860,26_09_03_cell4_2_ch0,oreol,8,8,60,60.0,617.3637084960938,4.952199935913086,0.00930000003427267,dietrich
1861,26_09_03_cell4_2_ch0,oreol,8,8,61,61.0,613.4284057617188,1.0168999433517456,0.0019000000320374966,dietrich
1862,26_09_03_cell4_2_ch0,oreol,8,8,62,62.0,610.89111328125,-1.520400047302246,-0.002899999963119626,dietrich
1863,26_09_03_cell4_2_ch0,oreol,8,8,63,63.0,615.0007934570312,2.589400053024292,0.004900000058114529,dietrich
1864,26_09_03_cell4_2_ch0,oreol,8,8,64,64.0,606.5787963867188,-5.832799911499023,-0.011099999770522118,dietrich
1865,26_09_03_cell4_2_ch0,oreol,8,8,65,65.0,609.481689453125,-2.929800033569336,-0.00559999980032444,dietrich
1866,26_09_03_cell4_2_ch0,oreol,8,8,66,66.0,607.9600219726562,-4.451499938964844,-0.008500000461935997,dietrich
1867,26_09_03_cell4_2_ch0,oreol,8,8,67,67.0,606.3001708984375,-6.111299991607666,-0.011699999682605267,dietrich
1868,26_09_03_cell4_2_ch0,oreol,8,8,68,68.0,608.0748291015625,-4.336699962615967,-0.008299999870359898,dietrich
1869,26_09_03_cell4_2_ch0,oreol,8,8,69,69.0,605.9993896484375,-6.4120001792907715,-0.012299999594688416,dietrich
1870,26_09_03_cell4_2_ch0,oreol,8,8,70,70.0,620.7194213867188,8.307900428771973,0.01600000075995922,dietrich
1871,26_09_03_cell4_2_ch0,oreol,8,8,71,71.0,611.201171875,-1.2102999687194824,-0.002300000051036477,dietrich
1872,26_09_03_cell4_2_ch0,oreol,8,8,72,72.0,608.0195922851562,-4.3917999267578125,-0.008500000461935997,dietrich
1873,26_09_03_cell4_2_ch0,oreol,8,8,73,73.0,609.4641723632812,-2.9472999572753906,-0.00570000009611249,dietrich
1874,26_09_03_cell4_2_ch0,oreol,8,8,74,74.0,608.0388793945312,-4.372600078582764,-0.008500000461935997,dietrich
1875,26_09_03_cell4_2_ch0,oreol,8,8,75,75.0,612.9273071289062,0.5157999992370605,0.0010000000474974513,dietrich
1876,26_09_03_cell4_2_ch0,oreol,8,8,76,76.0,612.8493041992188,0.43779999017715454,0.0007999999797903001,dietrich
1877,26_09_03_cell4_2_ch0,oreol,8,8,77,77.0,614.0252075195312,1.613700032234192,0.003100000089034438,dietrich
1878,26_09_03_cell4_2_ch0,oreol,8,8,78,78.0,613.497802734375,1.086300015449524,0.002099999925121665,dietrich
1879,26_09_03_cell4_2_ch0,oreol,8,8,79,79.0,617.8817749023438,5.470300197601318,0.010700000450015068,dietrich
1880,26_09_03_cell4_2_ch0,oreol,8,8,80,80.0,615.61376953125,3.2023000717163086,0.006200000178068876,dietrich
1881,26_09_03_cell4_2_ch0,oreol,8,8,81,81.0,613.9891967773438,1.5776000022888184,0.003100000089034438,dietrich
1882,26_09_03_cell4_2_ch0,oreol,8,8,82,82.0,610.802978515625,-1.6085000038146973,-0.003100000089034438,dietrich
1883,26_09_03_cell4_2_ch0,oreol,8,8,83,83.0,612.8519897460938,0.44040000438690186,0.0008999999845400453,dietrich
1884,26_09_03_cell4_2_ch0,oreol,8,8,84,84.0,609.1475219726562,-3.2639999389648438,-0.006399999838322401,dietrich
1885,26_09_03_cell4_2_ch0,oreol,8,8,85,85.0,616.344970703125,3.933500051498413,0.007699999958276749,dietrich
1886,26_09_03_cell4_2_ch0,oreol,8,8,86,86.0,610.243408203125,-2.168100118637085,-0.00430000014603138,dietrich
1887,26_09_03_cell4_2_ch0,oreol,8,8,87,87.0,612.9998168945312,0.5882999897003174,0.0012000000569969416,dietrich
1888,26_09_03_cell4_2_ch0,oreol,8,8,88,88.0,615.87939453125,3.4677999019622803,0.006899999920278788,dietrich
1889,26_09_03_cell4_2_ch0,oreol,8,8,90,89.0,609.2196044921875,-3.1919000148773193,-0.006399999838322401,dietrich
1890,26_09_03_cell4_2_ch0,oreol,9,28,0,0.0,304.15838623046875,10.513899803161621,0.0357000008225441,dietrich
1891,26_09_03_cell4_2_ch0,oreol,9,28,1,1.0,320.84161376953125,27.197200775146484,0.09290000051259995,dietrich
1892,26_09_03_cell4_2_ch0,oreol,9,28,2,2.0,265.36920166015625,-28.27519989013672,-0.09709999710321426,dietrich
1893,26_09_03_cell4_2_ch0,oreol,9,28,3,3.0,280.7539978027344,-12.890399932861328,-0.04450000077486038,dietrich
1894,26_09_03_cell4_2_ch0,oreol,9,28,4,4.0,277.0083923339844,-16.63599967956543,-0.0575999990105629,dietrich
1895,26_09_03_cell4_2_ch0,oreol,9,28,5,5.0,300.1440124511719,6.499499797821045,0.022600000724196434,dietrich
1896,26_09_03_cell4_2_ch0,oreol,9,28,6,6.0,286.1716003417969,-7.472700119018555,-0.026100000366568565,dietrich
1897,26_09_03_cell4_2_ch0,oreol,9,28,7,7.0,284.10198974609375,-9.542400360107422,-0.033399999141693115,dietrich
1898,26_09_03_cell4_2_ch0,oreol,9,28,8,8.0,310.94488525390625,17.300500869750977,0.06080000102519989,dietrich
1899,26_09_03_cell4_2_ch0,oreol,9,28,9,9.0,310.7095031738281,17.065099716186523,0.060100000351667404,dietrich
1900,26_09_03_cell4_2_ch0,oreol,9,28,10,10.0,303.40460205078125,9.760100364685059,0.03449999913573265,dietrich
1901,26_09_03_cell4_2_ch0,oreol,9,28,11,11.0,295.0382995605469,1.3939000368118286,0.004900000058114529,dietrich
1902,26_09_03_cell4_2_ch0,oreol,9,28,12,12.0,331.6182861328125,37.973899841308594,0.13459999859333038,dietrich
1903,26_09_03_cell4_2_ch0,oreol,9,28,13,13.0,320.15179443359375,26.507400512695312,0.094200000166893,dietrich
1904,26_09_03_cell4_2_ch0,oreol,9,28,14,14.0,336.6453857421875,43.000999450683594,0.15299999713897705,dietrich
1905,26_09_03_cell4_2_ch0,oreol,9,28,15,15.0,315.10540771484375,21.461000442504883,0.07649999856948853,dietrich
1906,26_09_03_cell4_2_ch0,oreol,9,28,16,16.0,339.53729248046875,45.89289855957031,0.16380000114440918,dietrich
1907,26_09_03_cell4_2_ch0,oreol,9,28,17,17.0,364.9465026855469,71.3021011352539,0.2549000084400177,dietrich
1908,26_09_03_cell4_2_ch0,oreol,9,28,18,18.0,360.33770751953125,66.69329833984375,0.23880000412464142,dietrich
1909,26_09_03_cell4_2_ch0,oreol,9,28,19,19.0,381.71539306640625,88.07099914550781,0.3156999945640564,dietrich
1910,26_09_03_cell4_2_ch0,oreol,9,28,20,20.0,386.0835876464844,92.43920135498047,0.33180001378059387,dietrich
1911,26_09_03_cell4_2_ch0,oreol,9,28,21,21.0,370.44580078125,76.80139923095703,0.2761000096797943,dietrich
1912,26_09_03_cell4_2_ch0,oreol,9,28,22,22.0,367.8053894042969,74.16100311279297,0.2669000029563904,dietrich
1913,26_09_03_cell4_2_ch0,oreol,9,28,23,23.0,394.16510009765625,100.52069854736328,0.36230000853538513,dietrich
1914,26_09_03_cell4_2_ch0,oreol,9,28,24,24.0,390.5274963378906,96.88310241699219,0.3495999872684479,dietrich
1915,26_09_03_cell4_2_ch0,oreol,9,28,25,25.0,403.8948059082031,110.25029754638672,0.3984000086784363,dietrich
1916,26_09_03_cell4_2_ch0,oreol,9,28,26,26.0,416.268798828125,122.62429809570312,0.44369998574256897,dietrich
1917,26_09_03_cell4_2_ch0,oreol,9,28,27,27.0,380.6510009765625,87.00659942626953,0.31520000100135803,dietrich
1918,26_09_03_cell4_2_ch0,oreol,9,28,28,28.0,370.0429992675781,76.39849853515625,0.27720001339912415,dietrich
1919,26_09_03_cell4_2_ch0,oreol,9,28,29,29.0,367.4454040527344,73.8010025024414,0.26820001006126404,dietrich
1920,26_09_03_cell4_2_ch0,oreol,9,28,30,30.0,399.85931396484375,106.21489715576172,0.3865000009536743,dietrich
1921,26_09_03_cell4_2_ch0,oreol,9,28,31,31.0,395.2850036621094,101.6406021118164,0.37049999833106995,dietrich
1922,26_09_03_cell4_2_ch0,oreol,9,28,32,32.0,395.722900390625,102.07849884033203,0.3727000057697296,dietrich
1923,26_09_03_cell4_2_ch0,oreol,9,28,33,33.0,395.1730041503906,101.52850341796875,0.37130001187324524,dietrich
1924,26_09_03_cell4_2_ch0,oreol,9,28,34,34.0,383.6351013183594,89.9906997680664,0.3296000063419342,dietrich
1925,26_09_03_cell4_2_ch0,oreol,9,28,35,35.0,415.1091003417969,121.4646987915039,0.4456999897956848,dietrich
1926,26_09_03_cell4_2_ch0,oreol,9,28,36,36.0,421.5943908691406,127.94989776611328,0.47029998898506165,dietrich
1927,26_09_03_cell4_2_ch0,oreol,9,28,37,37.0,394.0903015136719,100.4458999633789,0.3698999881744385,dietrich
1928,26_09_03_cell4_2_ch0,oreol,9,28,38,38.0,396.59619140625,102.95179748535156,0.3797999918460846,dietrich
1929,26_09_03_cell4_2_ch0,oreol,9,28,39,39.0,371.1109924316406,77.46659851074219,0.28630000352859497,dietrich
1930,26_09_03_cell4_2_ch0,oreol,9,28,40,40.0,369.6340026855469,75.989501953125,0.28139999508857727,dietrich
1931,26_09_03_cell4_2_ch0,oreol,9,28,41,41.0,365.1637878417969,71.51940155029297,0.2653999924659729,dietrich
1932,26_09_03_cell4_2_ch0,oreol,9,28,42,42.0,397.69940185546875,104.05500030517578,0.38690000772476196,dietrich
1933,26_09_03_cell4_2_ch0,oreol,9,28,43,43.0,379.239501953125,85.59510040283203,0.3188999891281128,dietrich
1934,26_09_03_cell4_2_ch0,oreol,9,28,44,44.0,384.7828063964844,91.13839721679688,0.3402000069618225,dietrich
1935,26_09_03_cell4_2_ch0,oreol,9,28,45,45.0,371.3280944824219,77.68370056152344,0.2906000018119812,dietrich
1936,26_09_03_cell4_2_ch0,oreol,9,28,46,46.0,380.8739929199219,87.22959899902344,0.3269999921321869,dietrich
1937,26_09_03_cell4_2_ch0,oreol,9,28,47,47.0,373.419189453125,79.7748031616211,0.299699991941452,dietrich
1938,26_09_03_cell4_2_ch0,oreol,9,28,48,48.0,384.9621887207031,91.31780242919922,0.34369999170303345,dietrich
1939,26_09_03_cell4_2_ch0,oreol,9,28,49,49.0,387.50189208984375,93.85749816894531,0.3540000021457672,dietrich
1940,26_09_03_cell4_2_ch0,oreol,9,28,50,50.0,400.0368957519531,106.39250183105469,0.40209999680519104,dietrich
1941,26_09_03_cell4_2_ch0,oreol,9,28,51,51.0,374.56610107421875,80.92169952392578,0.30640000104904175,dietrich
1942,26_09_03_cell4_2_ch0,oreol,9,28,52,52.0,357.0882873535156,63.44390106201172,0.24070000648498535,dietrich
1943,26_09_03_cell4_2_ch0,oreol,9,28,53,53.0,398.6023864746094,104.95800018310547,0.39899998903274536,dietrich
1944,26_09_03_cell4_2_ch0,oreol,9,28,54,54.0,381.10760498046875,87.46320343017578,0.33309999108314514,dietrich
1945,26_09_03_cell4_2_ch0,oreol,9,28,55,55.0,370.6029968261719,76.95860290527344,0.2937000095844269,dietrich
1946,26_09_03_cell4_2_ch0,oreol,9,28,56,56.0,395.0877990722656,101.44339752197266,0.387800008058548,dietrich
1947,26_09_03_cell4_2_ch0,oreol,9,28,57,57.0,350.5614929199219,56.91709899902344,0.21799999475479126,dietrich
1948,26_09_03_cell4_2_ch0,oreol,9,28,58,58.0,368.0238037109375,74.37930297851562,0.28540000319480896,dietrich
1949,26_09_03_cell4_2_ch0,oreol,9,28,59,59.0,356.4742126464844,62.82979965209961,0.24150000512599945,dietrich
1950,26_09_03_cell4_2_ch0,oreol,9,28,60,60.0,355.9129943847656,62.26860046386719,0.23970000445842743,dietrich
1951,26_09_03_cell4_2_ch0,oreol,9,28,61,61.0,373.3402099609375,79.6957015991211,0.30730000138282776,dietrich
1952,26_09_03_cell4_2_ch0,oreol,9,28,62,62.0,374.756103515625,81.11170196533203,0.3133000135421753,dietrich
1953,26_09_03_cell4_2_ch0,oreol,9,28,63,63.0,349.1614990234375,55.5171012878418,0.21480000019073486,dietrich
1954,26_09_03_cell4_2_ch0,oreol,9,28,64,64.0,356.55718994140625,62.91279983520508,0.24379999935626984,dietrich
1955,26_09_03_cell4_2_ch0,oreol,9,28,65,65.0,336.9442138671875,43.299800872802734,0.1679999977350235,dietrich
1956,26_09_03_cell4_2_ch0,oreol,9,28,66,66.0,309.3240966796875,15.679699897766113,0.0608999989926815,dietrich
1957,26_09_03_cell4_2_ch0,oreol,9,28,67,67.0,328.6986083984375,35.05419921875,0.1363999992609024,dietrich
1958,26_09_03_cell4_2_ch0,oreol,9,28,68,68.0,334.0696105957031,40.42509841918945,0.15760000050067902,dietrich
1959,26_09_03_cell4_2_ch0,oreol,9,28,69,69.0,311.43939208984375,17.795000076293945,0.06949999928474426,dietrich
1960,26_09_03_cell4_2_ch0,oreol,9,28,70,70.0,325.810791015625,32.16640090942383,0.1256999969482422,dietrich
1961,26_09_03_cell4_2_ch0,oreol,9,28,71,71.0,331.1868896484375,37.54249954223633,0.1469999998807907,dietrich
1962,26_09_03_cell4_2_ch0,oreol,9,28,72,72.0,316.5708923339844,22.92650032043457,0.08990000188350677,dietrich
1963,26_09_03_cell4_2_ch0,oreol,9,28,73,73.0,312.9667053222656,19.32229995727539,0.07590000331401825,dietrich
1964,26_09_03_cell4_2_ch0,oreol,9,28,74,74.0,300.3783874511719,6.734000205993652,0.026499999687075615,dietrich
1965,26_09_03_cell4_2_ch0,oreol,9,28,75,75.0,338.8106994628906,45.16619873046875,0.17790000140666962,dietrich
1966,26_09_03_cell4_2_ch0,oreol,9,28,76,76.0,342.26849365234375,48.62409973144531,0.19189999997615814,dietrich
1967,26_09_03_cell4_2_ch0,oreol,9,28,77,77.0,306.7572937011719,13.112899780273438,0.051899999380111694,dietrich
1968,26_09_03_cell4_2_ch0,oreol,9,28,78,78.0,326.2829895019531,32.63859939575195,0.12929999828338623,dietrich
1969,26_09_03_cell4_2_ch0,oreol,9,28,79,79.0,319.85211181640625,26.207700729370117,0.10409999638795853,dietrich
1970,26_09_03_cell4_2_ch0,oreol,9,28,80,80.0,311.4714050292969,17.82699966430664,0.07100000232458115,dietrich
1971,26_09_03_cell4_2_ch0,oreol,9,28,81,81.0,304.148193359375,10.503899574279785,0.04190000146627426,dietrich
1972,26_09_03_cell4_2_ch0,oreol,9,28,82,82.0,309.8905944824219,16.246200561523438,0.06499999761581421,dietrich
1973,26_09_03_cell4_2_ch0,oreol,9,28,83,83.0,296.706787109375,3.0624001026153564,0.012299999594688416,dietrich
1974,26_09_03_cell4_2_ch0,oreol,9,28,84,84.0,304.6059875488281,10.96150016784668,0.044199999421834946,dietrich
1975,26_09_03_cell4_2_ch0,oreol,9,28,85,85.0,327.5975036621094,33.95309829711914,0.13740000128746033,dietrich
1976,26_09_03_cell4_2_ch0,oreol,9,28,86,86.0,289.69158935546875,-3.952899932861328,-0.016100000590085983,dietrich
1977,26_09_03_cell4_2_ch0,oreol,9,28,87,87.0,282.8988037109375,-10.745599746704102,-0.04390000179409981,dietrich
1978,26_09_03_cell4_2_ch0,oreol,9,28,88,88.0,278.2305908203125,-15.413700103759766,-0.0632999986410141,dietrich
1979,26_09_03_cell4_2_ch0,oreol,9,28,90,89.0,286.6990051269531,-6.945400238037109,-0.028699999675154686,dietrich
1980,26_09_03_cell4_2_ch0,oreol,10,20,0,0.0,628.2025756835938,27.69930076599121,0.04600000008940697,dietrich
1981,26_09_03_cell4_2_ch0,oreol,10,20,1,1.0,606.4639892578125,5.960700035095215,0.009999999776482582,dietrich
1982,26_09_03_cell4_2_ch0,oreol,10,20,2,2.0,598.2254028320312,-2.2778000831604004,-0.003800000064074993,dietrich
1983,26_09_03_cell4_2_ch0,oreol,10,20,3,3.0,584.2432250976562,-16.260099411010742,-0.027499999850988388,dietrich
1984,26_09_03_cell4_2_ch0,oreol,10,20,4,4.0,584.2725830078125,-16.23069953918457,-0.027499999850988388,dietrich
1985,26_09_03_cell4_2_ch0,oreol,10,20,5,5.0,568.80078125,-31.702499389648438,-0.054099999368190765,dietrich
1986,26_09_03_cell4_2_ch0,oreol,10,20,6,6.0,573.4478149414062,-27.055500030517578,-0.046300001442432404,dietrich
1987,26_09_03_cell4_2_ch0,oreol,10,20,7,7.0,570.4321899414062,-30.070999145507812,-0.05169999971985817,dietrich
1988,26_09_03_cell4_2_ch0,oreol,10,20,8,8.0,623.038818359375,22.535499572753906,0.03889999911189079,dietrich
1989,26_09_03_cell4_2_ch0,oreol,10,20,9,9.0,632.8175048828125,32.31420135498047,0.05590000003576279,dietrich
1990,26_09_03_cell4_2_ch0,oreol,10,20,10,10.0,630.2509765625,29.747699737548828,0.051600001752376556,dietrich
1991,26_09_03_cell4_2_ch0,oreol,10,20,11,11.0,625.2210083007812,24.71780014038086,0.0430000014603138,dietrich
1992,26_09_03_cell4_2_ch0,oreol,10,20,12,12.0,661.6083984375,61.105201721191406,0.10670000314712524,dietrich
1993,26_09_03_cell4_2_ch0,oreol,10,20,13,13.0,674.026611328125,73.52330017089844,0.12870000302791595,dietrich
1994,26_09_03_cell4_2_ch0,oreol,10,20,14,14.0,686.4210815429688,85.91780090332031,0.15070000290870667,dietrich
1995,26_09_03_cell4_2_ch0,oreol,10,20,15,15.0,664.0704956054688,63.56719970703125,0.11169999837875366,dietrich
1996,26_09_03_cell4_2_ch0,oreol,10,20,16,16.0,679.3187866210938,78.81559753417969,0.1387999951839447,dietrich
1997,26_09_03_cell4_2_ch0,oreol,10,20,17,17.0,706.2431030273438,105.73979949951172,0.186599999666214,dietrich
1998,26_09_03_cell4_2_ch0,oreol,10,20,18,18.0,741.2526245117188,140.74929809570312,0.24889999628067017,dietrich
1999,26_09_03_cell4_2_ch0,oreol,10,20,19,19.0,707.955810546875,107.45259857177734,0.19040000438690186,dietrich
2000,26_09_03_cell4_2_ch0,oreol,10,20,20,20.0,749.1611938476562,148.65780639648438,0.2637999951839447,dietrich
2001,26_09_03_cell4_2_ch0,oreol,10,20,21,21.0,742.0753784179688,141.5720977783203,0.2517000138759613,dietrich
2002,26_09_03_cell4_2_ch0,oreol,10,20,22,22.0,731.0390014648438,130.53579711914062,0.23250000178813934,dietrich
2003,26_09_03_cell4_2_ch0,oreol,10,20,23,23.0,754.0579833984375,153.55470275878906,0.27390000224113464,dietrich
2004,26_09_03_cell4_2_ch0,oreol,10,20,24,24.0,779.3375244140625,178.83419799804688,0.319599986076355,dietrich
2005,26_09_03_cell4_2_ch0,oreol,10,20,25,25.0,765.7493896484375,165.24609375,0.29580000042915344,dietrich
2006,26_09_03_cell4_2_ch0,oreol,10,20,26,26.0,728.0311889648438,127.52790069580078,0.22869999706745148,dietrich
2007,26_09_03_cell4_2_ch0,oreol,10,20,27,27.0,662.9201049804688,62.41680145263672,0.11209999769926071,dietrich
2008,26_09_03_cell4_2_ch0,oreol,10,20,28,28.0,651.2860107421875,50.78269958496094,0.09139999747276306,dietrich
2009,26_09_03_cell4_2_ch0,oreol,10,20,29,29.0,645.665283203125,45.1619987487793,0.08139999955892563,dietrich
2010,26_09_03_cell4_2_ch0,oreol,10,20,30,30.0,639.6599731445312,39.156700134277344,0.07069999724626541,dietrich
2011,26_09_03_cell4_2_ch0,oreol,10,20,31,31.0,643.6057739257812,43.102500915527344,0.07800000160932541,dietrich
2012,26_09_03_cell4_2_ch0,oreol,10,20,32,32.0,631.0371704101562,30.533899307250977,0.05530000105500221,dietrich
2013,26_09_03_cell4_2_ch0,oreol,10,20,33,33.0,636.1555786132812,35.65230178833008,0.06469999998807907,dietrich
2014,26_09_03_cell4_2_ch0,oreol,10,20,34,34.0,622.9617919921875,22.45840072631836,0.04089999943971634,dietrich
2015,26_09_03_cell4_2_ch0,oreol,10,20,35,35.0,627.3892822265625,26.88599967956543,0.04899999871850014,dietrich
2016,26_09_03_cell4_2_ch0,oreol,10,20,36,36.0,639.9052124023438,39.40190124511719,0.07199999690055847,dietrich
2017,26_09_03_cell4_2_ch0,oreol,10,20,37,37.0,625.8425903320312,25.33930015563965,0.04639999940991402,dietrich
2018,26_09_03_cell4_2_ch0,oreol,10,20,38,38.0,623.1343994140625,22.631000518798828,0.04149999842047691,dietrich
2019,26_09_03_cell4_2_ch0,oreol,10,20,39,39.0,629.51318359375,29.010000228881836,0.053300000727176666,dietrich
2020,26_09_03_cell4_2_ch0,oreol,10,20,40,40.0,634.7116088867188,34.20830154418945,0.06300000101327896,dietrich
2021,26_09_03_cell4_2_ch0,oreol,10,20,41,41.0,637.2617797851562,36.75849914550781,0.06790000200271606,dietrich
2022,26_09_03_cell4_2_ch0,oreol,10,20,42,42.0,624.69580078125,24.19260025024414,0.04479999840259552,dietrich
2023,26_09_03_cell4_2_ch0,oreol,10,20,43,43.0,609.5457763671875,9.042499542236328,0.01679999940097332,dietrich
2024,26_09_03_cell4_2_ch0,oreol,10,20,44,44.0,604.4766235351562,3.973299980163574,0.007400000002235174,dietrich
2025,26_09_03_cell4_2_ch0,oreol,10,20,45,45.0,591.4199829101562,-9.08329963684082,-0.016899999231100082,dietrich
2026,26_09_03_cell4_2_ch0,oreol,10,20,46,46.0,597.8410034179688,-2.6621999740600586,-0.004999999888241291,dietrich
2027,26_09_03_cell4_2_ch0,oreol,10,20,47,47.0,598.2047119140625,-2.2985999584198,-0.00430000014603138,dietrich
2028,26_09_03_cell4_2_ch0,oreol,10,20,48,48.0,591.708984375,-8.794300079345703,-0.016499999910593033,dietrich
2029,26_09_03_cell4_2_ch0,oreol,10,20,49,49.0,596.0855712890625,-4.417699813842773,-0.008299999870359898,dietrich
2030,26_09_03_cell4_2_ch0,oreol,10,20,50,50.0,594.33251953125,-6.17080020904541,-0.011599999852478504,dietrich
2031,26_09_03_cell4_2_ch0,oreol,10,20,51,51.0,605.9816284179688,5.478300094604492,0.010400000028312206,dietrich
2032,26_09_03_cell4_2_ch0,oreol,10,20,52,52.0,610.8309936523438,10.327799797058105,0.019600000232458115,dietrich
2033,26_09_03_cell4_2_ch0,oreol,10,20,53,53.0,596.0125732421875,-4.490699768066406,-0.008500000461935997,dietrich
2034,26_09_03_cell4_2_ch0,oreol,10,20,54,54.0,615.0579833984375,14.554699897766113,0.027699999511241913,dietrich
2035,26_09_03_cell4_2_ch0,oreol,10,20,55,55.0,607.7659912109375,7.262800216674805,0.013899999670684338,dietrich
2036,26_09_03_cell4_2_ch0,oreol,10,20,56,56.0,589.535400390625,-10.96780014038086,-0.020999999716877937,dietrich
2037,26_09_03_cell4_2_ch0,oreol,10,20,57,57.0,598.0985107421875,-2.4047999382019043,-0.004600000102072954,dietrich
2038,26_09_03_cell4_2_ch0,oreol,10,20,58,58.0,603.5878295898438,3.0845000743865967,0.005900000222027302,dietrich
2039,26_09_03_cell4_2_ch0,oreol,10,20,59,59.0,589.8026123046875,-10.700699806213379,-0.020600000396370888,dietrich
2040,26_09_03_cell4_2_ch0,oreol,10,20,60,60.0,587.4093017578125,-13.093999862670898,-0.025299999862909317,dietrich
2041,26_09_03_cell4_2_ch0,oreol,10,20,61,61.0,606.0078125,5.5046000480651855,0.010700000450015068,dietrich
2042,26_09_03_cell4_2_ch0,oreol,10,20,62,62.0,613.7985229492188,13.29520034790039,0.025800000876188278,dietrich
2043,26_09_03_cell4_2_ch0,oreol,10,20,63,63.0,605.1818237304688,4.678500175476074,0.009100000374019146,dietrich
2044,26_09_03_cell4_2_ch0,oreol,10,20,64,64.0,602.4251098632812,1.9218000173568726,0.003800000064074993,dietrich
2045,26_09_03_cell4_2_ch0,oreol,10,20,65,65.0,604.3966064453125,3.8933000564575195,0.007600000128149986,dietrich
2046,26_09_03_cell4_2_ch0,oreol,10,20,66,66.0,599.497802734375,-1.0054999589920044,-0.0020000000949949026,dietrich
2047,26_09_03_cell4_2_ch0,oreol,10,20,67,67.0,604.597412109375,4.094200134277344,0.008100000210106373,dietrich
2048,26_09_03_cell4_2_ch0,oreol,10,20,68,68.0,610.7645874023438,10.26140022277832,0.02019999921321869,dietrich
2049,26_09_03_cell4_2_ch0,oreol,10,20,69,69.0,597.135986328125,-3.3673999309539795,-0.0066999997943639755,dietrich
2050,26_09_03_cell4_2_ch0,oreol,10,20,70,70.0,603.4478149414062,2.944499969482422,0.005799999926239252,dietrich
2051,26_09_03_cell4_2_ch0,oreol,10,20,71,71.0,603.8375854492188,3.334399938583374,0.006599999964237213,dietrich
2052,26_09_03_cell4_2_ch0,oreol,10,20,72,72.0,605.7100219726562,5.206699848175049,0.010400000028312206,dietrich
2053,26_09_03_cell4_2_ch0,oreol,10,20,73,73.0,600.4697875976562,-0.033399999141693115,-9.999999747378752e-05,dietrich
2054,26_09_03_cell4_2_ch0,oreol,10,20,74,74.0,593.3895874023438,-7.113800048828125,-0.0142000000923872,dietrich
2055,26_09_03_cell4_2_ch0,oreol,10,20,75,75.0,615.5418090820312,15.03849983215332,0.03020000085234642,dietrich
2056,26_09_03_cell4_2_ch0,oreol,10,20,76,76.0,611.0670166015625,10.563699722290039,0.021299999207258224,dietrich
2057,26_09_03_cell4_2_ch0,oreol,10,20,77,77.0,601.0391845703125,0.5358999967575073,0.0010999999940395355,dietrich
2058,26_09_03_cell4_2_ch0,oreol,10,20,78,78.0,606.5999755859375,6.096700191497803,0.012299999594688416,dietrich
2059,26_09_03_cell4_2_ch0,oreol,10,20,79,79.0,599.9581909179688,-0.5450999736785889,-0.0010999999940395355,dietrich
2060,26_09_03_cell4_2_ch0,oreol,10,20,80,80.0,595.4566040039062,-5.046599864959717,-0.010300000198185444,dietrich
2061,26_09_03_cell4_2_ch0,oreol,10,20,81,81.0,603.705810546875,3.2026000022888184,0.006599999964237213,dietrich
2062,26_09_03_cell4_2_ch0,oreol,10,20,82,82.0,605.4500122070312,4.946800231933594,0.010200000368058681,dietrich
2063,26_09_03_cell4_2_ch0,oreol,10,20,83,83.0,606.6345825195312,6.13129997253418,0.012600000016391277,dietrich
2064,26_09_03_cell4_2_ch0,oreol,10,20,84,84.0,606.2056274414062,5.702199935913086,0.011800000444054604,dietrich
2065,26_09_03_cell4_2_ch0,oreol,10,20,85,85.0,600.3764038085938,-0.12700000405311584,-0.0003000000142492354,dietrich
2066,26_09_03_cell4_2_ch0,oreol,10,20,86,86.0,597.0947875976562,-3.4084999561309814,-0.0071000000461936,dietrich
2067,26_09_03_cell4_2_ch0,oreol,10,20,87,87.0,595.5093994140625,-4.993899822235107,-0.010499999858438969,dietrich
2068,26_09_03_cell4_2_ch0,oreol,10,20,88,88.0,600.6364135742188,0.133200004696846,0.0003000000142492354,dietrich
2069,26_09_03_cell4_2_ch0,oreol,10,20,90,89.0,595.826416015625,-4.6768999099731445,-0.00989999994635582,dietrich
2070,26_09_03_cell4_2_ch0,oreol,11,75,0,0.0,395.023193359375,16.87150001525879,0.04450000077486038,dietrich
2071,26_09_03_cell4_2_ch0,oreol,11,75,1,1.0,386.2074890136719,8.055800437927246,0.021400000900030136,dietrich
2072,26_09_03_cell4_2_ch0,oreol,11,75,2,2.0,378.28118896484375,0.12950000166893005,0.0003000000142492354,dietrich
2073,26_09_03_cell4_2_ch0,oreol,11,75,3,3.0,368.8653869628906,-9.286299705505371,-0.024800000712275505,dietrich
2074,26_09_03_cell4_2_ch0,oreol,11,75,4,4.0,366.9913024902344,-11.160400390625,-0.029999999329447746,dietrich
2075,26_09_03_cell4_2_ch0,oreol,11,75,5,5.0,359.5870056152344,-18.564699172973633,-0.05000000074505806,dietrich
2076,26_09_03_cell4_2_ch0,oreol,11,75,6,6.0,355.86260986328125,-22.289100646972656,-0.06030000001192093,dietrich
2077,26_09_03_cell4_2_ch0,oreol,11,75,7,7.0,353.8226013183594,-24.329099655151367,-0.06599999964237213,dietrich
2078,26_09_03_cell4_2_ch0,oreol,11,75,8,8.0,352.9071960449219,-25.24449920654297,-0.06880000233650208,dietrich
2079,26_09_03_cell4_2_ch0,oreol,11,75,9,9.0,358.58209228515625,-19.569599151611328,-0.05350000038743019,dietrich
2080,26_09_03_cell4_2_ch0,oreol,11,75,10,10.0,355.26129150390625,-22.890399932861328,-0.06279999762773514,dietrich
2081,26_09_03_cell4_2_ch0,oreol,11,75,11,11.0,356.768798828125,-21.38290023803711,-0.058800000697374344,dietrich
2082,26_09_03_cell4_2_ch0,oreol,11,75,12,12.0,361.7491149902344,-16.402599334716797,-0.04520000144839287,dietrich
2083,26_09_03_cell4_2_ch0,oreol,11,75,13,13.0,376.5639953613281,-1.5877000093460083,-0.004399999976158142,dietrich
2084,26_09_03_cell4_2_ch0,oreol,11,75,14,14.0,369.3192138671875,-8.832500457763672,-0.02449999935925007,dietrich
2085,26_09_03_cell4_2_ch0,oreol,11,75,15,15.0,372.658203125,-5.493500232696533,-0.015300000086426735,dietrich
2086,26_09_03_cell4_2_ch0,oreol,11,75,16,16.0,387.12188720703125,8.970199584960938,0.02500000037252903,dietrich
2087,26_09_03_cell4_2_ch0,oreol,11,75,17,17.0,395.94329833984375,17.79159927368164,0.049800001084804535,dietrich
2088,26_09_03_cell4_2_ch0,oreol,11,75,18,18.0,396.9706115722656,18.81879997253418,0.052799999713897705,dietrich
2089,26_09_03_cell4_2_ch0,oreol,11,75,19,19.0,406.231201171875,28.079500198364258,0.07890000194311142,dietrich
2090,26_09_03_cell4_2_ch0,oreol,11,75,20,20.0,410.2139892578125,32.062198638916016,0.09030000120401382,dietrich
2091,26_09_03_cell4_2_ch0,oreol,11,75,21,21.0,409.3305969238281,31.17889976501465,0.08799999952316284,dietrich
2092,26_09_03_cell4_2_ch0,oreol,11,75,22,22.0,430.5823974609375,52.43069839477539,0.14839999377727509,dietrich
2093,26_09_03_cell4_2_ch0,oreol,11,75,23,23.0,419.1756896972656,41.02399826049805,0.11640000343322754,dietrich
2094,26_09_03_cell4_2_ch0,oreol,11,75,24,24.0,430.8550109863281,52.70320129394531,0.14980000257492065,dietrich
2095,26_09_03_cell4_2_ch0,oreol,11,75,25,25.0,436.2620849609375,58.11040115356445,0.1656000018119812,dietrich
2096,26_09_03_cell4_2_ch0,oreol,11,75,26,26.0,416.62860107421875,38.47679901123047,0.10989999771118164,dietrich
2097,26_09_03_cell4_2_ch0,oreol,11,75,27,27.0,413.7242126464844,35.5723991394043,0.10180000215768814,dietrich
2098,26_09_03_cell4_2_ch0,oreol,11,75,28,28.0,411.8825988769531,33.73080062866211,0.09669999778270721,dietrich
2099,26_09_03_cell4_2_ch0,oreol,11,75,29,29.0,402.0015869140625,23.849899291992188,0.06849999725818634,dietrich
2100,26_09_03_cell4_2_ch0,oreol,11,75,30,30.0,406.0044860839844,27.852800369262695,0.08020000159740448,dietrich
2101,26_09_03_cell4_2_ch0,oreol,11,75,31,31.0,393.9682922363281,15.81659984588623,0.04560000076889992,dietrich
2102,26_09_03_cell4_2_ch0,oreol,11,75,32,32.0,388.6365966796875,10.48490047454834,0.030300000682473183,dietrich
2103,26_09_03_cell4_2_ch0,oreol,11,75,33,33.0,387.2143859863281,9.062700271606445,0.026200000196695328,dietrich
2104,26_09_03_cell4_2_ch0,oreol,11,75,34,34.0,381.1629943847656,3.0113000869750977,0.008700000122189522,dietrich
2105,26_09_03_cell4_2_ch0,oreol,11,75,35,35.0,379.1488952636719,0.9972000122070312,0.002899999963119626,dietrich
2106,26_09_03_cell4_2_ch0,oreol,11,75,36,36.0,374.04339599609375,-4.10830020904541,-0.012000000104308128,dietrich
2107,26_09_03_cell4_2_ch0,oreol,11,75,37,37.0,373.51300048828125,-4.638700008392334,-0.013500000350177288,dietrich
2108,26_09_03_cell4_2_ch0,oreol,11,75,38,38.0,372.6596984863281,-5.492000102996826,-0.01600000075995922,dietrich
2109,26_09_03_cell4_2_ch0,oreol,11,75,39,39.0,376.2778015136719,-1.873900055885315,-0.005499999970197678,dietrich
2110,26_09_03_cell4_2_ch0,oreol,11,75,40,40.0,371.8283996582031,-6.323400020599365,-0.01850000023841858,dietrich
2111,26_09_03_cell4_2_ch0,oreol,11,75,41,41.0,373.13128662109375,-5.020400047302246,-0.014700000174343586,dietrich
2112,26_09_03_cell4_2_ch0,oreol,11,75,42,42.0,374.98089599609375,-3.170799970626831,-0.00930000003427267,dietrich
2113,26_09_03_cell4_2_ch0,oreol,11,75,43,43.0,375.6585998535156,-2.4930999279022217,-0.007300000172108412,dietrich
2114,26_09_03_cell4_2_ch0,oreol,11,75,44,44.0,377.06109619140625,-1.0906000137329102,-0.0031999999191612005,dietrich
2115,26_09_03_cell4_2_ch0,oreol,11,75,45,45.0,376.3674011230469,-1.7843999862670898,-0.0052999998442828655,dietrich
2116,26_09_03_cell4_2_ch0,oreol,11,75,46,46.0,374.34588623046875,-3.805799961090088,-0.011300000362098217,dietrich
2117,26_09_03_cell4_2_ch0,oreol,11,75,47,47.0,373.4576110839844,-4.694200038909912,-0.013899999670684338,dietrich
2118,26_09_03_cell4_2_ch0,oreol,11,75,48,48.0,378.0351867675781,-0.11649999767541885,-0.0003000000142492354,dietrich
2119,26_09_03_cell4_2_ch0,oreol,11,75,49,49.0,377.8985900878906,-0.2531000077724457,-0.0007999999797903001,dietrich
2120,26_09_03_cell4_2_ch0,oreol,11,75,50,50.0,375.5086975097656,-2.6429998874664307,-0.007799999788403511,dietrich
2121,26_09_03_cell4_2_ch0,oreol,11,75,51,51.0,378.8651123046875,0.7134000062942505,0.002099999925121665,dietrich
2122,26_09_03_cell4_2_ch0,oreol,11,75,52,52.0,378.73638916015625,0.5846999883651733,0.0017000000225380063,dietrich
2123,26_09_03_cell4_2_ch0,oreol,11,75,53,53.0,379.6864013671875,1.5347000360488892,0.004600000102072954,dietrich
2124,26_09_03_cell4_2_ch0,oreol,11,75,54,54.0,380.40679931640625,2.2551000118255615,0.0066999997943639755,dietrich
2125,26_09_03_cell4_2_ch0,oreol,11,75,55,55.0,380.38470458984375,2.2330000400543213,0.0066999997943639755,dietrich
2126,26_09_03_cell4_2_ch0,oreol,11,75,56,56.0,382.7222900390625,4.5706000328063965,0.01360000018030405,dietrich
2127,26_09_03_cell4_2_ch0,oreol,11,75,57,57.0,386.0603942871094,7.908699989318848,0.023600000888109207,dietrich
2128,26_09_03_cell4_2_ch0,oreol,11,75,58,58.0,379.7835998535156,1.6318999528884888,0.004900000058114529,dietrich
2129,26_09_03_cell4_2_ch0,oreol,11,75,59,59.0,375.481689453125,-2.6700000762939453,-0.00800000037997961,dietrich
2130,26_09_03_cell4_2_ch0,oreol,11,75,60,60.0,381.1033935546875,2.9516000747680664,0.008799999952316284,dietrich
2131,26_09_03_cell4_2_ch0,oreol,11,75,61,61.0,382.418212890625,4.26639986038208,0.012799999676644802,dietrich
2132,26_09_03_cell4_2_ch0,oreol,11,75,62,62.0,383.11859130859375,4.966899871826172,0.01489999983459711,dietrich
2133,26_09_03_cell4_2_ch0,oreol,11,75,63,63.0,376.2821960449219,-1.8695000410079956,-0.00559999980032444,dietrich
2134,26_09_03_cell4_2_ch0,oreol,11,75,64,64.0,374.6274108886719,-3.5243000984191895,-0.010499999858438969,dietrich
2135,26_09_03_cell4_2_ch0,oreol,11,75,65,65.0,378.8985900878906,0.7468000054359436,0.002199999988079071,dietrich
2136,26_09_03_cell4_2_ch0,oreol,11,75,66,66.0,381.73748779296875,3.5857999324798584,0.010700000450015068,dietrich
2137,26_09_03_cell4_2_ch0,oreol,11,75,67,67.0,376.3760070800781,-1.7757999897003174,-0.0052999998442828655,dietrich
2138,26_09_03_cell4_2_ch0,oreol,11,75,68,68.0,379.968994140625,1.8172999620437622,0.005400000140070915,dietrich
2139,26_09_03_cell4_2_ch0,oreol,11,75,69,69.0,383.1333923339844,4.9816999435424805,0.01489999983459711,dietrich
2140,26_09_03_cell4_2_ch0,oreol,11,75,70,70.0,382.48590087890625,4.334099769592285,0.012900000438094139,dietrich
2141,26_09_03_cell4_2_ch0,oreol,11,75,71,71.0,378.74609375,0.5943999886512756,0.0017999999690800905,dietrich
2142,26_09_03_cell4_2_ch0,oreol,11,75,72,72.0,375.65960693359375,-2.4921000003814697,-0.007400000002235174,dietrich
2143,26_09_03_cell4_2_ch0,oreol,11,75,73,73.0,371.84381103515625,-6.308000087738037,-0.018799999728798866,dietrich
2144,26_09_03_cell4_2_ch0,oreol,11,75,74,74.0,372.12139892578125,-6.030399799346924,-0.017999999225139618,dietrich
2145,26_09_03_cell4_2_ch0,oreol,11,75,75,75.0,365.3666076660156,-12.785200119018555,-0.038100000470876694,dietrich
2146,26_09_03_cell4_2_ch0,oreol,11,75,76,76.0,368.30010986328125,-9.85159969329834,-0.029400000348687172,dietrich
2147,26_09_03_cell4_2_ch0,oreol,11,75,77,77.0,369.4119873046875,-8.739800453186035,-0.026000000536441803,dietrich
2148,26_09_03_cell4_2_ch0,oreol,11,75,78,78.0,373.80780029296875,-4.343900203704834,-0.012900000438094139,dietrich
2149,26_09_03_cell4_2_ch0,oreol,11,75,79,79.0,368.4910888671875,-9.660599708557129,-0.028699999675154686,dietrich
2150,26_09_03_cell4_2_ch0,oreol,11,75,80,80.0,372.5422058105469,-5.609499931335449,-0.016699999570846558,dietrich
2151,26_09_03_cell4_2_ch0,oreol,11,75,81,81.0,359.86260986328125,-18.289199829101562,-0.0544000007212162,dietrich
2152,26_09_03_cell4_2_ch0,oreol,11,75,82,82.0,363.3536071777344,-14.798199653625488,-0.04399999976158142,dietrich
2153,26_09_03_cell4_2_ch0,oreol,11,75,83,83.0,361.94268798828125,-16.208999633789062,-0.04820000007748604,dietrich
2154,26_09_03_cell4_2_ch0,oreol,11,75,84,84.0,375.0191955566406,-3.132499933242798,-0.00930000003427267,dietrich
2155,26_09_03_cell4_2_ch0,oreol,11,75,85,85.0,373.9469909667969,-4.204699993133545,-0.012500000186264515,dietrich
2156,26_09_03_cell4_2_ch0,oreol,11,75,86,86.0,372.2441101074219,-5.907599925994873,-0.017500000074505806,dietrich
2157,26_09_03_cell4_2_ch0,oreol,11,75,87,87.0,375.2492980957031,-2.9024999141693115,-0.00860000029206276,dietrich
2158,26_09_03_cell4_2_ch0,oreol,11,75,88,88.0,375.4554138183594,-2.6963000297546387,-0.00800000037997961,dietrich
2159,26_09_03_cell4_2_ch0,oreol,11,75,90,89.0,386.9457092285156,8.793899536132812,0.026100000366568565,dietrich
2160,26_09_03_cell4_2_ch0,oreol,12,142,0,0.0,340.3994140625,12.210000038146973,0.03709999844431877,dietrich
2161,26_09_03_cell4_2_ch0,oreol,12,142,1,1.0,326.7673034667969,-1.4220999479293823,-0.00430000014603138,dietrich
2162,26_09_03_cell4_2_ch0,oreol,12,142,2,2.0,327.97869873046875,-0.21070000529289246,-0.0006000000284984708,dietrich
2163,26_09_03_cell4_2_ch0,oreol,12,142,3,3.0,308.0794982910156,-20.109899520874023,-0.06199999898672104,dietrich
2164,26_09_03_cell4_2_ch0,oreol,12,142,4,4.0,307.77960205078125,-20.409799575805664,-0.06310000270605087,dietrich
2165,26_09_03_cell4_2_ch0,oreol,12,142,5,5.0,313.12030029296875,-15.069100379943848,-0.04670000076293945,dietrich
2166,26_09_03_cell4_2_ch0,oreol,12,142,6,6.0,312.9742126464844,-15.215200424194336,-0.047200001776218414,dietrich
2167,26_09_03_cell4_2_ch0,oreol,12,142,7,7.0,313.8782043457031,-14.311200141906738,-0.04439999908208847,dietrich
2168,26_09_03_cell4_2_ch0,oreol,12,142,8,8.0,329.7007141113281,1.511299967765808,0.004699999932199717,dietrich
2169,26_09_03_cell4_2_ch0,oreol,12,142,9,9.0,329.1412048339844,0.9517999887466431,0.002899999963119626,dietrich
2170,26_09_03_cell4_2_ch0,oreol,12,142,10,10.0,338.3976135253906,10.208200454711914,0.03150000050663948,dietrich
2171,26_09_03_cell4_2_ch0,oreol,12,142,11,11.0,344.4989013671875,16.309499740600586,0.050200000405311584,dietrich
2172,26_09_03_cell4_2_ch0,oreol,12,142,12,12.0,345.63909912109375,17.44969940185547,0.05350000038743019,dietrich
2173,26_09_03_cell4_2_ch0,oreol,12,142,13,13.0,362.51031494140625,34.320899963378906,0.10480000078678131,dietrich
2174,26_09_03_cell4_2_ch0,oreol,12,142,14,14.0,349.4696960449219,21.28030014038086,0.06480000168085098,dietrich
2175,26_09_03_cell4_2_ch0,oreol,12,142,15,15.0,365.03900146484375,36.849700927734375,0.11169999837875366,dietrich
2176,26_09_03_cell4_2_ch0,oreol,12,142,16,16.0,384.4056091308594,56.21620178222656,0.16979999840259552,dietrich
2177,26_09_03_cell4_2_ch0,oreol,12,142,17,17.0,393.0881042480469,64.89869689941406,0.19519999623298645,dietrich
2178,26_09_03_cell4_2_ch0,oreol,12,142,18,18.0,401.7703857421875,73.58110046386719,0.22050000727176666,dietrich
2179,26_09_03_cell4_2_ch0,oreol,12,142,19,19.0,401.3016052246094,73.11219787597656,0.21819999814033508,dietrich
2180,26_09_03_cell4_2_ch0,oreol,12,142,20,20.0,420.86260986328125,92.67320251464844,0.27549999952316284,dietrich
2181,26_09_03_cell4_2_ch0,oreol,12,142,21,21.0,438.9661865234375,110.77680206298828,0.32820001244544983,dietrich
2182,26_09_03_cell4_2_ch0,oreol,12,142,22,22.0,444.45721435546875,116.2677993774414,0.3431999981403351,dietrich
2183,26_09_03_cell4_2_ch0,oreol,12,142,23,23.0,464.34600830078125,136.15660095214844,0.40059998631477356,dietrich
2184,26_09_03_cell4_2_ch0,oreol,12,142,24,24.0,474.8080139160156,146.6186065673828,0.4300999939441681,dietrich
2185,26_09_03_cell4_2_ch0,oreol,12,142,25,25.0,525.0177001953125,196.8282928466797,0.5758000016212463,dietrich
2186,26_09_03_cell4_2_ch0,oreol,12,142,26,26.0,462.3149108886719,134.12550354003906,0.391400009393692,dietrich
2187,26_09_03_cell4_2_ch0,oreol,12,142,27,27.0,397.7052001953125,69.51580047607422,0.20239999890327454,dietrich
2188,26_09_03_cell4_2_ch0,oreol,12,142,28,28.0,373.5262145996094,45.33679962158203,0.13169999420642853,dietrich
2189,26_09_03_cell4_2_ch0,oreol,12,142,29,29.0,375.7814025878906,47.59199905395508,0.13809999823570251,dietrich
2190,26_09_03_cell4_2_ch0,oreol,12,142,30,30.0,349.3066101074219,21.11720085144043,0.06120000034570694,dietrich
2191,26_09_03_cell4_2_ch0,oreol,12,142,31,31.0,352.9364929199219,24.747100830078125,0.07159999758005142,dietrich
2192,26_09_03_cell4_2_ch0,oreol,12,142,32,32.0,337.8385925292969,9.649200439453125,0.027899999171495438,dietrich
2193,26_09_03_cell4_2_ch0,oreol,12,142,33,33.0,338.34588623046875,10.156499862670898,0.029400000348687172,dietrich
2194,26_09_03_cell4_2_ch0,oreol,12,142,34,34.0,329.95770263671875,1.7683000564575195,0.005100000184029341,dietrich
2195,26_09_03_cell4_2_ch0,oreol,12,142,35,35.0,330.005615234375,1.8162000179290771,0.005200000014156103,dietrich
2196,26_09_03_cell4_2_ch0,oreol,12,142,36,36.0,339.3205871582031,11.131199836730957,0.03220000118017197,dietrich
2197,26_09_03_cell4_2_ch0,oreol,12,142,37,37.0,334.39990234375,6.2104997634887695,0.017999999225139618,dietrich
2198,26_09_03_cell4_2_ch0,oreol,12,142,38,38.0,328.739990234375,0.5507000088691711,0.0015999999595806003,dietrich
2199,26_09_03_cell4_2_ch0,oreol,12,142,39,39.0,334.00360107421875,5.814199924468994,0.016899999231100082,dietrich
2200,26_09_03_cell4_2_ch0,oreol,12,142,40,40.0,332.51959228515625,4.3302998542785645,0.012600000016391277,dietrich
2201,26_09_03_cell4_2_ch0,oreol,12,142,41,41.0,330.4497985839844,2.260499954223633,0.006599999964237213,dietrich
2202,26_09_03_cell4_2_ch0,oreol,12,142,42,42.0,334.78900146484375,6.599599838256836,0.019200000911951065,dietrich
2203,26_09_03_cell4_2_ch0,oreol,12,142,43,43.0,344.5315856933594,16.342300415039062,0.04769999906420708,dietrich
2204,26_09_03_cell4_2_ch0,oreol,12,142,44,44.0,327.1719055175781,-1.0175000429153442,-0.003000000026077032,dietrich
2205,26_09_03_cell4_2_ch0,oreol,12,142,45,45.0,325.3705139160156,-2.8189001083374023,-0.008299999870359898,dietrich
2206,26_09_03_cell4_2_ch0,oreol,12,142,46,46.0,329.2878112792969,1.0983999967575073,0.0031999999191612005,dietrich
2207,26_09_03_cell4_2_ch0,oreol,12,142,47,47.0,327.5841064453125,-0.6053000092506409,-0.0017999999690800905,dietrich
2208,26_09_03_cell4_2_ch0,oreol,12,142,48,48.0,328.2532958984375,0.06390000134706497,0.00019999999494757503,dietrich
2209,26_09_03_cell4_2_ch0,oreol,12,142,49,49.0,327.4554138183594,-0.734000027179718,-0.002199999988079071,dietrich
2210,26_09_03_cell4_2_ch0,oreol,12,142,50,50.0,326.8507995605469,-1.3386000394821167,-0.004000000189989805,dietrich
2211,26_09_03_cell4_2_ch0,oreol,12,142,51,51.0,321.59991455078125,-6.5894999504089355,-0.019700000062584877,dietrich
2212,26_09_03_cell4_2_ch0,oreol,12,142,52,52.0,328.0299072265625,-0.15950000286102295,-0.0005000000237487257,dietrich
2213,26_09_03_cell4_2_ch0,oreol,12,142,53,53.0,320.63470458984375,-7.554699897766113,-0.022700000554323196,dietrich
2214,26_09_03_cell4_2_ch0,oreol,12,142,54,54.0,322.9085998535156,-5.280799865722656,-0.01590000092983246,dietrich
2215,26_09_03_cell4_2_ch0,oreol,12,142,55,55.0,328.6794128417969,0.4900999963283539,0.001500000013038516,dietrich
2216,26_09_03_cell4_2_ch0,oreol,12,142,56,56.0,319.1087951660156,-9.080599784851074,-0.02759999968111515,dietrich
2217,26_09_03_cell4_2_ch0,oreol,12,142,57,57.0,331.52520751953125,3.3357999324798584,0.010200000368058681,dietrich
2218,26_09_03_cell4_2_ch0,oreol,12,142,58,58.0,323.9242858886719,-4.265100002288818,-0.013000000268220901,dietrich
2219,26_09_03_cell4_2_ch0,oreol,12,142,59,59.0,329.30218505859375,1.1128000020980835,0.0034000000450760126,dietrich
2220,26_09_03_cell4_2_ch0,oreol,12,142,60,60.0,317.3222961425781,-10.86709976196289,-0.03350000083446503,dietrich
2221,26_09_03_cell4_2_ch0,oreol,12,142,61,61.0,315.6482849121094,-12.541099548339844,-0.03869999945163727,dietrich
2222,26_09_03_cell4_2_ch0,oreol,12,142,62,62.0,332.1116027832031,3.9221999645233154,0.01209999993443489,dietrich
2223,26_09_03_cell4_2_ch0,oreol,12,142,63,63.0,328.5439147949219,0.3544999957084656,0.0010999999940395355,dietrich
2224,26_09_03_cell4_2_ch0,oreol,12,142,64,64.0,337.4446105957031,9.255200386047363,0.02879999950528145,dietrich
2225,26_09_03_cell4_2_ch0,oreol,12,142,65,65.0,340.8135070800781,12.624099731445312,0.039400000125169754,dietrich
2226,26_09_03_cell4_2_ch0,oreol,12,142,66,66.0,335.9848937988281,7.795499801635742,0.024399999529123306,dietrich
2227,26_09_03_cell4_2_ch0,oreol,12,142,67,67.0,342.9606018066406,14.771200180053711,0.04639999940991402,dietrich
2228,26_09_03_cell4_2_ch0,oreol,12,142,68,68.0,327.4096984863281,-0.779699981212616,-0.0024999999441206455,dietrich
2229,26_09_03_cell4_2_ch0,oreol,12,142,69,69.0,330.669189453125,2.4798998832702637,0.007799999788403511,dietrich
2230,26_09_03_cell4_2_ch0,oreol,12,142,70,70.0,331.2438049316406,3.0543999671936035,0.009700000286102295,dietrich
2231,26_09_03_cell4_2_ch0,oreol,12,142,71,71.0,326.8057861328125,-1.3835999965667725,-0.004399999976158142,dietrich
2232,26_09_03_cell4_2_ch0,oreol,12,142,72,72.0,322.86199951171875,-5.327400207519531,-0.016899999231100082,dietrich
2233,26_09_03_cell4_2_ch0,oreol,12,142,73,73.0,323.7536926269531,-4.435699939727783,-0.014100000262260437,dietrich
2234,26_09_03_cell4_2_ch0,oreol,12,142,74,74.0,320.9901123046875,-7.1992998123168945,-0.023000000044703484,dietrich
2235,26_09_03_cell4_2_ch0,oreol,12,142,75,75.0,329.9150085449219,1.725600004196167,0.005499999970197678,dietrich
2236,26_09_03_cell4_2_ch0,oreol,12,142,76,76.0,328.54010009765625,0.3506999909877777,0.0010999999940395355,dietrich
2237,26_09_03_cell4_2_ch0,oreol,12,142,77,77.0,332.0452880859375,3.8559000492095947,0.012400000356137753,dietrich
2238,26_09_03_cell4_2_ch0,oreol,12,142,78,78.0,333.6117858886719,5.422399997711182,0.017500000074505806,dietrich
2239,26_09_03_cell4_2_ch0,oreol,12,142,79,79.0,329.4222106933594,1.232800006866455,0.004000000189989805,dietrich
2240,26_09_03_cell4_2_ch0,oreol,12,142,80,80.0,321.8275146484375,-6.3618998527526855,-0.02070000022649765,dietrich
2241,26_09_03_cell4_2_ch0,oreol,12,142,81,81.0,323.8468017578125,-4.342700004577637,-0.0142000000923872,dietrich
2242,26_09_03_cell4_2_ch0,oreol,12,142,82,82.0,336.16729736328125,7.97790002822876,0.026100000366568565,dietrich
2243,26_09_03_cell4_2_ch0,oreol,12,142,83,83.0,327.97821044921875,-0.21119999885559082,-0.000699999975040555,dietrich
2244,26_09_03_cell4_2_ch0,oreol,12,142,84,84.0,327.80340576171875,-0.38600000739097595,-0.0013000000035390258,dietrich
2245,26_09_03_cell4_2_ch0,oreol,12,142,85,85.0,335.835693359375,7.646299839019775,0.02539999969303608,dietrich
2246,26_09_03_cell4_2_ch0,oreol,12,142,86,86.0,320.935791015625,-7.253499984741211,-0.024299999698996544,dietrich
2247,26_09_03_cell4_2_ch0,oreol,12,142,87,87.0,324.8002014160156,-3.3893001079559326,-0.01140000019222498,dietrich
2248,26_09_03_cell4_2_ch0,oreol,12,142,88,88.0,323.9599914550781,-4.229400157928467,-0.014399999752640724,dietrich
2249,26_09_03_cell4_2_ch0,oreol,12,142,90,89.0,325.7820129394531,-2.4072999954223633,-0.008299999870359898,dietrich
2250,26_09_03_cell4_2_ch0,oreol,13,149,0,0.0,384.53228759765625,26.13610076904297,0.07270000129938126,dietrich
2251,26_09_03_cell4_2_ch0,oreol,13,149,1,1.0,367.46771240234375,9.071499824523926,0.02539999969303608,dietrich
2252,26_09_03_cell4_2_ch0,oreol,13,149,2,2.0,347.6477966308594,-10.74839973449707,-0.03020000085234642,dietrich
2253,26_09_03_cell4_2_ch0,oreol,13,149,3,3.0,334.091796875,-24.304399490356445,-0.06859999895095825,dietrich
2254,26_09_03_cell4_2_ch0,oreol,13,149,4,4.0,327.3179931640625,-31.07819938659668,-0.08799999952316284,dietrich
2255,26_09_03_cell4_2_ch0,oreol,13,149,5,5.0,338.3439025878906,-20.052200317382812,-0.05700000002980232,dietrich
2256,26_09_03_cell4_2_ch0,oreol,13,149,6,6.0,330.68609619140625,-27.710100173950195,-0.07890000194311142,dietrich
2257,26_09_03_cell4_2_ch0,oreol,13,149,7,7.0,339.36029052734375,-19.035900115966797,-0.05429999902844429,dietrich
2258,26_09_03_cell4_2_ch0,oreol,13,149,8,8.0,348.38140869140625,-10.014699935913086,-0.028599999845027924,dietrich
2259,26_09_03_cell4_2_ch0,oreol,13,149,9,9.0,367.76361083984375,9.367500305175781,0.026799999177455902,dietrich
2260,26_09_03_cell4_2_ch0,oreol,13,149,10,10.0,361.52020263671875,3.1240999698638916,0.008899999782443047,dietrich
2261,26_09_03_cell4_2_ch0,oreol,13,149,11,11.0,365.1637878417969,6.767600059509277,0.01940000057220459,dietrich
2262,26_09_03_cell4_2_ch0,oreol,13,149,12,12.0,377.7062072753906,19.309999465942383,0.05530000105500221,dietrich
2263,26_09_03_cell4_2_ch0,oreol,13,149,13,13.0,398.15850830078125,39.762298583984375,0.11389999836683273,dietrich
2264,26_09_03_cell4_2_ch0,oreol,13,149,14,14.0,385.03118896484375,26.635000228881836,0.07620000094175339,dietrich
2265,26_09_03_cell4_2_ch0,oreol,13,149,15,15.0,399.3338928222656,40.93769836425781,0.11710000038146973,dietrich
2266,26_09_03_cell4_2_ch0,oreol,13,149,16,16.0,418.0758056640625,59.67959976196289,0.17059999704360962,dietrich
2267,26_09_03_cell4_2_ch0,oreol,13,149,17,17.0,425.2652893066406,66.86910247802734,0.19099999964237213,dietrich
2268,26_09_03_cell4_2_ch0,oreol,13,149,18,18.0,417.4101867675781,59.013999938964844,0.16840000450611115,dietrich
2269,26_09_03_cell4_2_ch0,oreol,13,149,19,19.0,429.5177001953125,71.12149810791016,0.20270000398159027,dietrich
2270,26_09_03_cell4_2_ch0,oreol,13,149,20,20.0,467.0943908691406,108.69830322265625,0.3093999922275543,dietrich
2271,26_09_03_cell4_2_ch0,oreol,13,149,21,21.0,476.6466064453125,118.25039672851562,0.3361999988555908,dietrich
2272,26_09_03_cell4_2_ch0,oreol,13,149,22,22.0,471.6795959472656,113.28340148925781,0.3215999901294708,dietrich
2273,26_09_03_cell4_2_ch0,oreol,13,149,23,23.0,522.1984252929688,163.8022003173828,0.4643999934196472,dietrich
2274,26_09_03_cell4_2_ch0,oreol,13,149,24,24.0,534.7075805664062,176.3114013671875,0.4991999864578247,dietrich
2275,26_09_03_cell4_2_ch0,oreol,13,149,25,25.0,576.2113037109375,217.81509399414062,0.6158000230789185,dietrich
2276,26_09_03_cell4_2_ch0,oreol,13,149,26,26.0,489.7130126953125,131.31689453125,0.3707999885082245,dietrich
2277,26_09_03_cell4_2_ch0,oreol,13,149,27,27.0,431.21600341796875,72.8198013305664,0.2053000032901764,dietrich
2278,26_09_03_cell4_2_ch0,oreol,13,149,28,28.0,396.2226867675781,37.826499938964844,0.10649999976158142,dietrich
2279,26_09_03_cell4_2_ch0,oreol,13,149,29,29.0,386.2358093261719,27.839599609375,0.07829999923706055,dietrich
2280,26_09_03_cell4_2_ch0,oreol,13,149,30,30.0,377.25689697265625,18.860700607299805,0.05299999937415123,dietrich
2281,26_09_03_cell4_2_ch0,oreol,13,149,31,31.0,372.78790283203125,14.39169979095459,0.04039999842643738,dietrich
2282,26_09_03_cell4_2_ch0,oreol,13,149,32,32.0,356.82989501953125,-1.5663000345230103,-0.004399999976158142,dietrich
2283,26_09_03_cell4_2_ch0,oreol,13,149,33,33.0,370.8837890625,12.487600326538086,0.0348999984562397,dietrich
2284,26_09_03_cell4_2_ch0,oreol,13,149,34,34.0,354.4504089355469,-3.9458000659942627,-0.010999999940395355,dietrich
2285,26_09_03_cell4_2_ch0,oreol,13,149,35,35.0,366.0299987792969,7.633800029754639,0.021299999207258224,dietrich
2286,26_09_03_cell4_2_ch0,oreol,13,149,36,36.0,348.1225891113281,-10.273599624633789,-0.028599999845027924,dietrich
2287,26_09_03_cell4_2_ch0,oreol,13,149,37,37.0,337.72821044921875,-20.667999267578125,-0.057500001043081284,dietrich
2288,26_09_03_cell4_2_ch0,oreol,13,149,38,38.0,343.8464050292969,-14.549799919128418,-0.04050000011920929,dietrich
2289,26_09_03_cell4_2_ch0,oreol,13,149,39,39.0,342.9765930175781,-15.419599533081055,-0.04280000180006027,dietrich
2290,26_09_03_cell4_2_ch0,oreol,13,149,40,40.0,344.1181945800781,-14.277899742126465,-0.03959999978542328,dietrich
2291,26_09_03_cell4_2_ch0,oreol,13,149,41,41.0,345.7703857421875,-12.625800132751465,-0.03500000014901161,dietrich
2292,26_09_03_cell4_2_ch0,oreol,13,149,42,42.0,362.9320068359375,4.535799980163574,0.012600000016391277,dietrich
2293,26_09_03_cell4_2_ch0,oreol,13,149,43,43.0,365.10198974609375,6.7058000564575195,0.01860000006854534,dietrich
2294,26_09_03_cell4_2_ch0,oreol,13,149,44,44.0,357.2792053222656,-1.1169999837875366,-0.003100000089034438,dietrich
2295,26_09_03_cell4_2_ch0,oreol,13,149,45,45.0,348.4621887207031,-9.934000015258789,-0.027400000020861626,dietrich
2296,26_09_03_cell4_2_ch0,oreol,13,149,46,46.0,368.1498107910156,9.753600120544434,0.026900000870227814,dietrich
2297,26_09_03_cell4_2_ch0,oreol,13,149,47,47.0,365.84051513671875,7.444300174713135,0.020500000566244125,dietrich
2298,26_09_03_cell4_2_ch0,oreol,13,149,48,48.0,368.0329895019531,9.636799812316895,0.026599999517202377,dietrich
2299,26_09_03_cell4_2_ch0,oreol,13,149,49,49.0,348.2257995605469,-10.17039966583252,-0.02800000086426735,dietrich
2300,26_09_03_cell4_2_ch0,oreol,13,149,50,50.0,360.9176940917969,2.5215001106262207,0.006899999920278788,dietrich
2301,26_09_03_cell4_2_ch0,oreol,13,149,51,51.0,352.1072082519531,-6.288899898529053,-0.01730000041425228,dietrich
2302,26_09_03_cell4_2_ch0,oreol,13,149,52,52.0,356.7933044433594,-1.6029000282287598,-0.004399999976158142,dietrich
2303,26_09_03_cell4_2_ch0,oreol,13,149,53,53.0,352.474609375,-5.921500205993652,-0.016200000420212746,dietrich
2304,26_09_03_cell4_2_ch0,oreol,13,149,54,54.0,347.15020751953125,-11.24590015411377,-0.030799999833106995,dietrich
2305,26_09_03_cell4_2_ch0,oreol,13,149,55,55.0,362.8192138671875,4.422999858856201,0.01209999993443489,dietrich
2306,26_09_03_cell4_2_ch0,oreol,13,149,56,56.0,364.9805908203125,6.584499835968018,0.017999999225139618,dietrich
2307,26_09_03_cell4_2_ch0,oreol,13,149,57,57.0,365.63409423828125,7.2378997802734375,0.01979999989271164,dietrich
2308,26_09_03_cell4_2_ch0,oreol,13,149,58,58.0,354.27911376953125,-4.117099761962891,-0.01119999960064888,dietrich
2309,26_09_03_cell4_2_ch0,oreol,13,149,59,59.0,371.9154052734375,13.519200325012207,0.03689999878406525,dietrich
2310,26_09_03_cell4_2_ch0,oreol,13,149,60,60.0,343.5429992675781,-14.85319995880127,-0.04050000011920929,dietrich
2311,26_09_03_cell4_2_ch0,oreol,13,149,61,61.0,357.6622009277344,-0.7339000105857849,-0.0020000000949949026,dietrich
2312,26_09_03_cell4_2_ch0,oreol,13,149,62,62.0,375.2735900878906,16.877399444580078,0.045899998396635056,dietrich
2313,26_09_03_cell4_2_ch0,oreol,13,149,63,63.0,368.87799072265625,10.481800079345703,0.02850000001490116,dietrich
2314,26_09_03_cell4_2_ch0,oreol,13,149,64,64.0,346.4764099121094,-11.9197998046875,-0.03240000084042549,dietrich
2315,26_09_03_cell4_2_ch0,oreol,13,149,65,65.0,362.5704040527344,4.174200057983398,0.011300000362098217,dietrich
2316,26_09_03_cell4_2_ch0,oreol,13,149,66,66.0,359.16180419921875,0.7656000256538391,0.002099999925121665,dietrich
2317,26_09_03_cell4_2_ch0,oreol,13,149,67,67.0,355.7525939941406,-2.6435000896453857,-0.007199999876320362,dietrich
2318,26_09_03_cell4_2_ch0,oreol,13,149,68,68.0,357.845703125,-0.5504999756813049,-0.001500000013038516,dietrich
2319,26_09_03_cell4_2_ch0,oreol,13,149,69,69.0,359.44390869140625,1.047700047492981,0.00279999990016222,dietrich
2320,26_09_03_cell4_2_ch0,oreol,13,149,70,70.0,356.5505065917969,-1.8456000089645386,-0.004999999888241291,dietrich
2321,26_09_03_cell4_2_ch0,oreol,13,149,71,71.0,353.1695861816406,-5.226600170135498,-0.014100000262260437,dietrich
2322,26_09_03_cell4_2_ch0,oreol,13,149,72,72.0,360.3053894042969,1.9091999530792236,0.005100000184029341,dietrich
2323,26_09_03_cell4_2_ch0,oreol,13,149,73,73.0,362.46270751953125,4.066500186920166,0.010900000110268593,dietrich
2324,26_09_03_cell4_2_ch0,oreol,13,149,74,74.0,354.14691162109375,-4.249300003051758,-0.01140000019222498,dietrich
2325,26_09_03_cell4_2_ch0,oreol,13,149,75,75.0,373.3638000488281,14.967700004577637,0.04019999876618385,dietrich
2326,26_09_03_cell4_2_ch0,oreol,13,149,76,76.0,367.6199951171875,9.223799705505371,0.024700000882148743,dietrich
2327,26_09_03_cell4_2_ch0,oreol,13,149,77,77.0,343.92230224609375,-14.473899841308594,-0.03880000114440918,dietrich
2328,26_09_03_cell4_2_ch0,oreol,13,149,78,78.0,376.2782897949219,17.882099151611328,0.0478999987244606,dietrich
2329,26_09_03_cell4_2_ch0,oreol,13,149,79,79.0,391.1962890625,32.80009841918945,0.08789999783039093,dietrich
2330,26_09_03_cell4_2_ch0,oreol,13,149,80,80.0,364.68499755859375,6.28879976272583,0.016899999231100082,dietrich
2331,26_09_03_cell4_2_ch0,oreol,13,149,81,81.0,366.7539978027344,8.357799530029297,0.02239999920129776,dietrich
2332,26_09_03_cell4_2_ch0,oreol,13,149,82,82.0,377.41339111328125,19.017200469970703,0.050999999046325684,dietrich
2333,26_09_03_cell4_2_ch0,oreol,13,149,83,83.0,379.1741027832031,20.77790069580078,0.05570000037550926,dietrich
2334,26_09_03_cell4_2_ch0,oreol,13,149,84,84.0,362.047607421875,3.651400089263916,0.009800000116229057,dietrich
2335,26_09_03_cell4_2_ch0,oreol,13,149,85,85.0,369.5461120605469,11.149900436401367,0.029999999329447746,dietrich
2336,26_09_03_cell4_2_ch0,oreol,13,149,86,86.0,366.18280029296875,7.786600112915039,0.020999999716877937,dietrich
2337,26_09_03_cell4_2_ch0,oreol,13,149,87,87.0,361.47149658203125,3.0752999782562256,0.008299999870359898,dietrich
2338,26_09_03_cell4_2_ch0,oreol,13,149,88,88.0,353.9267883300781,-4.469399929046631,-0.01209999993443489,dietrich
2339,26_09_03_cell4_2_ch0,oreol,13,149,90,89.0,354.0639953613281,-4.332099914550781,-0.011800000444054604,dietrich
