,id,lab_id,roi,dist,index,time,abs_int,dF_int,dF/F0_int,base
0,26_09_03_cell4_2_ch0,shaft,1,513,0,0.0,476.0,12.968799591064453,0.02800000086426735,simple
1,26_09_03_cell4_2_ch0,shaft,1,513,1,1.0,462.875,-0.15620000660419464,-0.0003000000142492354,simple
2,26_09_03_cell4_2_ch0,shaft,1,513,2,2.0,460.625,-2.4061999320983887,-0.005200000014156103,simple
3,26_09_03_cell4_2_ch0,shaft,1,513,3,3.0,452.625,-10.406200408935547,-0.02250000089406967,simple
4,26_09_03_cell4_2_ch0,shaft,1,513,4,4.0,431.0,-32.03120040893555,-0.06920000165700912,simple
5,26_09_03_cell4_2_ch0,shaft,1,513,5,5.0,434.625,-28.406200408935547,-0.06129999831318855,simple
6,26_09_03_cell4_2_ch0,shaft,1,513,6,6.0,430.75,-32.28120040893555,-0.06970000267028809,simple
7,26_09_03_cell4_2_ch0,shaft,1,513,7,7.0,436.375,-26.656200408935547,-0.0575999990105629,simple
8,26_09_03_cell4_2_ch0,shaft,1,513,8,8.0,458.75,-4.281199932098389,-0.009200000204145908,simple
9,26_09_03_cell4_2_ch0,shaft,1,513,9,9.0,431.625,-31.406200408935547,-0.06780000030994415,simple
10,26_09_03_cell4_2_ch0,shaft,1,513,10,10.0,441.0,-22.031200408935547,-0.047600001096725464,simple
11,26_09_03_cell4_2_ch0,shaft,1,513,11,11.0,451.0,-12.031200408935547,-0.026000000536441803,simple
12,26_09_03_cell4_2_ch0,shaft,1,513,12,12.0,463.875,0.8438000082969666,0.0017999999690800905,simple
13,26_09_03_cell4_2_ch0,shaft,1,513,13,13.0,483.625,20.593799591064453,0.04450000077486038,simple
14,26_09_03_cell4_2_ch0,shaft,1,513,14,14.0,466.75,3.7188000679016113,0.00800000037997961,simple
15,26_09_03_cell4_2_ch0,shaft,1,513,15,15.0,493.125,30.093799591064453,0.06499999761581421,simple
16,26_09_03_cell4_2_ch0,shaft,1,513,16,16.0,491.875,28.843799591064453,0.062300000339746475,simple
17,26_09_03_cell4_2_ch0,shaft,1,513,17,17.0,494.125,31.093799591064453,0.06719999760389328,simple
18,26_09_03_cell4_2_ch0,shaft,1,513,18,18.0,475.125,12.093799591064453,0.026100000366568565,simple
19,26_09_03_cell4_2_ch0,shaft,1,513,19,19.0,500.125,37.09379959106445,0.08009999990463257,simple
20,26_09_03_cell4_2_ch0,shaft,1,513,20,20.0,491.875,28.843799591064453,0.062300000339746475,simple
21,26_09_03_cell4_2_ch0,shaft,1,513,21,21.0,487.375,24.343799591064453,0.05260000005364418,simple
22,26_09_03_cell4_2_ch0,shaft,1,513,22,22.0,484.625,21.593799591064453,0.04659999907016754,simple
23,26_09_03_cell4_2_ch0,shaft,1,513,23,23.0,472.25,9.218799591064453,0.019899999722838402,simple
24,26_09_03_cell4_2_ch0,shaft,1,513,24,24.0,476.25,13.218799591064453,0.02850000001490116,simple
25,26_09_03_cell4_2_ch0,shaft,1,513,25,25.0,464.5,1.4687999486923218,0.0031999999191612005,simple
26,26_09_03_cell4_2_ch0,shaft,1,513,26,26.0,455.0,-8.031200408935547,-0.01730000041425228,simple
27,26_09_03_cell4_2_ch0,shaft,1,513,27,27.0,468.5,5.468800067901611,0.011800000444054604,simple
28,26_09_03_cell4_2_ch0,shaft,1,513,28,28.0,450.875,-12.156200408935547,-0.02630000002682209,simple
29,26_09_03_cell4_2_ch0,shaft,1,513,29,29.0,459.125,-3.9061999320983887,-0.00839999970048666,simple
30,26_09_03_cell4_2_ch0,shaft,1,513,30,30.0,450.125,-12.906200408935547,-0.027899999171495438,simple
31,26_09_03_cell4_2_ch0,shaft,1,513,31,31.0,443.375,-19.656200408935547,-0.042500000447034836,simple
32,26_09_03_cell4_2_ch0,shaft,1,513,32,32.0,428.5,-34.53120040893555,-0.07460000365972519,simple
33,26_09_03_cell4_2_ch0,shaft,1,513,33,33.0,451.25,-11.781200408935547,-0.02539999969303608,simple
34,26_09_03_cell4_2_ch0,shaft,1,513,34,34.0,446.375,-16.656200408935547,-0.035999998450279236,simple
35,26_09_03_cell4_2_ch0,shaft,1,513,35,35.0,453.25,-9.781200408935547,-0.0210999995470047,simple
36,26_09_03_cell4_2_ch0,shaft,1,513,36,36.0,458.25,-4.781199932098389,-0.010300000198185444,simple
37,26_09_03_cell4_2_ch0,shaft,1,513,37,37.0,474.625,11.593799591064453,0.02500000037252903,simple
38,26_09_03_cell4_2_ch0,shaft,1,513,38,38.0,474.125,11.093799591064453,0.024000000208616257,simple
39,26_09_03_cell4_2_ch0,shaft,1,513,39,39.0,465.375,2.3438000679016113,0.005100000184029341,simple
40,26_09_03_cell4_2_ch0,shaft,1,513,40,40.0,472.75,9.718799591064453,0.020999999716877937,simple
41,26_09_03_cell4_2_ch0,shaft,1,513,41,41.0,470.375,7.343800067901611,0.01590000092983246,simple
42,26_09_03_cell4_2_ch0,shaft,1,513,42,42.0,488.0,24.968799591064453,0.05389999970793724,simple
43,26_09_03_cell4_2_ch0,shaft,1,513,43,43.0,495.0,31.968799591064453,0.0689999982714653,simple
44,26_09_03_cell4_2_ch0,shaft,1,513,44,44.0,501.5,38.46879959106445,0.08309999853372574,simple
45,26_09_03_cell4_2_ch0,shaft,1,513,45,45.0,500.875,37.84379959106445,0.08169999718666077,simple
46,26_09_03_cell4_2_ch0,shaft,1,513,46,46.0,504.375,41.34379959106445,0.0892999991774559,simple
47,26_09_03_cell4_2_ch0,shaft,1,513,47,47.0,524.0,60.96879959106445,0.13169999420642853,simple
48,26_09_03_cell4_2_ch0,shaft,1,513,48,48.0,503.875,40.84379959106445,0.08820000290870667,simple
49,26_09_03_cell4_2_ch0,shaft,1,513,49,49.0,501.5,38.46879959106445,0.08309999853372574,simple
50,26_09_03_cell4_2_ch0,shaft,1,513,50,50.0,478.375,15.343799591064453,0.03310000151395798,simple
51,26_09_03_cell4_2_ch0,shaft,1,513,51,51.0,484.125,21.093799591064453,0.04560000076889992,simple
52,26_09_03_cell4_2_ch0,shaft,1,513,52,52.0,484.875,21.843799591064453,0.047200001776218414,simple
53,26_09_03_cell4_2_ch0,shaft,1,513,53,53.0,461.375,-1.6562000513076782,-0.003599999938160181,simple
54,26_09_03_cell4_2_ch0,shaft,1,513,54,54.0,458.875,-4.156199932098389,-0.008999999612569809,simple
55,26_09_03_cell4_2_ch0,shaft,1,513,55,55.0,450.875,-12.156200408935547,-0.02630000002682209,simple
56,26_09_03_cell4_2_ch0,shaft,1,513,56,56.0,446.625,-16.406200408935547,-0.03539999946951866,simple
57,26_09_03_cell4_2_ch0,shaft,1,513,57,57.0,433.0,-30.031200408935547,-0.0649000033736229,simple
58,26_09_03_cell4_2_ch0,shaft,1,513,58,58.0,437.25,-25.781200408935547,-0.05570000037550926,simple
59,26_09_03_cell4_2_ch0,shaft,1,513,59,59.0,420.0,-43.03120040893555,-0.09290000051259995,simple
60,26_09_03_cell4_2_ch0,shaft,1,513,60,60.0,425.75,-37.28120040893555,-0.08049999922513962,simple
61,26_09_03_cell4_2_ch0,shaft,1,513,61,61.0,412.25,-50.78120040893555,-0.10970000177621841,simple
62,26_09_03_cell4_2_ch0,shaft,1,513,62,62.0,393.875,-69.15619659423828,-0.149399995803833,simple
63,26_09_03_cell4_2_ch0,shaft,1,513,63,63.0,399.375,-63.65620040893555,-0.13750000298023224,simple
64,26_09_03_cell4_2_ch0,shaft,1,513,64,64.0,383.625,-79.40619659423828,-0.17149999737739563,simple
65,26_09_03_cell4_2_ch0,shaft,1,513,65,65.0,382.0,-81.03119659423828,-0.17499999701976776,simple
66,26_09_03_cell4_2_ch0,shaft,1,513,66,66.0,389.125,-73.90619659423828,-0.15960000455379486,simple
67,26_09_03_cell4_2_ch0,shaft,1,513,67,67.0,376.0,-87.03119659423828,-0.18799999356269836,simple
68,26_09_03_cell4_2_ch0,shaft,1,513,68,68.0,357.5,-105.53119659423828,-0.22789999842643738,simple
69,26_09_03_cell4_2_ch0,shaft,1,513,69,69.0,350.125,-112.90619659423828,-0.24379999935626984,simple
70,26_09_03_cell4_2_ch0,shaft,1,513,70,70.0,366.25,-96.78119659423828,-0.20900000631809235,simple
71,26_09_03_cell4_2_ch0,shaft,1,513,71,71.0,367.375,-95.65619659423828,-0.20659999549388885,simple
72,26_09_03_cell4_2_ch0,shaft,1,513,72,72.0,373.375,-89.65619659423828,-0.19359999895095825,simple
73,26_09_03_cell4_2_ch0,shaft,1,513,73,73.0,382.25,-80.78119659423828,-0.1745000034570694,simple
74,26_09_03_cell4_2_ch0,shaft,1,513,74,74.0,380.75,-82.28119659423828,-0.1776999980211258,simple
75,26_09_03_cell4_2_ch0,shaft,1,513,75,75.0,370.625,-92.40619659423828,-0.1995999962091446,simple
76,26_09_03_cell4_2_ch0,shaft,1,513,76,76.0,360.0,-103.03119659423828,-0.2224999964237213,simple
77,26_09_03_cell4_2_ch0,shaft,1,513,77,77.0,354.375,-108.65619659423828,-0.23469999432563782,simple
78,26_09_03_cell4_2_ch0,shaft,1,513,78,78.0,351.5,-111.53119659423828,-0.24089999496936798,simple
79,26_09_03_cell4_2_ch0,shaft,1,513,79,79.0,344.875,-118.15619659423828,-0.25519999861717224,simple
80,26_09_03_cell4_2_ch0,shaft,1,513,80,80.0,349.25,-113.78119659423828,-0.24570000171661377,simple
81,26_09_03_cell4_2_ch0,shaft,1,513,81,81.0,352.625,-110.40619659423828,-0.23839999735355377,simple
82,26_09_03_cell4_2_ch0,shaft,1,513,82,82.0,342.625,-120.40619659423828,-0.25999999046325684,simple
83,26_09_03_cell4_2_ch0,shaft,1,513,83,83.0,336.375,-126.65619659423828,-0.273499995470047,simple
84,26_09_03_cell4_2_ch0,shaft,1,513,84,84.0,320.75,-142.2812042236328,-0.30730000138282776,simple
85,26_09_03_cell4_2_ch0,shaft,1,513,85,85.0,310.875,-152.1562042236328,-0.3285999894142151,simple
86,26_09_03_cell4_2_ch0,shaft,1,513,86,86.0,318.375,-144.6562042236328,-0.3124000132083893,simple
87,26_09_03_cell4_2_ch0,shaft,1,513,87,87.0,328.0,-135.0312042236328,-0.29159998893737793,simple
88,26_09_03_cell4_2_ch0,shaft,1,513,88,88.0,298.25,-164.7812042236328,-0.35589998960494995,simple
89,26_09_03_cell4_2_ch0,shaft,1,513,90,89.0,313.125,-149.9062042236328,-0.3237000107765198,simple
90,26_09_03_cell4_2_ch0,shaft,2,218,0,0.0,346.6000061035156,13.324999809265137,0.03999999910593033,simple
91,26_09_03_cell4_2_ch0,shaft,2,218,1,1.0,325.5,-7.775000095367432,-0.02329999953508377,simple
92,26_09_03_cell4_2_ch0,shaft,2,218,2,2.0,331.5,-1.774999976158142,-0.0052999998442828655,simple
93,26_09_03_cell4_2_ch0,shaft,2,218,3,3.0,329.5,-3.7750000953674316,-0.011300000362098217,simple
94,26_09_03_cell4_2_ch0,shaft,2,218,4,4.0,322.6000061035156,-10.675000190734863,-0.03200000151991844,simple
95,26_09_03_cell4_2_ch0,shaft,2,218,5,5.0,302.6000061035156,-30.674999237060547,-0.09200000017881393,simple
96,26_09_03_cell4_2_ch0,shaft,2,218,6,6.0,312.29998779296875,-20.975000381469727,-0.06289999932050705,simple
97,26_09_03_cell4_2_ch0,shaft,2,218,7,7.0,313.5,-19.774999618530273,-0.059300001710653305,simple
98,26_09_03_cell4_2_ch0,shaft,2,218,8,8.0,301.5,-31.774999618530273,-0.09529999643564224,simple
99,26_09_03_cell4_2_ch0,shaft,2,218,9,9.0,288.1000061035156,-45.17499923706055,-0.1354999989271164,simple
100,26_09_03_cell4_2_ch0,shaft,2,218,10,10.0,297.0,-36.275001525878906,-0.1088000014424324,simple
101,26_09_03_cell4_2_ch0,shaft,2,218,11,11.0,296.0,-37.275001525878906,-0.11180000007152557,simple
102,26_09_03_cell4_2_ch0,shaft,2,218,12,12.0,311.70001220703125,-21.575000762939453,-0.06469999998807907,simple
103,26_09_03_cell4_2_ch0,shaft,2,218,13,13.0,342.79998779296875,9.524999618530273,0.028599999845027924,simple
104,26_09_03_cell4_2_ch0,shaft,2,218,14,14.0,350.20001220703125,16.924999237060547,0.05079999938607216,simple
105,26_09_03_cell4_2_ch0,shaft,2,218,15,15.0,356.5,23.225000381469727,0.06970000267028809,simple
106,26_09_03_cell4_2_ch0,shaft,2,218,16,16.0,372.6000061035156,39.32500076293945,0.11800000071525574,simple
107,26_09_03_cell4_2_ch0,shaft,2,218,17,17.0,367.6000061035156,34.32500076293945,0.10300000011920929,simple
108,26_09_03_cell4_2_ch0,shaft,2,218,18,18.0,362.20001220703125,28.924999237060547,0.0868000015616417,simple
109,26_09_03_cell4_2_ch0,shaft,2,218,19,19.0,348.70001220703125,15.425000190734863,0.046300001442432404,simple
110,26_09_03_cell4_2_ch0,shaft,2,218,20,20.0,332.29998779296875,-0.9750000238418579,-0.002899999963119626,simple
111,26_09_03_cell4_2_ch0,shaft,2,218,21,21.0,318.70001220703125,-14.574999809265137,-0.043699998408555984,simple
112,26_09_03_cell4_2_ch0,shaft,2,218,22,22.0,314.5,-18.774999618530273,-0.056299999356269836,simple
113,26_09_03_cell4_2_ch0,shaft,2,218,23,23.0,316.1000061035156,-17.174999237060547,-0.051500000059604645,simple
114,26_09_03_cell4_2_ch0,shaft,2,218,24,24.0,299.70001220703125,-33.57500076293945,-0.1006999984383583,simple
115,26_09_03_cell4_2_ch0,shaft,2,218,25,25.0,287.20001220703125,-46.07500076293945,-0.13819999992847443,simple
116,26_09_03_cell4_2_ch0,shaft,2,218,26,26.0,276.20001220703125,-57.07500076293945,-0.1712999939918518,simple
117,26_09_03_cell4_2_ch0,shaft,2,218,27,27.0,291.3999938964844,-41.875,-0.12559999525547028,simple
118,26_09_03_cell4_2_ch0,shaft,2,218,28,28.0,284.8999938964844,-48.375,-0.1451999992132187,simple
119,26_09_03_cell4_2_ch0,shaft,2,218,29,29.0,280.20001220703125,-53.07500076293945,-0.15929999947547913,simple
120,26_09_03_cell4_2_ch0,shaft,2,218,30,30.0,281.6000061035156,-51.67499923706055,-0.1551000028848648,simple
121,26_09_03_cell4_2_ch0,shaft,2,218,31,31.0,261.0,-72.2750015258789,-0.21690000593662262,simple
122,26_09_03_cell4_2_ch0,shaft,2,218,32,32.0,247.60000610351562,-85.67500305175781,-0.257099986076355,simple
123,26_09_03_cell4_2_ch0,shaft,2,218,33,33.0,236.39999389648438,-96.875,-0.2906999886035919,simple
124,26_09_03_cell4_2_ch0,shaft,2,218,34,34.0,238.10000610351562,-95.17500305175781,-0.2856000065803528,simple
125,26_09_03_cell4_2_ch0,shaft,2,218,35,35.0,231.6999969482422,-101.57499694824219,-0.30480000376701355,simple
126,26_09_03_cell4_2_ch0,shaft,2,218,36,36.0,240.0,-93.2750015258789,-0.2799000144004822,simple
127,26_09_03_cell4_2_ch0,shaft,2,218,37,37.0,240.10000610351562,-93.17500305175781,-0.27959999442100525,simple
128,26_09_03_cell4_2_ch0,shaft,2,218,38,38.0,235.6999969482422,-97.57499694824219,-0.29280000925064087,simple
129,26_09_03_cell4_2_ch0,shaft,2,218,39,39.0,263.1000061035156,-70.17500305175781,-0.21060000360012054,simple
130,26_09_03_cell4_2_ch0,shaft,2,218,40,40.0,269.20001220703125,-64.07499694824219,-0.1923000067472458,simple
131,26_09_03_cell4_2_ch0,shaft,2,218,41,41.0,259.29998779296875,-73.9749984741211,-0.22200000286102295,simple
132,26_09_03_cell4_2_ch0,shaft,2,218,42,42.0,281.1000061035156,-52.17499923706055,-0.1565999984741211,simple
133,26_09_03_cell4_2_ch0,shaft,2,218,43,43.0,294.1000061035156,-39.17499923706055,-0.11749999970197678,simple
134,26_09_03_cell4_2_ch0,shaft,2,218,44,44.0,279.70001220703125,-53.57500076293945,-0.1607999950647354,simple
135,26_09_03_cell4_2_ch0,shaft,2,218,45,45.0,283.29998779296875,-49.974998474121094,-0.15000000596046448,simple
136,26_09_03_cell4_2_ch0,shaft,2,218,46,46.0,260.3999938964844,-72.875,-0.21870000660419464,simple
137,26_09_03_cell4_2_ch0,shaft,2,218,47,47.0,271.3999938964844,-61.875,-0.18569999933242798,simple
138,26_09_03_cell4_2_ch0,shaft,2,218,48,48.0,263.1000061035156,-70.17500305175781,-0.21060000360012054,simple
139,26_09_03_cell4_2_ch0,shaft,2,218,49,49.0,259.8999938964844,-73.375,-0.22020000219345093,simple
140,26_09_03_cell4_2_ch0,shaft,2,218,50,50.0,253.3000030517578,-79.9749984741211,-0.23999999463558197,simple
141,26_09_03_cell4_2_ch0,shaft,2,218,51,51.0,246.39999389648438,-86.875,-0.260699987411499,simple
142,26_09_03_cell4_2_ch0,shaft,2,218,52,52.0,247.3000030517578,-85.9749984741211,-0.257999986410141,simple
143,26_09_03_cell4_2_ch0,shaft,2,218,53,53.0,252.39999389648438,-80.875,-0.24269999563694,simple
144,26_09_03_cell4_2_ch0,shaft,2,218,54,54.0,242.10000610351562,-91.17500305175781,-0.2736000120639801,simple
145,26_09_03_cell4_2_ch0,shaft,2,218,55,55.0,238.6999969482422,-94.57499694824219,-0.28380000591278076,simple
146,26_09_03_cell4_2_ch0,shaft,2,218,56,56.0,250.8000030517578,-82.4749984741211,-0.2475000023841858,simple
147,26_09_03_cell4_2_ch0,shaft,2,218,57,57.0,240.3000030517578,-92.9749984741211,-0.27900001406669617,simple
148,26_09_03_cell4_2_ch0,shaft,2,218,58,58.0,250.6999969482422,-82.57499694824219,-0.24779999256134033,simple
149,26_09_03_cell4_2_ch0,shaft,2,218,59,59.0,244.89999389648438,-88.375,-0.2651999890804291,simple
150,26_09_03_cell4_2_ch0,shaft,2,218,60,60.0,250.89999389648438,-82.375,-0.24719999730587006,simple
151,26_09_03_cell4_2_ch0,shaft,2,218,61,61.0,249.5,-83.7750015258789,-0.2513999938964844,simple
152,26_09_03_cell4_2_ch0,shaft,2,218,62,62.0,261.20001220703125,-72.07499694824219,-0.21629999577999115,simple
153,26_09_03_cell4_2_ch0,shaft,2,218,63,63.0,277.5,-55.775001525878906,-0.16740000247955322,simple
154,26_09_03_cell4_2_ch0,shaft,2,218,64,64.0,278.5,-54.775001525878906,-0.16439999639987946,simple
155,26_09_03_cell4_2_ch0,shaft,2,218,65,65.0,288.5,-44.775001525878906,-0.13429999351501465,simple
156,26_09_03_cell4_2_ch0,shaft,2,218,66,66.0,300.8999938964844,-32.375,-0.09709999710321426,simple
157,26_09_03_cell4_2_ch0,shaft,2,218,67,67.0,304.1000061035156,-29.174999237060547,-0.08749999850988388,simple
158,26_09_03_cell4_2_ch0,shaft,2,218,68,68.0,292.0,-41.275001525878906,-0.12380000203847885,simple
159,26_09_03_cell4_2_ch0,shaft,2,218,69,69.0,281.5,-51.775001525878906,-0.15539999306201935,simple
160,26_09_03_cell4_2_ch0,shaft,2,218,70,70.0,274.5,-58.775001525878906,-0.17640000581741333,simple
161,26_09_03_cell4_2_ch0,shaft,2,218,71,71.0,289.70001220703125,-43.57500076293945,-0.1307000070810318,simple
162,26_09_03_cell4_2_ch0,shaft,2,218,72,72.0,272.5,-60.775001525878906,-0.18240000307559967,simple
163,26_09_03_cell4_2_ch0,shaft,2,218,73,73.0,280.70001220703125,-52.57500076293945,-0.15780000388622284,simple
164,26_09_03_cell4_2_ch0,shaft,2,218,74,74.0,295.6000061035156,-37.67499923706055,-0.11299999803304672,simple
165,26_09_03_cell4_2_ch0,shaft,2,218,75,75.0,284.0,-49.275001525878906,-0.14790000021457672,simple
166,26_09_03_cell4_2_ch0,shaft,2,218,76,76.0,287.29998779296875,-45.974998474121094,-0.1378999948501587,simple
167,26_09_03_cell4_2_ch0,shaft,2,218,77,77.0,281.8999938964844,-51.375,-0.1542000025510788,simple
168,26_09_03_cell4_2_ch0,shaft,2,218,78,78.0,266.0,-67.2750015258789,-0.20190000534057617,simple
169,26_09_03_cell4_2_ch0,shaft,2,218,79,79.0,264.29998779296875,-68.9749984741211,-0.2070000022649765,simple
170,26_09_03_cell4_2_ch0,shaft,2,218,80,80.0,265.5,-67.7750015258789,-0.20340000092983246,simple
171,26_09_03_cell4_2_ch0,shaft,2,218,81,81.0,270.79998779296875,-62.474998474121094,-0.1875,simple
172,26_09_03_cell4_2_ch0,shaft,2,218,82,82.0,270.20001220703125,-63.07500076293945,-0.18930000066757202,simple
173,26_09_03_cell4_2_ch0,shaft,2,218,83,83.0,277.8999938964844,-55.375,-0.16619999706745148,simple
174,26_09_03_cell4_2_ch0,shaft,2,218,84,84.0,291.5,-41.775001525878906,-0.12530000507831573,simple
175,26_09_03_cell4_2_ch0,shaft,2,218,85,85.0,280.79998779296875,-52.474998474121094,-0.1574999988079071,simple
176,26_09_03_cell4_2_ch0,shaft,2,218,86,86.0,289.6000061035156,-43.67499923706055,-0.13099999725818634,simple
177,26_09_03_cell4_2_ch0,shaft,2,218,87,87.0,282.1000061035156,-51.17499923706055,-0.15360000729560852,simple
178,26_09_03_cell4_2_ch0,shaft,2,218,88,88.0,298.6000061035156,-34.67499923706055,-0.10400000214576721,simple
179,26_09_03_cell4_2_ch0,shaft,2,218,90,89.0,293.6000061035156,-39.67499923706055,-0.11900000274181366,simple
180,26_09_03_cell4_2_ch0,shaft,3,190,0,0.0,140.0,4.0,0.029400000348687172,simple
181,26_09_03_cell4_2_ch0,shaft,3,190,1,1.0,134.1999969482422,-1.7999999523162842,-0.013199999928474426,simple
182,26_09_03_cell4_2_ch0,shaft,3,190,2,2.0,128.1999969482422,-7.800000190734863,-0.05739999935030937,simple
183,26_09_03_cell4_2_ch0,shaft,3,190,3,3.0,141.60000610351562,5.599999904632568,0.041200000792741776,simple
184,26_09_03_cell4_2_ch0,shaft,3,190,4,4.0,171.0,35.0,0.2574000060558319,simple
185,26_09_03_cell4_2_ch0,shaft,3,190,5,5.0,191.1999969482422,55.20000076293945,0.4059000015258789,simple
186,26_09_03_cell4_2_ch0,shaft,3,190,6,6.0,212.8000030517578,76.80000305175781,0.5647000074386597,simple
187,26_09_03_cell4_2_ch0,shaft,3,190,7,7.0,198.39999389648438,62.400001525878906,0.45879998803138733,simple
188,26_09_03_cell4_2_ch0,shaft,3,190,8,8.0,207.8000030517578,71.80000305175781,0.527899980545044,simple
189,26_09_03_cell4_2_ch0,shaft,3,190,9,9.0,218.1999969482422,82.19999694824219,0.6043999791145325,simple
190,26_09_03_cell4_2_ch0,shaft,3,190,10,10.0,220.8000030517578,84.80000305175781,0.6234999895095825,simple
191,26_09_03_cell4_2_ch0,shaft,3,190,11,11.0,227.1999969482422,91.19999694824219,0.6705999970436096,simple
192,26_09_03_cell4_2_ch0,shaft,3,190,12,12.0,266.20001220703125,130.1999969482422,0.9574000239372253,simple
193,26_09_03_cell4_2_ch0,shaft,3,190,13,13.0,294.20001220703125,158.1999969482422,1.1632000207901,simple
194,26_09_03_cell4_2_ch0,shaft,3,190,14,14.0,293.0,157.0,1.1543999910354614,simple
195,26_09_03_cell4_2_ch0,shaft,3,190,15,15.0,306.79998779296875,170.8000030517578,1.2559000253677368,simple
196,26_09_03_cell4_2_ch0,shaft,3,190,16,16.0,314.20001220703125,178.1999969482422,1.3102999925613403,simple
197,26_09_03_cell4_2_ch0,shaft,3,190,17,17.0,310.3999938964844,174.39999389648438,1.2824000120162964,simple
198,26_09_03_cell4_2_ch0,shaft,3,190,18,18.0,317.3999938964844,181.39999389648438,1.333799958229065,simple
199,26_09_03_cell4_2_ch0,shaft,3,190,19,19.0,325.20001220703125,189.1999969482422,1.3911999464035034,simple
200,26_09_03_cell4_2_ch0,shaft,3,190,20,20.0,326.20001220703125,190.1999969482422,1.3984999656677246,simple
201,26_09_03_cell4_2_ch0,shaft,3,190,21,21.0,311.0,175.0,1.2868000268936157,simple
202,26_09_03_cell4_2_ch0,shaft,3,190,22,22.0,306.20001220703125,170.1999969482422,1.2515000104904175,simple
203,26_09_03_cell4_2_ch0,shaft,3,190,23,23.0,297.79998779296875,161.8000030517578,1.1897000074386597,simple
204,26_09_03_cell4_2_ch0,shaft,3,190,24,24.0,281.0,145.0,1.0662000179290771,simple
205,26_09_03_cell4_2_ch0,shaft,3,190,25,25.0,280.3999938964844,144.39999389648438,1.0618000030517578,simple
206,26_09_03_cell4_2_ch0,shaft,3,190,26,26.0,287.0,151.0,1.1102999448776245,simple
207,26_09_03_cell4_2_ch0,shaft,3,190,27,27.0,284.79998779296875,148.8000030517578,1.094099998474121,simple
208,26_09_03_cell4_2_ch0,shaft,3,190,28,28.0,268.6000061035156,132.60000610351562,0.9750000238418579,simple
209,26_09_03_cell4_2_ch0,shaft,3,190,29,29.0,259.6000061035156,123.5999984741211,0.9088000059127808,simple
210,26_09_03_cell4_2_ch0,shaft,3,190,30,30.0,254.39999389648438,118.4000015258789,0.8705999851226807,simple
211,26_09_03_cell4_2_ch0,shaft,3,190,31,31.0,265.3999938964844,129.39999389648438,0.9514999985694885,simple
212,26_09_03_cell4_2_ch0,shaft,3,190,32,32.0,247.8000030517578,111.80000305175781,0.8220999836921692,simple
213,26_09_03_cell4_2_ch0,shaft,3,190,33,33.0,252.39999389648438,116.4000015258789,0.85589998960495,simple
214,26_09_03_cell4_2_ch0,shaft,3,190,34,34.0,254.39999389648438,118.4000015258789,0.8705999851226807,simple
215,26_09_03_cell4_2_ch0,shaft,3,190,35,35.0,235.0,99.0,0.7279000282287598,simple
216,26_09_03_cell4_2_ch0,shaft,3,190,36,36.0,201.39999389648438,65.4000015258789,0.48089998960494995,simple
217,26_09_03_cell4_2_ch0,shaft,3,190,37,37.0,197.1999969482422,61.20000076293945,0.44999998807907104,simple
218,26_09_03_cell4_2_ch0,shaft,3,190,38,38.0,175.0,39.0,0.28679999709129333,simple
219,26_09_03_cell4_2_ch0,shaft,3,190,39,39.0,167.8000030517578,31.799999237060547,0.2337999939918518,simple
220,26_09_03_cell4_2_ch0,shaft,3,190,40,40.0,156.1999969482422,20.200000762939453,0.148499995470047,simple
221,26_09_03_cell4_2_ch0,shaft,3,190,41,41.0,152.1999969482422,16.200000762939453,0.11909999698400497,simple
222,26_09_03_cell4_2_ch0,shaft,3,190,42,42.0,134.39999389648438,-1.600000023841858,-0.011800000444054604,simple
223,26_09_03_cell4_2_ch0,shaft,3,190,43,43.0,136.60000610351562,0.6000000238418579,0.004399999976158142,simple
224,26_09_03_cell4_2_ch0,shaft,3,190,44,44.0,145.39999389648438,9.399999618530273,0.06909999996423721,simple
225,26_09_03_cell4_2_ch0,shaft,3,190,45,45.0,126.4000015258789,-9.600000381469727,-0.0706000030040741,simple
226,26_09_03_cell4_2_ch0,shaft,3,190,46,46.0,125.80000305175781,-10.199999809265137,-0.07500000298023224,simple
227,26_09_03_cell4_2_ch0,shaft,3,190,47,47.0,131.8000030517578,-4.199999809265137,-0.030899999663233757,simple
228,26_09_03_cell4_2_ch0,shaft,3,190,48,48.0,115.5999984741211,-20.399999618530273,-0.15000000596046448,simple
229,26_09_03_cell4_2_ch0,shaft,3,190,49,49.0,110.19999694824219,-25.799999237060547,-0.18970000743865967,simple
230,26_09_03_cell4_2_ch0,shaft,3,190,50,50.0,115.19999694824219,-20.799999237060547,-0.15289999544620514,simple
231,26_09_03_cell4_2_ch0,shaft,3,190,51,51.0,117.80000305175781,-18.200000762939453,-0.13379999995231628,simple
232,26_09_03_cell4_2_ch0,shaft,3,190,52,52.0,129.8000030517578,-6.199999809265137,-0.04560000076889992,simple
233,26_09_03_cell4_2_ch0,shaft,3,190,53,53.0,121.80000305175781,-14.199999809265137,-0.10440000146627426,simple
234,26_09_03_cell4_2_ch0,shaft,3,190,54,54.0,116.4000015258789,-19.600000381469727,-0.14409999549388885,simple
235,26_09_03_cell4_2_ch0,shaft,3,190,55,55.0,122.80000305175781,-13.199999809265137,-0.09709999710321426,simple
236,26_09_03_cell4_2_ch0,shaft,3,190,56,56.0,122.5999984741211,-13.399999618530273,-0.09849999845027924,simple
237,26_09_03_cell4_2_ch0,shaft,3,190,57,57.0,126.19999694824219,-9.800000190734863,-0.07209999859333038,simple
238,26_09_03_cell4_2_ch0,shaft,3,190,58,58.0,124.5999984741211,-11.399999618530273,-0.08380000293254852,simple
239,26_09_03_cell4_2_ch0,shaft,3,190,59,59.0,125.0,-11.0,-0.08089999854564667,simple
240,26_09_03_cell4_2_ch0,shaft,3,190,60,60.0,133.39999389648438,-2.5999999046325684,-0.019099999219179153,simple
241,26_09_03_cell4_2_ch0,shaft,3,190,61,61.0,135.60000610351562,-0.4000000059604645,-0.002899999963119626,simple
242,26_09_03_cell4_2_ch0,shaft,3,190,62,62.0,134.60000610351562,-1.399999976158142,-0.010300000198185444,simple
243,26_09_03_cell4_2_ch0,shaft,3,190,63,63.0,121.0,-15.0,-0.11029999703168869,simple
244,26_09_03_cell4_2_ch0,shaft,3,190,64,64.0,114.19999694824219,-21.799999237060547,-0.16030000150203705,simple
245,26_09_03_cell4_2_ch0,shaft,3,190,65,65.0,115.4000015258789,-20.600000381469727,-0.15150000154972076,simple
246,26_09_03_cell4_2_ch0,shaft,3,190,66,66.0,116.4000015258789,-19.600000381469727,-0.14409999549388885,simple
247,26_09_03_cell4_2_ch0,shaft,3,190,67,67.0,122.5999984741211,-13.399999618530273,-0.09849999845027924,simple
248,26_09_03_cell4_2_ch0,shaft,3,190,68,68.0,125.5999984741211,-10.399999618530273,-0.07649999856948853,simple
249,26_09_03_cell4_2_ch0,shaft,3,190,69,69.0,119.5999984741211,-16.399999618530273,-0.12060000002384186,simple
250,26_09_03_cell4_2_ch0,shaft,3,190,70,70.0,115.5999984741211,-20.399999618530273,-0.15000000596046448,simple
251,26_09_03_cell4_2_ch0,shaft,3,190,71,71.0,116.0,-20.0,-0.14710000157356262,simple
252,26_09_03_cell4_2_ch0,shaft,3,190,72,72.0,113.80000305175781,-22.200000762939453,-0.1632000058889389,simple
253,26_09_03_cell4_2_ch0,shaft,3,190,73,73.0,107.80000305175781,-28.200000762939453,-0.20739999413490295,simple
254,26_09_03_cell4_2_ch0,shaft,3,190,74,74.0,104.5999984741211,-31.399999618530273,-0.23090000450611115,simple
255,26_09_03_cell4_2_ch0,shaft,3,190,75,75.0,116.80000305175781,-19.200000762939453,-0.1412000060081482,simple
256,26_09_03_cell4_2_ch0,shaft,3,190,76,76.0,117.80000305175781,-18.200000762939453,-0.13379999995231628,simple
257,26_09_03_cell4_2_ch0,shaft,3,190,77,77.0,116.0,-20.0,-0.14710000157356262,simple
258,26_09_03_cell4_2_ch0,shaft,3,190,78,78.0,120.0,-16.0,-0.11760000139474869,simple
259,26_09_03_cell4_2_ch0,shaft,3,190,79,79.0,122.80000305175781,-13.199999809265137,-0.09709999710321426,simple
260,26_09_03_cell4_2_ch0,shaft,3,190,80,80.0,122.0,-14.0,-0.10289999842643738,simple
261,26_09_03_cell4_2_ch0,shaft,3,190,81,81.0,122.19999694824219,-13.800000190734863,-0.1014999970793724,simple
262,26_09_03_cell4_2_ch0,shaft,3,190,82,82.0,116.5999984741211,-19.399999618530273,-0.14259999990463257,simple
263,26_09_03_cell4_2_ch0,shaft,3,190,83,83.0,130.39999389648438,-5.599999904632568,-0.041200000792741776,simple
264,26_09_03_cell4_2_ch0,shaft,3,190,84,84.0,124.4000015258789,-11.600000381469727,-0.08529999852180481,simple
265,26_09_03_cell4_2_ch0,shaft,3,190,85,85.0,125.5999984741211,-10.399999618530273,-0.07649999856948853,simple
266,26_09_03_cell4_2_ch0,shaft,3,190,86,86.0,125.19999694824219,-10.800000190734863,-0.07940000295639038,simple
267,26_09_03_cell4_2_ch0,shaft,3,190,87,87.0,135.0,-1.0,-0.007400000002235174,simple
268,26_09_03_cell4_2_ch0,shaft,3,190,88,88.0,132.0,-4.0,-0.029400000348687172,simple
269,26_09_03_cell4_2_ch0,shaft,3,190,90,89.0,125.5999984741211,-10.399999618530273,-0.07649999856948853,simple
270,26_09_03_cell4_2_ch0,shaft,4,175,0,0.0,654.1500244140625,20.975000381469727,0.03310000151395798,simple
271,26_09_03_cell4_2_ch0,shaft,4,175,1,1.0,637.4000244140625,4.224999904632568,0.0066999997943639755,simple
272,26_09_03_cell4_2_ch0,shaft,4,175,2,2.0,633.5999755859375,0.42500001192092896,0.000699999975040555,simple
273,26_09_03_cell4_2_ch0,shaft,4,175,3,3.0,607.5499877929688,-25.625,-0.04050000011920929,simple
274,26_09_03_cell4_2_ch0,shaft,4,175,4,4.0,608.0999755859375,-25.075000762939453,-0.03959999978542328,simple
275,26_09_03_cell4_2_ch0,shaft,4,175,5,5.0,601.4000244140625,-31.774999618530273,-0.050200000405311584,simple
276,26_09_03_cell4_2_ch0,shaft,4,175,6,6.0,600.6500244140625,-32.525001525878906,-0.05139999836683273,simple
277,26_09_03_cell4_2_ch0,shaft,4,175,7,7.0,597.25,-35.92499923706055,-0.056699998676776886,simple
278,26_09_03_cell4_2_ch0,shaft,4,175,8,8.0,581.1500244140625,-52.025001525878906,-0.08219999819993973,simple
279,26_09_03_cell4_2_ch0,shaft,4,175,9,9.0,577.75,-55.42499923706055,-0.08749999850988388,simple
280,26_09_03_cell4_2_ch0,shaft,4,175,10,10.0,573.4000244140625,-59.775001525878906,-0.09440000355243683,simple
281,26_09_03_cell4_2_ch0,shaft,4,175,11,11.0,555.75,-77.42500305175781,-0.12229999899864197,simple
282,26_09_03_cell4_2_ch0,shaft,4,175,12,12.0,556.1500244140625,-77.0250015258789,-0.12160000205039978,simple
283,26_09_03_cell4_2_ch0,shaft,4,175,13,13.0,578.5999755859375,-54.57500076293945,-0.08619999885559082,simple
284,26_09_03_cell4_2_ch0,shaft,4,175,14,14.0,576.0499877929688,-57.125,-0.09019999951124191,simple
285,26_09_03_cell4_2_ch0,shaft,4,175,15,15.0,580.4000244140625,-52.775001525878906,-0.08330000191926956,simple
286,26_09_03_cell4_2_ch0,shaft,4,175,16,16.0,576.3499755859375,-56.82500076293945,-0.08969999849796295,simple
287,26_09_03_cell4_2_ch0,shaft,4,175,17,17.0,565.2000122070312,-67.9749984741211,-0.10740000009536743,simple
288,26_09_03_cell4_2_ch0,shaft,4,175,18,18.0,571.9000244140625,-61.275001525878906,-0.09679999947547913,simple
289,26_09_03_cell4_2_ch0,shaft,4,175,19,19.0,556.1500244140625,-77.0250015258789,-0.12160000205039978,simple
290,26_09_03_cell4_2_ch0,shaft,4,175,20,20.0,550.9500122070312,-82.2249984741211,-0.1298999935388565,simple
291,26_09_03_cell4_2_ch0,shaft,4,175,21,21.0,554.1500244140625,-79.0250015258789,-0.12479999661445618,simple
292,26_09_03_cell4_2_ch0,shaft,4,175,22,22.0,543.0,-90.17500305175781,-0.14239999651908875,simple
293,26_09_03_cell4_2_ch0,shaft,4,175,23,23.0,560.9000244140625,-72.2750015258789,-0.11410000175237656,simple
294,26_09_03_cell4_2_ch0,shaft,4,175,24,24.0,568.0,-65.17500305175781,-0.10289999842643738,simple
295,26_09_03_cell4_2_ch0,shaft,4,175,25,25.0,564.1500244140625,-69.0250015258789,-0.10899999737739563,simple
296,26_09_03_cell4_2_ch0,shaft,4,175,26,26.0,574.5499877929688,-58.625,-0.09260000288486481,simple
297,26_09_03_cell4_2_ch0,shaft,4,175,27,27.0,566.0499877929688,-67.125,-0.10599999874830246,simple
298,26_09_03_cell4_2_ch0,shaft,4,175,28,28.0,550.75,-82.42500305175781,-0.13019999861717224,simple
299,26_09_03_cell4_2_ch0,shaft,4,175,29,29.0,563.7999877929688,-69.375,-0.1096000000834465,simple
300,26_09_03_cell4_2_ch0,shaft,4,175,30,30.0,542.8499755859375,-90.32499694824219,-0.14270000159740448,simple
301,26_09_03_cell4_2_ch0,shaft,4,175,31,31.0,540.5999755859375,-92.57499694824219,-0.1462000012397766,simple
302,26_09_03_cell4_2_ch0,shaft,4,175,32,32.0,533.5999755859375,-99.57499694824219,-0.15729999542236328,simple
303,26_09_03_cell4_2_ch0,shaft,4,175,33,33.0,513.7999877929688,-119.375,-0.18850000202655792,simple
304,26_09_03_cell4_2_ch0,shaft,4,175,34,34.0,535.1500244140625,-98.0250015258789,-0.15479999780654907,simple
305,26_09_03_cell4_2_ch0,shaft,4,175,35,35.0,529.25,-103.92500305175781,-0.16410000622272491,simple
306,26_09_03_cell4_2_ch0,shaft,4,175,36,36.0,527.4000244140625,-105.7750015258789,-0.1670999974012375,simple
307,26_09_03_cell4_2_ch0,shaft,4,175,37,37.0,523.9000244140625,-109.2750015258789,-0.17260000109672546,simple
308,26_09_03_cell4_2_ch0,shaft,4,175,38,38.0,528.4000244140625,-104.7750015258789,-0.1655000001192093,simple
309,26_09_03_cell4_2_ch0,shaft,4,175,39,39.0,522.9500122070312,-110.2249984741211,-0.17409999668598175,simple
310,26_09_03_cell4_2_ch0,shaft,4,175,40,40.0,524.0499877929688,-109.125,-0.17229999601840973,simple
311,26_09_03_cell4_2_ch0,shaft,4,175,41,41.0,530.5499877929688,-102.625,-0.16210000216960907,simple
312,26_09_03_cell4_2_ch0,shaft,4,175,42,42.0,530.9500122070312,-102.2249984741211,-0.16140000522136688,simple
313,26_09_03_cell4_2_ch0,shaft,4,175,43,43.0,521.8499755859375,-111.32499694824219,-0.17579999566078186,simple
314,26_09_03_cell4_2_ch0,shaft,4,175,44,44.0,505.6499938964844,-127.5250015258789,-0.2013999968767166,simple
315,26_09_03_cell4_2_ch0,shaft,4,175,45,45.0,495.45001220703125,-137.72500610351562,-0.2175000011920929,simple
316,26_09_03_cell4_2_ch0,shaft,4,175,46,46.0,503.79998779296875,-129.375,-0.20430000126361847,simple
317,26_09_03_cell4_2_ch0,shaft,4,175,47,47.0,522.7000122070312,-110.4749984741211,-0.1745000034570694,simple
318,26_09_03_cell4_2_ch0,shaft,4,175,48,48.0,515.5,-117.67500305175781,-0.1858000010251999,simple
319,26_09_03_cell4_2_ch0,shaft,4,175,49,49.0,515.0,-118.17500305175781,-0.186599999666214,simple
320,26_09_03_cell4_2_ch0,shaft,4,175,50,50.0,497.95001220703125,-135.22500610351562,-0.21359999477863312,simple
321,26_09_03_cell4_2_ch0,shaft,4,175,51,51.0,497.8999938964844,-135.27499389648438,-0.21359999477863312,simple
322,26_09_03_cell4_2_ch0,shaft,4,175,52,52.0,502.70001220703125,-130.47500610351562,-0.2061000019311905,simple
323,26_09_03_cell4_2_ch0,shaft,4,175,53,53.0,505.25,-127.92500305175781,-0.20200000703334808,simple
324,26_09_03_cell4_2_ch0,shaft,4,175,54,54.0,504.20001220703125,-128.97500610351562,-0.2037000060081482,simple
325,26_09_03_cell4_2_ch0,shaft,4,175,55,55.0,489.6499938964844,-143.52499389648438,-0.22669999301433563,simple
326,26_09_03_cell4_2_ch0,shaft,4,175,56,56.0,495.3999938964844,-137.77499389648438,-0.2176000028848648,simple
327,26_09_03_cell4_2_ch0,shaft,4,175,57,57.0,494.04998779296875,-139.125,-0.21969999372959137,simple
328,26_09_03_cell4_2_ch0,shaft,4,175,58,58.0,489.70001220703125,-143.47500610351562,-0.22660000622272491,simple
329,26_09_03_cell4_2_ch0,shaft,4,175,59,59.0,492.20001220703125,-140.97500610351562,-0.22259999811649323,simple
330,26_09_03_cell4_2_ch0,shaft,4,175,60,60.0,487.8999938964844,-145.27499389648438,-0.22939999401569366,simple
331,26_09_03_cell4_2_ch0,shaft,4,175,61,61.0,489.3500061035156,-143.8249969482422,-0.22709999978542328,simple
332,26_09_03_cell4_2_ch0,shaft,4,175,62,62.0,485.3500061035156,-147.8249969482422,-0.23350000381469727,simple
333,26_09_03_cell4_2_ch0,shaft,4,175,63,63.0,484.6499938964844,-148.52499389648438,-0.2345999926328659,simple
334,26_09_03_cell4_2_ch0,shaft,4,175,64,64.0,499.29998779296875,-133.875,-0.21140000224113464,simple
335,26_09_03_cell4_2_ch0,shaft,4,175,65,65.0,490.8999938964844,-142.27499389648438,-0.22470000386238098,simple
336,26_09_03_cell4_2_ch0,shaft,4,175,66,66.0,481.75,-151.4250030517578,-0.23919999599456787,simple
337,26_09_03_cell4_2_ch0,shaft,4,175,67,67.0,484.45001220703125,-148.72500610351562,-0.23489999771118164,simple
338,26_09_03_cell4_2_ch0,shaft,4,175,68,68.0,475.45001220703125,-157.72500610351562,-0.249099999666214,simple
339,26_09_03_cell4_2_ch0,shaft,4,175,69,69.0,477.45001220703125,-155.72500610351562,-0.2459000051021576,simple
340,26_09_03_cell4_2_ch0,shaft,4,175,70,70.0,479.95001220703125,-153.22500610351562,-0.24199999868869781,simple
341,26_09_03_cell4_2_ch0,shaft,4,175,71,71.0,495.25,-137.9250030517578,-0.21780000627040863,simple
342,26_09_03_cell4_2_ch0,shaft,4,175,72,72.0,471.5,-161.6750030517578,-0.25529998540878296,simple
343,26_09_03_cell4_2_ch0,shaft,4,175,73,73.0,481.0,-152.1750030517578,-0.2402999997138977,simple
344,26_09_03_cell4_2_ch0,shaft,4,175,74,74.0,479.70001220703125,-153.47500610351562,-0.24240000545978546,simple
345,26_09_03_cell4_2_ch0,shaft,4,175,75,75.0,486.1499938964844,-147.02499389648438,-0.2321999967098236,simple
346,26_09_03_cell4_2_ch0,shaft,4,175,76,76.0,476.6499938964844,-156.52499389648438,-0.24719999730587006,simple
347,26_09_03_cell4_2_ch0,shaft,4,175,77,77.0,469.04998779296875,-164.125,-0.25920000672340393,simple
348,26_09_03_cell4_2_ch0,shaft,4,175,78,78.0,464.25,-168.9250030517578,-0.2667999863624573,simple
349,26_09_03_cell4_2_ch0,shaft,4,175,79,79.0,471.6000061035156,-161.5749969482422,-0.25519999861717224,simple
350,26_09_03_cell4_2_ch0,shaft,4,175,80,80.0,456.54998779296875,-176.625,-0.27900001406669617,simple
351,26_09_03_cell4_2_ch0,shaft,4,175,81,81.0,458.6499938964844,-174.52499389648438,-0.27559998631477356,simple
352,26_09_03_cell4_2_ch0,shaft,4,175,82,82.0,451.95001220703125,-181.22500610351562,-0.28619998693466187,simple
353,26_09_03_cell4_2_ch0,shaft,4,175,83,83.0,453.95001220703125,-179.22500610351562,-0.2831000089645386,simple
354,26_09_03_cell4_2_ch0,shaft,4,175,84,84.0,444.1000061035156,-189.0749969482422,-0.2985999882221222,simple
355,26_09_03_cell4_2_ch0,shaft,4,175,85,85.0,443.54998779296875,-189.625,-0.2994999885559082,simple
356,26_09_03_cell4_2_ch0,shaft,4,175,86,86.0,441.54998779296875,-191.625,-0.3025999963283539,simple
357,26_09_03_cell4_2_ch0,shaft,4,175,87,87.0,440.3500061035156,-192.8249969482422,-0.304500013589859,simple
358,26_09_03_cell4_2_ch0,shaft,4,175,88,88.0,439.29998779296875,-193.875,-0.3061999976634979,simple
359,26_09_03_cell4_2_ch0,shaft,4,175,90,89.0,440.54998779296875,-192.625,-0.3041999936103821,simple
360,26_09_03_cell4_2_ch0,shaft,5,175,0,0.0,382.3999938964844,17.200000762939453,0.0471000000834465,simple
361,26_09_03_cell4_2_ch0,shaft,5,175,1,1.0,354.0,-11.199999809265137,-0.030700000002980232,simple
362,26_09_03_cell4_2_ch0,shaft,5,175,2,2.0,364.79998779296875,-0.4000000059604645,-0.0010999999940395355,simple
363,26_09_03_cell4_2_ch0,shaft,5,175,3,3.0,359.6000061035156,-5.599999904632568,-0.015300000086426735,simple
364,26_09_03_cell4_2_ch0,shaft,5,175,4,4.0,363.79998779296875,-1.399999976158142,-0.003800000064074993,simple
365,26_09_03_cell4_2_ch0,shaft,5,175,5,5.0,362.3999938964844,-2.799999952316284,-0.007699999958276749,simple
366,26_09_03_cell4_2_ch0,shaft,5,175,6,6.0,362.0,-3.200000047683716,-0.008799999952316284,simple
367,26_09_03_cell4_2_ch0,shaft,5,175,7,7.0,358.79998779296875,-6.400000095367432,-0.017500000074505806,simple
368,26_09_03_cell4_2_ch0,shaft,5,175,8,8.0,354.79998779296875,-10.399999618530273,-0.02850000001490116,simple
369,26_09_03_cell4_2_ch0,shaft,5,175,9,9.0,376.3999938964844,11.199999809265137,0.030700000002980232,simple
370,26_09_03_cell4_2_ch0,shaft,5,175,10,10.0,358.0,-7.199999809265137,-0.019700000062584877,simple
371,26_09_03_cell4_2_ch0,shaft,5,175,11,11.0,311.0,-54.20000076293945,-0.14839999377727509,simple
372,26_09_03_cell4_2_ch0,shaft,5,175,12,12.0,326.0,-39.20000076293945,-0.10729999840259552,simple
373,26_09_03_cell4_2_ch0,shaft,5,175,13,13.0,357.20001220703125,-8.0,-0.021900000050663948,simple
374,26_09_03_cell4_2_ch0,shaft,5,175,14,14.0,346.6000061035156,-18.600000381469727,-0.05090000107884407,simple
375,26_09_03_cell4_2_ch0,shaft,5,175,15,15.0,360.6000061035156,-4.599999904632568,-0.012600000016391277,simple
376,26_09_03_cell4_2_ch0,shaft,5,175,16,16.0,338.3999938964844,-26.799999237060547,-0.07339999824762344,simple
377,26_09_03_cell4_2_ch0,shaft,5,175,17,17.0,337.3999938964844,-27.799999237060547,-0.07609999924898148,simple
378,26_09_03_cell4_2_ch0,shaft,5,175,18,18.0,341.20001220703125,-24.0,-0.065700002014637,simple
379,26_09_03_cell4_2_ch0,shaft,5,175,19,19.0,339.6000061035156,-25.600000381469727,-0.07010000199079514,simple
380,26_09_03_cell4_2_ch0,shaft,5,175,20,20.0,307.0,-58.20000076293945,-0.15940000116825104,simple
381,26_09_03_cell4_2_ch0,shaft,5,175,21,21.0,317.0,-48.20000076293945,-0.13199999928474426,simple
382,26_09_03_cell4_2_ch0,shaft,5,175,22,22.0,331.0,-34.20000076293945,-0.09359999746084213,simple
383,26_09_03_cell4_2_ch0,shaft,5,175,23,23.0,329.6000061035156,-35.599998474121094,-0.09749999642372131,simple
384,26_09_03_cell4_2_ch0,shaft,5,175,24,24.0,331.20001220703125,-34.0,-0.09309999644756317,simple
385,26_09_03_cell4_2_ch0,shaft,5,175,25,25.0,328.79998779296875,-36.400001525878906,-0.09969999641180038,simple
386,26_09_03_cell4_2_ch0,shaft,5,175,26,26.0,324.79998779296875,-40.400001525878906,-0.11060000211000443,simple
387,26_09_03_cell4_2_ch0,shaft,5,175,27,27.0,327.0,-38.20000076293945,-0.10459999740123749,simple
388,26_09_03_cell4_2_ch0,shaft,5,175,28,28.0,314.0,-51.20000076293945,-0.14020000398159027,simple
389,26_09_03_cell4_2_ch0,shaft,5,175,29,29.0,327.6000061035156,-37.599998474121094,-0.10300000011920929,simple
390,26_09_03_cell4_2_ch0,shaft,5,175,30,30.0,327.3999938964844,-37.79999923706055,-0.10350000113248825,simple
391,26_09_03_cell4_2_ch0,shaft,5,175,31,31.0,333.6000061035156,-31.600000381469727,-0.08649999648332596,simple
392,26_09_03_cell4_2_ch0,shaft,5,175,32,32.0,314.6000061035156,-50.599998474121094,-0.13860000669956207,simple
393,26_09_03_cell4_2_ch0,shaft,5,175,33,33.0,328.6000061035156,-36.599998474121094,-0.10019999742507935,simple
394,26_09_03_cell4_2_ch0,shaft,5,175,34,34.0,324.6000061035156,-40.599998474121094,-0.1111999973654747,simple
395,26_09_03_cell4_2_ch0,shaft,5,175,35,35.0,330.20001220703125,-35.0,-0.0957999974489212,simple
396,26_09_03_cell4_2_ch0,shaft,5,175,36,36.0,345.6000061035156,-19.600000381469727,-0.053700000047683716,simple
397,26_09_03_cell4_2_ch0,shaft,5,175,37,37.0,340.3999938964844,-24.799999237060547,-0.06790000200271606,simple
398,26_09_03_cell4_2_ch0,shaft,5,175,38,38.0,340.3999938964844,-24.799999237060547,-0.06790000200271606,simple
399,26_09_03_cell4_2_ch0,shaft,5,175,39,39.0,329.79998779296875,-35.400001525878906,-0.09690000116825104,simple
400,26_09_03_cell4_2_ch0,shaft,5,175,40,40.0,341.3999938964844,-23.799999237060547,-0.06520000100135803,simple
401,26_09_03_cell4_2_ch0,shaft,5,175,41,41.0,340.79998779296875,-24.399999618530273,-0.06679999828338623,simple
402,26_09_03_cell4_2_ch0,shaft,5,175,42,42.0,332.79998779296875,-32.400001525878906,-0.08869999647140503,simple
403,26_09_03_cell4_2_ch0,shaft,5,175,43,43.0,329.20001220703125,-36.0,-0.09860000014305115,simple
404,26_09_03_cell4_2_ch0,shaft,5,175,44,44.0,323.3999938964844,-41.79999923706055,-0.1145000010728836,simple
405,26_09_03_cell4_2_ch0,shaft,5,175,45,45.0,319.0,-46.20000076293945,-0.1264999955892563,simple
406,26_09_03_cell4_2_ch0,shaft,5,175,46,46.0,313.3999938964844,-51.79999923706055,-0.14180000126361847,simple
407,26_09_03_cell4_2_ch0,shaft,5,175,47,47.0,321.20001220703125,-44.0,-0.12049999833106995,simple
408,26_09_03_cell4_2_ch0,shaft,5,175,48,48.0,311.0,-54.20000076293945,-0.14839999377727509,simple
409,26_09_03_cell4_2_ch0,shaft,5,175,49,49.0,290.3999938964844,-74.80000305175781,-0.20479999482631683,simple
410,26_09_03_cell4_2_ch0,shaft,5,175,50,50.0,301.0,-64.19999694824219,-0.17579999566078186,simple
411,26_09_03_cell4_2_ch0,shaft,5,175,51,51.0,309.6000061035156,-55.599998474121094,-0.15219999849796295,simple
412,26_09_03_cell4_2_ch0,shaft,5,175,52,52.0,300.79998779296875,-64.4000015258789,-0.17630000412464142,simple
413,26_09_03_cell4_2_ch0,shaft,5,175,53,53.0,298.0,-67.19999694824219,-0.18400000035762787,simple
414,26_09_03_cell4_2_ch0,shaft,5,175,54,54.0,303.0,-62.20000076293945,-0.17030000686645508,simple
415,26_09_03_cell4_2_ch0,shaft,5,175,55,55.0,298.3999938964844,-66.80000305175781,-0.18289999663829803,simple
416,26_09_03_cell4_2_ch0,shaft,5,175,56,56.0,315.6000061035156,-49.599998474121094,-0.13580000400543213,simple
417,26_09_03_cell4_2_ch0,shaft,5,175,57,57.0,313.0,-52.20000076293945,-0.1429000049829483,simple
418,26_09_03_cell4_2_ch0,shaft,5,175,58,58.0,323.6000061035156,-41.599998474121094,-0.11389999836683273,simple
419,26_09_03_cell4_2_ch0,shaft,5,175,59,59.0,316.3999938964844,-48.79999923706055,-0.13359999656677246,simple
420,26_09_03_cell4_2_ch0,shaft,5,175,60,60.0,330.79998779296875,-34.400001525878906,-0.094200000166893,simple
421,26_09_03_cell4_2_ch0,shaft,5,175,61,61.0,304.0,-61.20000076293945,-0.16760000586509705,simple
422,26_09_03_cell4_2_ch0,shaft,5,175,62,62.0,311.79998779296875,-53.400001525878906,-0.1462000012397766,simple
423,26_09_03_cell4_2_ch0,shaft,5,175,63,63.0,291.20001220703125,-74.0,-0.20260000228881836,simple
424,26_09_03_cell4_2_ch0,shaft,5,175,64,64.0,305.20001220703125,-60.0,-0.16429999470710754,simple
425,26_09_03_cell4_2_ch0,shaft,5,175,65,65.0,301.79998779296875,-63.400001525878906,-0.1736000031232834,simple
426,26_09_03_cell4_2_ch0,shaft,5,175,66,66.0,300.3999938964844,-64.80000305175781,-0.17739999294281006,simple
427,26_09_03_cell4_2_ch0,shaft,5,175,67,67.0,288.0,-77.19999694824219,-0.21140000224113464,simple
428,26_09_03_cell4_2_ch0,shaft,5,175,68,68.0,304.79998779296875,-60.400001525878906,-0.16539999842643738,simple
429,26_09_03_cell4_2_ch0,shaft,5,175,69,69.0,310.20001220703125,-55.0,-0.15060000121593475,simple
430,26_09_03_cell4_2_ch0,shaft,5,175,70,70.0,298.3999938964844,-66.80000305175781,-0.18289999663829803,simple
431,26_09_03_cell4_2_ch0,shaft,5,175,71,71.0,308.20001220703125,-57.0,-0.15610000491142273,simple
432,26_09_03_cell4_2_ch0,shaft,5,175,72,72.0,300.20001220703125,-65.0,-0.17800000309944153,simple
433,26_09_03_cell4_2_ch0,shaft,5,175,73,73.0,306.6000061035156,-58.599998474121094,-0.16050000488758087,simple
434,26_09_03_cell4_2_ch0,shaft,5,175,74,74.0,302.3999938964844,-62.79999923706055,-0.1720000058412552,simple
435,26_09_03_cell4_2_ch0,shaft,5,175,75,75.0,291.0,-74.19999694824219,-0.20319999754428864,simple
436,26_09_03_cell4_2_ch0,shaft,5,175,76,76.0,286.6000061035156,-78.5999984741211,-0.2152000069618225,simple
437,26_09_03_cell4_2_ch0,shaft,5,175,77,77.0,301.3999938964844,-63.79999923706055,-0.17470000684261322,simple
438,26_09_03_cell4_2_ch0,shaft,5,175,78,78.0,308.79998779296875,-56.400001525878906,-0.15440000593662262,simple
439,26_09_03_cell4_2_ch0,shaft,5,175,79,79.0,296.79998779296875,-68.4000015258789,-0.18729999661445618,simple
440,26_09_03_cell4_2_ch0,shaft,5,175,80,80.0,300.0,-65.19999694824219,-0.1784999966621399,simple
441,26_09_03_cell4_2_ch0,shaft,5,175,81,81.0,295.6000061035156,-69.5999984741211,-0.19059999287128448,simple
442,26_09_03_cell4_2_ch0,shaft,5,175,82,82.0,297.3999938964844,-67.80000305175781,-0.18569999933242798,simple
443,26_09_03_cell4_2_ch0,shaft,5,175,83,83.0,303.6000061035156,-61.599998474121094,-0.16869999468326569,simple
444,26_09_03_cell4_2_ch0,shaft,5,175,84,84.0,308.20001220703125,-57.0,-0.15610000491142273,simple
445,26_09_03_cell4_2_ch0,shaft,5,175,85,85.0,312.20001220703125,-53.0,-0.14509999752044678,simple
446,26_09_03_cell4_2_ch0,shaft,5,175,86,86.0,292.6000061035156,-72.5999984741211,-0.1987999975681305,simple
447,26_09_03_cell4_2_ch0,shaft,5,175,87,87.0,301.79998779296875,-63.400001525878906,-0.1736000031232834,simple
448,26_09_03_cell4_2_ch0,shaft,5,175,88,88.0,311.20001220703125,-54.0,-0.14790000021457672,simple
449,26_09_03_cell4_2_ch0,shaft,5,175,90,89.0,299.79998779296875,-65.4000015258789,-0.17910000681877136,simple
450,26_09_03_cell4_2_ch0,shaft,6,316,0,0.0,794.5999755859375,29.299999237060547,0.03830000013113022,simple
451,26_09_03_cell4_2_ch0,shaft,6,316,1,1.0,777.4000244140625,12.100000381469727,0.015799999237060547,simple
452,26_09_03_cell4_2_ch0,shaft,6,316,2,2.0,744.4000244140625,-20.899999618530273,-0.027300000190734863,simple
453,26_09_03_cell4_2_ch0,shaft,6,316,3,3.0,744.7999877929688,-20.5,-0.026799999177455902,simple
454,26_09_03_cell4_2_ch0,shaft,6,316,4,4.0,726.2000122070312,-39.099998474121094,-0.051100000739097595,simple
455,26_09_03_cell4_2_ch0,shaft,6,316,5,5.0,707.7999877929688,-57.5,-0.07509999722242355,simple
456,26_09_03_cell4_2_ch0,shaft,6,316,6,6.0,729.2000122070312,-36.099998474121094,-0.047200001776218414,simple
457,26_09_03_cell4_2_ch0,shaft,6,316,7,7.0,726.2000122070312,-39.099998474121094,-0.051100000739097595,simple
458,26_09_03_cell4_2_ch0,shaft,6,316,8,8.0,714.7999877929688,-50.5,-0.06599999964237213,simple
459,26_09_03_cell4_2_ch0,shaft,6,316,9,9.0,713.4000244140625,-51.900001525878906,-0.06780000030994415,simple
460,26_09_03_cell4_2_ch0,shaft,6,316,10,10.0,718.2000122070312,-47.099998474121094,-0.061500001698732376,simple
461,26_09_03_cell4_2_ch0,shaft,6,316,11,11.0,729.0,-36.29999923706055,-0.04740000143647194,simple
462,26_09_03_cell4_2_ch0,shaft,6,316,12,12.0,710.5999755859375,-54.70000076293945,-0.07150000333786011,simple
463,26_09_03_cell4_2_ch0,shaft,6,316,13,13.0,737.4000244140625,-27.899999618530273,-0.0364999994635582,simple
464,26_09_03_cell4_2_ch0,shaft,6,316,14,14.0,717.5999755859375,-47.70000076293945,-0.062300000339746475,simple
465,26_09_03_cell4_2_ch0,shaft,6,316,15,15.0,722.7999877929688,-42.5,-0.05550000071525574,simple
466,26_09_03_cell4_2_ch0,shaft,6,316,16,16.0,734.4000244140625,-30.899999618530273,-0.04039999842643738,simple
467,26_09_03_cell4_2_ch0,shaft,6,316,17,17.0,752.7999877929688,-12.5,-0.016300000250339508,simple
468,26_09_03_cell4_2_ch0,shaft,6,316,18,18.0,748.7999877929688,-16.5,-0.02160000056028366,simple
469,26_09_03_cell4_2_ch0,shaft,6,316,19,19.0,762.7999877929688,-2.5,-0.0032999999821186066,simple
470,26_09_03_cell4_2_ch0,shaft,6,316,20,20.0,757.4000244140625,-7.900000095367432,-0.010300000198185444,simple
471,26_09_03_cell4_2_ch0,shaft,6,316,21,21.0,777.7999877929688,12.5,0.016300000250339508,simple
472,26_09_03_cell4_2_ch0,shaft,6,316,22,22.0,776.7999877929688,11.5,0.014999999664723873,simple
473,26_09_03_cell4_2_ch0,shaft,6,316,23,23.0,749.2000122070312,-16.100000381469727,-0.020999999716877937,simple
474,26_09_03_cell4_2_ch0,shaft,6,316,24,24.0,773.0,7.699999809265137,0.010099999606609344,simple
475,26_09_03_cell4_2_ch0,shaft,6,316,25,25.0,757.2000122070312,-8.100000381469727,-0.010599999688565731,simple
476,26_09_03_cell4_2_ch0,shaft,6,316,26,26.0,752.0,-13.300000190734863,-0.017400000244379044,simple
477,26_09_03_cell4_2_ch0,shaft,6,316,27,27.0,752.7999877929688,-12.5,-0.016300000250339508,simple
478,26_09_03_cell4_2_ch0,shaft,6,316,28,28.0,723.0,-42.29999923706055,-0.05530000105500221,simple
479,26_09_03_cell4_2_ch0,shaft,6,316,29,29.0,717.4000244140625,-47.900001525878906,-0.06260000169277191,simple
480,26_09_03_cell4_2_ch0,shaft,6,316,30,30.0,728.4000244140625,-36.900001525878906,-0.04820000007748604,simple
481,26_09_03_cell4_2_ch0,shaft,6,316,31,31.0,735.5999755859375,-29.700000762939453,-0.03880000114440918,simple
482,26_09_03_cell4_2_ch0,shaft,6,316,32,32.0,717.2000122070312,-48.099998474121094,-0.06289999932050705,simple
483,26_09_03_cell4_2_ch0,shaft,6,316,33,33.0,717.7999877929688,-47.5,-0.06210000067949295,simple
484,26_09_03_cell4_2_ch0,shaft,6,316,34,34.0,710.5999755859375,-54.70000076293945,-0.07150000333786011,simple
485,26_09_03_cell4_2_ch0,shaft,6,316,35,35.0,705.2000122070312,-60.099998474121094,-0.07850000262260437,simple
486,26_09_03_cell4_2_ch0,shaft,6,316,36,36.0,706.7999877929688,-58.5,-0.07639999687671661,simple
487,26_09_03_cell4_2_ch0,shaft,6,316,37,37.0,699.7999877929688,-65.5,-0.08560000360012054,simple
488,26_09_03_cell4_2_ch0,shaft,6,316,38,38.0,708.5999755859375,-56.70000076293945,-0.07410000264644623,simple
489,26_09_03_cell4_2_ch0,shaft,6,316,39,39.0,702.0,-63.29999923706055,-0.08269999921321869,simple
490,26_09_03_cell4_2_ch0,shaft,6,316,40,40.0,707.0,-58.29999923706055,-0.07620000094175339,simple
491,26_09_03_cell4_2_ch0,shaft,6,316,41,41.0,690.4000244140625,-74.9000015258789,-0.09790000319480896,simple
492,26_09_03_cell4_2_ch0,shaft,6,316,42,42.0,695.4000244140625,-69.9000015258789,-0.09130000323057175,simple
493,26_09_03_cell4_2_ch0,shaft,6,316,43,43.0,694.4000244140625,-70.9000015258789,-0.09260000288486481,simple
494,26_09_03_cell4_2_ch0,shaft,6,316,44,44.0,705.0,-60.29999923706055,-0.07880000025033951,simple
495,26_09_03_cell4_2_ch0,shaft,6,316,45,45.0,693.5999755859375,-71.69999694824219,-0.09369999915361404,simple
496,26_09_03_cell4_2_ch0,shaft,6,316,46,46.0,702.5999755859375,-62.70000076293945,-0.08190000057220459,simple
497,26_09_03_cell4_2_ch0,shaft,6,316,47,47.0,703.0,-62.29999923706055,-0.08139999955892563,simple
498,26_09_03_cell4_2_ch0,shaft,6,316,48,48.0,685.0,-80.30000305175781,-0.10490000247955322,simple
499,26_09_03_cell4_2_ch0,shaft,6,316,49,49.0,690.7999877929688,-74.5,-0.09730000048875809,simple
500,26_09_03_cell4_2_ch0,shaft,6,316,50,50.0,672.5999755859375,-92.69999694824219,-0.12110000103712082,simple
501,26_09_03_cell4_2_ch0,shaft,6,316,51,51.0,685.4000244140625,-79.9000015258789,-0.10440000146627426,simple
502,26_09_03_cell4_2_ch0,shaft,6,316,52,52.0,687.2000122070312,-78.0999984741211,-0.10209999978542328,simple
503,26_09_03_cell4_2_ch0,shaft,6,316,53,53.0,693.2000122070312,-72.0999984741211,-0.094200000166893,simple
504,26_09_03_cell4_2_ch0,shaft,6,316,54,54.0,685.0,-80.30000305175781,-0.10490000247955322,simple
505,26_09_03_cell4_2_ch0,shaft,6,316,55,55.0,717.4000244140625,-47.900001525878906,-0.06260000169277191,simple
506,26_09_03_cell4_2_ch0,shaft,6,316,56,56.0,720.0,-45.29999923706055,-0.05920000001788139,simple
507,26_09_03_cell4_2_ch0,shaft,6,316,57,57.0,721.2000122070312,-44.099998474121094,-0.0575999990105629,simple
508,26_09_03_cell4_2_ch0,shaft,6,316,58,58.0,733.0,-32.29999923706055,-0.0421999990940094,simple
509,26_09_03_cell4_2_ch0,shaft,6,316,59,59.0,737.7999877929688,-27.5,-0.03590000048279762,simple
510,26_09_03_cell4_2_ch0,shaft,6,316,60,60.0,734.4000244140625,-30.899999618530273,-0.04039999842643738,simple
511,26_09_03_cell4_2_ch0,shaft,6,316,61,61.0,716.5999755859375,-48.70000076293945,-0.06360000371932983,simple
512,26_09_03_cell4_2_ch0,shaft,6,316,62,62.0,723.2000122070312,-42.099998474121094,-0.054999999701976776,simple
513,26_09_03_cell4_2_ch0,shaft,6,316,63,63.0,733.5999755859375,-31.700000762939453,-0.0414000004529953,simple
514,26_09_03_cell4_2_ch0,shaft,6,316,64,64.0,703.2000122070312,-62.099998474121094,-0.08110000193119049,simple
515,26_09_03_cell4_2_ch0,shaft,6,316,65,65.0,734.7999877929688,-30.5,-0.039900001138448715,simple
516,26_09_03_cell4_2_ch0,shaft,6,316,66,66.0,715.5999755859375,-49.70000076293945,-0.0649000033736229,simple
517,26_09_03_cell4_2_ch0,shaft,6,316,67,67.0,706.7999877929688,-58.5,-0.07639999687671661,simple
518,26_09_03_cell4_2_ch0,shaft,6,316,68,68.0,701.0,-64.30000305175781,-0.08399999886751175,simple
519,26_09_03_cell4_2_ch0,shaft,6,316,69,69.0,708.4000244140625,-56.900001525878906,-0.07429999858140945,simple
520,26_09_03_cell4_2_ch0,shaft,6,316,70,70.0,701.2000122070312,-64.0999984741211,-0.08380000293254852,simple
521,26_09_03_cell4_2_ch0,shaft,6,316,71,71.0,717.2000122070312,-48.099998474121094,-0.06289999932050705,simple
522,26_09_03_cell4_2_ch0,shaft,6,316,72,72.0,698.7999877929688,-66.5,-0.0869000032544136,simple
523,26_09_03_cell4_2_ch0,shaft,6,316,73,73.0,685.2000122070312,-80.0999984741211,-0.1046999990940094,simple
524,26_09_03_cell4_2_ch0,shaft,6,316,74,74.0,701.5999755859375,-63.70000076293945,-0.08320000022649765,simple
525,26_09_03_cell4_2_ch0,shaft,6,316,75,75.0,717.0,-48.29999923706055,-0.06310000270605087,simple
526,26_09_03_cell4_2_ch0,shaft,6,316,76,76.0,701.7999877929688,-63.5,-0.08299999684095383,simple
527,26_09_03_cell4_2_ch0,shaft,6,316,77,77.0,689.0,-76.30000305175781,-0.09969999641180038,simple
528,26_09_03_cell4_2_ch0,shaft,6,316,78,78.0,689.7999877929688,-75.5,-0.09870000183582306,simple
529,26_09_03_cell4_2_ch0,shaft,6,316,79,79.0,688.7999877929688,-76.5,-0.10000000149011612,simple
530,26_09_03_cell4_2_ch0,shaft,6,316,80,80.0,694.2000122070312,-71.0999984741211,-0.09290000051259995,simple
531,26_09_03_cell4_2_ch0,shaft,6,316,81,81.0,675.5999755859375,-89.69999694824219,-0.11720000207424164,simple
532,26_09_03_cell4_2_ch0,shaft,6,316,82,82.0,694.2000122070312,-71.0999984741211,-0.09290000051259995,simple
533,26_09_03_cell4_2_ch0,shaft,6,316,83,83.0,684.4000244140625,-80.9000015258789,-0.10570000112056732,simple
534,26_09_03_cell4_2_ch0,shaft,6,316,84,84.0,682.0,-83.30000305175781,-0.1088000014424324,simple
535,26_09_03_cell4_2_ch0,shaft,6,316,85,85.0,669.0,-96.30000305175781,-0.1257999986410141,simple
536,26_09_03_cell4_2_ch0,shaft,6,316,86,86.0,696.2000122070312,-69.0999984741211,-0.09030000120401382,simple
537,26_09_03_cell4_2_ch0,shaft,6,316,87,87.0,679.5999755859375,-85.69999694824219,-0.1120000034570694,simple
538,26_09_03_cell4_2_ch0,shaft,6,316,88,88.0,672.2000122070312,-93.0999984741211,-0.1216999962925911,simple
539,26_09_03_cell4_2_ch0,shaft,6,316,90,89.0,685.4000244140625,-79.9000015258789,-0.10440000146627426,simple
540,26_09_03_cell4_2_ch0,shaft,7,8,0,0.0,668.0833129882812,27.79159927368164,0.04340000078082085,simple
541,26_09_03_cell4_2_ch0,shaft,7,8,1,1.0,644.0833129882812,3.791599988937378,0.005900000222027302,simple
542,26_09_03_cell4_2_ch0,shaft,7,8,2,2.0,631.3333129882812,-8.958399772644043,-0.014000000432133675,simple
543,26_09_03_cell4_2_ch0,shaft,7,8,3,3.0,617.6666870117188,-22.625,-0.03530000150203705,simple
544,26_09_03_cell4_2_ch0,shaft,7,8,4,4.0,609.8333129882812,-30.45840072631836,-0.047600001096725464,simple
545,26_09_03_cell4_2_ch0,shaft,7,8,5,5.0,590.3333129882812,-49.95840072631836,-0.07800000160932541,simple
546,26_09_03_cell4_2_ch0,shaft,7,8,6,6.0,580.0833129882812,-60.20840072631836,-0.09399999678134918,simple
547,26_09_03_cell4_2_ch0,shaft,7,8,7,7.0,571.4166870117188,-68.875,-0.10760000348091125,simple
548,26_09_03_cell4_2_ch0,shaft,7,8,8,8.0,582.0,-58.29169845581055,-0.09099999815225601,simple
549,26_09_03_cell4_2_ch0,shaft,7,8,9,9.0,599.75,-40.54169845581055,-0.0632999986410141,simple
550,26_09_03_cell4_2_ch0,shaft,7,8,10,10.0,597.6666870117188,-42.625,-0.066600002348423,simple
551,26_09_03_cell4_2_ch0,shaft,7,8,11,11.0,594.25,-46.04169845581055,-0.07190000265836716,simple
552,26_09_03_cell4_2_ch0,shaft,7,8,12,12.0,604.0,-36.29169845581055,-0.056699998676776886,simple
553,26_09_03_cell4_2_ch0,shaft,7,8,13,13.0,625.75,-14.54170036315918,-0.022700000554323196,simple
554,26_09_03_cell4_2_ch0,shaft,7,8,14,14.0,631.25,-9.04170036315918,-0.014100000262260437,simple
555,26_09_03_cell4_2_ch0,shaft,7,8,15,15.0,629.0833129882812,-11.208399772644043,-0.017500000074505806,simple
556,26_09_03_cell4_2_ch0,shaft,7,8,16,16.0,615.25,-25.04170036315918,-0.03909999877214432,simple
557,26_09_03_cell4_2_ch0,shaft,7,8,17,17.0,622.4166870117188,-17.875,-0.027899999171495438,simple
558,26_09_03_cell4_2_ch0,shaft,7,8,18,18.0,632.0833129882812,-8.208399772644043,-0.012799999676644802,simple
559,26_09_03_cell4_2_ch0,shaft,7,8,19,19.0,645.5,5.2083001136779785,0.008100000210106373,simple
560,26_09_03_cell4_2_ch0,shaft,7,8,20,20.0,655.5,15.20829963684082,0.023800000548362732,simple
561,26_09_03_cell4_2_ch0,shaft,7,8,21,21.0,633.1666870117188,-7.125,-0.011099999770522118,simple
562,26_09_03_cell4_2_ch0,shaft,7,8,22,22.0,652.8333129882812,12.541600227355957,0.019600000232458115,simple
563,26_09_03_cell4_2_ch0,shaft,7,8,23,23.0,647.75,7.4583001136779785,0.011599999852478504,simple
564,26_09_03_cell4_2_ch0,shaft,7,8,24,24.0,661.3333129882812,21.04159927368164,0.03290000185370445,simple
565,26_09_03_cell4_2_ch0,shaft,7,8,25,25.0,671.0,30.70829963684082,0.04800000041723251,simple
566,26_09_03_cell4_2_ch0,shaft,7,8,26,26.0,657.4166870117188,17.125,0.02669999934732914,simple
567,26_09_03_cell4_2_ch0,shaft,7,8,27,27.0,641.4166870117188,1.125,0.0017999999690800905,simple
568,26_09_03_cell4_2_ch0,shaft,7,8,28,28.0,645.8333129882812,5.541600227355957,0.008700000122189522,simple
569,26_09_03_cell4_2_ch0,shaft,7,8,29,29.0,642.5,2.2083001136779785,0.0034000000450760126,simple
570,26_09_03_cell4_2_ch0,shaft,7,8,30,30.0,630.75,-9.54170036315918,-0.01489999983459711,simple
571,26_09_03_cell4_2_ch0,shaft,7,8,31,31.0,644.8333129882812,4.541600227355957,0.0071000000461936,simple
572,26_09_03_cell4_2_ch0,shaft,7,8,32,32.0,638.5,-1.791700005531311,-0.00279999990016222,simple
573,26_09_03_cell4_2_ch0,shaft,7,8,33,33.0,624.6666870117188,-15.625,-0.024399999529123306,simple
574,26_09_03_cell4_2_ch0,shaft,7,8,34,34.0,629.8333129882812,-10.458399772644043,-0.016300000250339508,simple
575,26_09_03_cell4_2_ch0,shaft,7,8,35,35.0,615.5,-24.79170036315918,-0.03869999945163727,simple
576,26_09_03_cell4_2_ch0,shaft,7,8,36,36.0,606.1666870117188,-34.125,-0.053300000727176666,simple
577,26_09_03_cell4_2_ch0,shaft,7,8,37,37.0,589.25,-51.04169845581055,-0.07970000058412552,simple
578,26_09_03_cell4_2_ch0,shaft,7,8,38,38.0,604.0833129882812,-36.20840072631836,-0.05649999901652336,simple
579,26_09_03_cell4_2_ch0,shaft,7,8,39,39.0,591.0,-49.29169845581055,-0.07699999958276749,simple
580,26_09_03_cell4_2_ch0,shaft,7,8,40,40.0,581.4166870117188,-58.875,-0.09200000017881393,simple
581,26_09_03_cell4_2_ch0,shaft,7,8,41,41.0,587.0833129882812,-53.20840072631836,-0.08309999853372574,simple
582,26_09_03_cell4_2_ch0,shaft,7,8,42,42.0,582.0,-58.29169845581055,-0.09099999815225601,simple
583,26_09_03_cell4_2_ch0,shaft,7,8,43,43.0,573.0,-67.29170227050781,-0.10509999841451645,simple
584,26_09_03_cell4_2_ch0,shaft,7,8,44,44.0,581.25,-59.04169845581055,-0.09220000356435776,simple
585,26_09_03_cell4_2_ch0,shaft,7,8,45,45.0,576.5,-63.79169845581055,-0.09960000216960907,simple
586,26_09_03_cell4_2_ch0,shaft,7,8,46,46.0,583.25,-57.04169845581055,-0.08910000324249268,simple
587,26_09_03_cell4_2_ch0,shaft,7,8,47,47.0,574.6666870117188,-65.625,-0.10249999910593033,simple
588,26_09_03_cell4_2_ch0,shaft,7,8,48,48.0,580.25,-60.04169845581055,-0.09380000084638596,simple
589,26_09_03_cell4_2_ch0,shaft,7,8,49,49.0,568.6666870117188,-71.625,-0.11190000176429749,simple
590,26_09_03_cell4_2_ch0,shaft,7,8,50,50.0,570.9166870117188,-69.375,-0.10830000042915344,simple
591,26_09_03_cell4_2_ch0,shaft,7,8,51,51.0,563.1666870117188,-77.125,-0.12049999833106995,simple
592,26_09_03_cell4_2_ch0,shaft,7,8,52,52.0,549.3333129882812,-90.9583969116211,-0.1421000063419342,simple
593,26_09_03_cell4_2_ch0,shaft,7,8,53,53.0,550.25,-90.04170227050781,-0.14059999585151672,simple
594,26_09_03_cell4_2_ch0,shaft,7,8,54,54.0,552.25,-88.04170227050781,-0.13750000298023224,simple
595,26_09_03_cell4_2_ch0,shaft,7,8,55,55.0,553.5833129882812,-86.7083969116211,-0.13539999723434448,simple
596,26_09_03_cell4_2_ch0,shaft,7,8,56,56.0,560.4166870117188,-79.875,-0.12470000237226486,simple
597,26_09_03_cell4_2_ch0,shaft,7,8,57,57.0,561.3333129882812,-78.9583969116211,-0.12330000102519989,simple
598,26_09_03_cell4_2_ch0,shaft,7,8,58,58.0,558.6666870117188,-81.625,-0.1274999976158142,simple
599,26_09_03_cell4_2_ch0,shaft,7,8,59,59.0,543.3333129882812,-96.9583969116211,-0.15139999985694885,simple
600,26_09_03_cell4_2_ch0,shaft,7,8,60,60.0,545.5,-94.79170227050781,-0.14800000190734863,simple
601,26_09_03_cell4_2_ch0,shaft,7,8,61,61.0,544.0833129882812,-96.2083969116211,-0.15029999613761902,simple
602,26_09_03_cell4_2_ch0,shaft,7,8,62,62.0,535.4166870117188,-104.875,-0.16380000114440918,simple
603,26_09_03_cell4_2_ch0,shaft,7,8,63,63.0,531.25,-109.04170227050781,-0.17030000686645508,simple
604,26_09_03_cell4_2_ch0,shaft,7,8,64,64.0,534.75,-105.54170227050781,-0.1648000031709671,simple
605,26_09_03_cell4_2_ch0,shaft,7,8,65,65.0,528.6666870117188,-111.625,-0.17430000007152557,simple
606,26_09_03_cell4_2_ch0,shaft,7,8,66,66.0,532.25,-108.04170227050781,-0.16869999468326569,simple
607,26_09_03_cell4_2_ch0,shaft,7,8,67,67.0,528.5,-111.79170227050781,-0.1746000051498413,simple
608,26_09_03_cell4_2_ch0,shaft,7,8,68,68.0,522.9166870117188,-117.375,-0.18330000340938568,simple
609,26_09_03_cell4_2_ch0,shaft,7,8,69,69.0,523.0,-117.29170227050781,-0.18320000171661377,simple
610,26_09_03_cell4_2_ch0,shaft,7,8,70,70.0,544.6666870117188,-95.625,-0.1492999941110611,simple
611,26_09_03_cell4_2_ch0,shaft,7,8,71,71.0,531.5833129882812,-108.7083969116211,-0.16979999840259552,simple
612,26_09_03_cell4_2_ch0,shaft,7,8,72,72.0,533.0833129882812,-107.2083969116211,-0.16740000247955322,simple
613,26_09_03_cell4_2_ch0,shaft,7,8,73,73.0,523.8333129882812,-116.4583969116211,-0.1818999946117401,simple
614,26_09_03_cell4_2_ch0,shaft,7,8,74,74.0,520.0,-120.29170227050781,-0.18790000677108765,simple
615,26_09_03_cell4_2_ch0,shaft,7,8,75,75.0,520.5833129882812,-119.7083969116211,-0.18700000643730164,simple
616,26_09_03_cell4_2_ch0,shaft,7,8,76,76.0,522.8333129882812,-117.4583969116211,-0.1834000051021576,simple
617,26_09_03_cell4_2_ch0,shaft,7,8,77,77.0,532.1666870117188,-108.125,-0.1688999980688095,simple
618,26_09_03_cell4_2_ch0,shaft,7,8,78,78.0,532.5,-107.79170227050781,-0.16830000281333923,simple
619,26_09_03_cell4_2_ch0,shaft,7,8,79,79.0,534.0833129882812,-106.2083969116211,-0.16590000689029694,simple
620,26_09_03_cell4_2_ch0,shaft,7,8,80,80.0,531.4166870117188,-108.875,-0.17000000178813934,simple
621,26_09_03_cell4_2_ch0,shaft,7,8,81,81.0,528.5,-111.79170227050781,-0.1746000051498413,simple
622,26_09_03_cell4_2_ch0,shaft,7,8,82,82.0,527.0833129882812,-113.2083969116211,-0.17679999768733978,simple
623,26_09_03_cell4_2_ch0,shaft,7,8,83,83.0,525.9166870117188,-114.375,-0.1785999983549118,simple
624,26_09_03_cell4_2_ch0,shaft,7,8,84,84.0,518.8333129882812,-121.4583969116211,-0.18970000743865967,simple
625,26_09_03_cell4_2_ch0,shaft,7,8,85,85.0,526.5,-113.79170227050781,-0.1776999980211258,simple
626,26_09_03_cell4_2_ch0,shaft,7,8,86,86.0,521.25,-119.04170227050781,-0.1859000027179718,simple
627,26_09_03_cell4_2_ch0,shaft,7,8,87,87.0,533.9166870117188,-106.375,-0.16609999537467957,simple
628,26_09_03_cell4_2_ch0,shaft,7,8,88,88.0,532.1666870117188,-108.125,-0.1688999980688095,simple
629,26_09_03_cell4_2_ch0,shaft,7,8,90,89.0,509.25,-131.0417022705078,-0.20469999313354492,simple
630,26_09_03_cell4_2_ch0,shaft,8,7,0,0.0,612.7999877929688,24.899999618530273,0.042399998754262924,simple
631,26_09_03_cell4_2_ch0,shaft,8,7,1,1.0,591.7999877929688,3.9000000953674316,0.006599999964237213,simple
632,26_09_03_cell4_2_ch0,shaft,8,7,2,2.0,575.2000122070312,-12.699999809265137,-0.02160000056028366,simple
633,26_09_03_cell4_2_ch0,shaft,8,7,3,3.0,571.7999877929688,-16.100000381469727,-0.027400000020861626,simple
634,26_09_03_cell4_2_ch0,shaft,8,7,4,4.0,545.0,-42.900001525878906,-0.0729999989271164,simple
635,26_09_03_cell4_2_ch0,shaft,8,7,5,5.0,531.7999877929688,-56.099998474121094,-0.09539999812841415,simple
636,26_09_03_cell4_2_ch0,shaft,8,7,6,6.0,542.7999877929688,-45.099998474121094,-0.07670000195503235,simple
637,26_09_03_cell4_2_ch0,shaft,8,7,7,7.0,535.7999877929688,-52.099998474121094,-0.08860000222921371,simple
638,26_09_03_cell4_2_ch0,shaft,8,7,8,8.0,548.0,-39.900001525878906,-0.06790000200271606,simple
639,26_09_03_cell4_2_ch0,shaft,8,7,9,9.0,555.2000122070312,-32.70000076293945,-0.05559999868273735,simple
640,26_09_03_cell4_2_ch0,shaft,8,7,10,10.0,544.2000122070312,-43.70000076293945,-0.07429999858140945,simple
641,26_09_03_cell4_2_ch0,shaft,8,7,11,11.0,550.7999877929688,-37.099998474121094,-0.06310000270605087,simple
642,26_09_03_cell4_2_ch0,shaft,8,7,12,12.0,566.7999877929688,-21.100000381469727,-0.03590000048279762,simple
643,26_09_03_cell4_2_ch0,shaft,8,7,13,13.0,586.2000122070312,-1.7000000476837158,-0.002899999963119626,simple
644,26_09_03_cell4_2_ch0,shaft,8,7,14,14.0,593.0,5.099999904632568,0.008700000122189522,simple
645,26_09_03_cell4_2_ch0,shaft,8,7,15,15.0,580.5999755859375,-7.300000190734863,-0.012400000356137753,simple
646,26_09_03_cell4_2_ch0,shaft,8,7,16,16.0,573.4000244140625,-14.5,-0.024700000882148743,simple
647,26_09_03_cell4_2_ch0,shaft,8,7,17,17.0,589.4000244140625,1.5,0.0026000000070780516,simple
648,26_09_03_cell4_2_ch0,shaft,8,7,18,18.0,604.4000244140625,16.5,0.02810000069439411,simple
649,26_09_03_cell4_2_ch0,shaft,8,7,19,19.0,629.2000122070312,41.29999923706055,0.07029999792575836,simple
650,26_09_03_cell4_2_ch0,shaft,8,7,20,20.0,608.5999755859375,20.700000762939453,0.03519999980926514,simple
651,26_09_03_cell4_2_ch0,shaft,8,7,21,21.0,589.4000244140625,1.5,0.0026000000070780516,simple
652,26_09_03_cell4_2_ch0,shaft,8,7,22,22.0,626.7999877929688,38.900001525878906,0.06620000302791595,simple
653,26_09_03_cell4_2_ch0,shaft,8,7,23,23.0,606.7999877929688,18.899999618530273,0.032099999487400055,simple
654,26_09_03_cell4_2_ch0,shaft,8,7,24,24.0,622.7999877929688,34.900001525878906,0.05939999967813492,simple
655,26_09_03_cell4_2_ch0,shaft,8,7,25,25.0,618.2000122070312,30.299999237060547,0.051500000059604645,simple
656,26_09_03_cell4_2_ch0,shaft,8,7,26,26.0,604.0,16.100000381469727,0.027400000020861626,simple
657,26_09_03_cell4_2_ch0,shaft,8,7,27,27.0,587.7999877929688,-0.10000000149011612,-0.00019999999494757503,simple
658,26_09_03_cell4_2_ch0,shaft,8,7,28,28.0,587.7999877929688,-0.10000000149011612,-0.00019999999494757503,simple
659,26_09_03_cell4_2_ch0,shaft,8,7,29,29.0,600.2000122070312,12.300000190734863,0.020899999886751175,simple
660,26_09_03_cell4_2_ch0,shaft,8,7,30,30.0,588.5999755859375,0.699999988079071,0.0012000000569969416,simple
661,26_09_03_cell4_2_ch0,shaft,8,7,31,31.0,594.7999877929688,6.900000095367432,0.011699999682605267,simple
662,26_09_03_cell4_2_ch0,shaft,8,7,32,32.0,581.7999877929688,-6.099999904632568,-0.010400000028312206,simple
663,26_09_03_cell4_2_ch0,shaft,8,7,33,33.0,586.0,-1.899999976158142,-0.0031999999191612005,simple
664,26_09_03_cell4_2_ch0,shaft,8,7,34,34.0,567.2000122070312,-20.700000762939453,-0.03519999980926514,simple
665,26_09_03_cell4_2_ch0,shaft,8,7,35,35.0,563.4000244140625,-24.5,-0.04170000180602074,simple
666,26_09_03_cell4_2_ch0,shaft,8,7,36,36.0,561.0,-26.899999618530273,-0.04580000042915344,simple
667,26_09_03_cell4_2_ch0,shaft,8,7,37,37.0,552.2000122070312,-35.70000076293945,-0.06069999933242798,simple
668,26_09_03_cell4_2_ch0,shaft,8,7,38,38.0,554.4000244140625,-33.5,-0.05700000002980232,simple
669,26_09_03_cell4_2_ch0,shaft,8,7,39,39.0,549.7999877929688,-38.099998474121094,-0.06480000168085098,simple
670,26_09_03_cell4_2_ch0,shaft,8,7,40,40.0,549.2000122070312,-38.70000076293945,-0.0658000037074089,simple
671,26_09_03_cell4_2_ch0,shaft,8,7,41,41.0,543.4000244140625,-44.5,-0.07569999992847443,simple
672,26_09_03_cell4_2_ch0,shaft,8,7,42,42.0,544.5999755859375,-43.29999923706055,-0.07370000332593918,simple
673,26_09_03_cell4_2_ch0,shaft,8,7,43,43.0,542.2000122070312,-45.70000076293945,-0.07769999653100967,simple
674,26_09_03_cell4_2_ch0,shaft,8,7,44,44.0,557.2000122070312,-30.700000762939453,-0.05220000073313713,simple
675,26_09_03_cell4_2_ch0,shaft,8,7,45,45.0,539.4000244140625,-48.5,-0.08250000327825546,simple
676,26_09_03_cell4_2_ch0,shaft,8,7,46,46.0,544.5999755859375,-43.29999923706055,-0.07370000332593918,simple
677,26_09_03_cell4_2_ch0,shaft,8,7,47,47.0,537.2000122070312,-50.70000076293945,-0.08619999885559082,simple
678,26_09_03_cell4_2_ch0,shaft,8,7,48,48.0,542.7999877929688,-45.099998474121094,-0.07670000195503235,simple
679,26_09_03_cell4_2_ch0,shaft,8,7,49,49.0,540.0,-47.900001525878906,-0.08150000125169754,simple
680,26_09_03_cell4_2_ch0,shaft,8,7,50,50.0,534.2000122070312,-53.70000076293945,-0.09130000323057175,simple
681,26_09_03_cell4_2_ch0,shaft,8,7,51,51.0,526.7999877929688,-61.099998474121094,-0.1039000004529953,simple
682,26_09_03_cell4_2_ch0,shaft,8,7,52,52.0,537.4000244140625,-50.5,-0.08590000122785568,simple
683,26_09_03_cell4_2_ch0,shaft,8,7,53,53.0,527.0,-60.900001525878906,-0.10360000282526016,simple
684,26_09_03_cell4_2_ch0,shaft,8,7,54,54.0,519.5999755859375,-68.30000305175781,-0.11620000004768372,simple
685,26_09_03_cell4_2_ch0,shaft,8,7,55,55.0,528.7999877929688,-59.099998474121094,-0.10050000250339508,simple
686,26_09_03_cell4_2_ch0,shaft,8,7,56,56.0,521.7999877929688,-66.0999984741211,-0.11240000277757645,simple
687,26_09_03_cell4_2_ch0,shaft,8,7,57,57.0,527.7999877929688,-60.099998474121094,-0.10220000147819519,simple
688,26_09_03_cell4_2_ch0,shaft,8,7,58,58.0,527.0,-60.900001525878906,-0.10360000282526016,simple
689,26_09_03_cell4_2_ch0,shaft,8,7,59,59.0,530.7999877929688,-57.099998474121094,-0.09709999710321426,simple
690,26_09_03_cell4_2_ch0,shaft,8,7,60,60.0,521.7999877929688,-66.0999984741211,-0.11240000277757645,simple
691,26_09_03_cell4_2_ch0,shaft,8,7,61,61.0,521.0,-66.9000015258789,-0.11379999667406082,simple
692,26_09_03_cell4_2_ch0,shaft,8,7,62,62.0,509.20001220703125,-78.69999694824219,-0.1339000016450882,simple
693,26_09_03_cell4_2_ch0,shaft,8,7,63,63.0,524.0,-63.900001525878906,-0.10869999974966049,simple
694,26_09_03_cell4_2_ch0,shaft,8,7,64,64.0,509.79998779296875,-78.0999984741211,-0.13279999792575836,simple
695,26_09_03_cell4_2_ch0,shaft,8,7,65,65.0,519.4000244140625,-68.5,-0.11649999767541885,simple
696,26_09_03_cell4_2_ch0,shaft,8,7,66,66.0,506.0,-81.9000015258789,-0.13930000364780426,simple
697,26_09_03_cell4_2_ch0,shaft,8,7,67,67.0,518.2000122070312,-69.69999694824219,-0.11860000342130661,simple
698,26_09_03_cell4_2_ch0,shaft,8,7,68,68.0,512.5999755859375,-75.30000305175781,-0.12809999287128448,simple
699,26_09_03_cell4_2_ch0,shaft,8,7,69,69.0,507.3999938964844,-80.5,-0.13689999282360077,simple
700,26_09_03_cell4_2_ch0,shaft,8,7,70,70.0,524.5999755859375,-63.29999923706055,-0.10769999772310257,simple
701,26_09_03_cell4_2_ch0,shaft,8,7,71,71.0,519.2000122070312,-68.69999694824219,-0.1168999969959259,simple
702,26_09_03_cell4_2_ch0,shaft,8,7,72,72.0,498.20001220703125,-89.69999694824219,-0.1526000052690506,simple
703,26_09_03_cell4_2_ch0,shaft,8,7,73,73.0,503.3999938964844,-84.5,-0.1437000036239624,simple
704,26_09_03_cell4_2_ch0,shaft,8,7,74,74.0,493.6000061035156,-94.30000305175781,-0.16040000319480896,simple
705,26_09_03_cell4_2_ch0,shaft,8,7,75,75.0,509.79998779296875,-78.0999984741211,-0.13279999792575836,simple
706,26_09_03_cell4_2_ch0,shaft,8,7,76,76.0,507.3999938964844,-80.5,-0.13689999282360077,simple
707,26_09_03_cell4_2_ch0,shaft,8,7,77,77.0,505.6000061035156,-82.30000305175781,-0.14000000059604645,simple
708,26_09_03_cell4_2_ch0,shaft,8,7,78,78.0,503.20001220703125,-84.69999694824219,-0.14409999549388885,simple
709,26_09_03_cell4_2_ch0,shaft,8,7,79,79.0,491.20001220703125,-96.69999694824219,-0.16449999809265137,simple
710,26_09_03_cell4_2_ch0,shaft,8,7,80,80.0,495.20001220703125,-92.69999694824219,-0.15770000219345093,simple
711,26_09_03_cell4_2_ch0,shaft,8,7,81,81.0,499.3999938964844,-88.5,-0.15049999952316284,simple
712,26_09_03_cell4_2_ch0,shaft,8,7,82,82.0,487.79998779296875,-100.0999984741211,-0.17030000686645508,simple
713,26_09_03_cell4_2_ch0,shaft,8,7,83,83.0,490.6000061035156,-97.30000305175781,-0.1655000001192093,simple
714,26_09_03_cell4_2_ch0,shaft,8,7,84,84.0,495.79998779296875,-92.0999984741211,-0.156700000166893,simple
715,26_09_03_cell4_2_ch0,shaft,8,7,85,85.0,495.0,-92.9000015258789,-0.15800000727176666,simple
716,26_09_03_cell4_2_ch0,shaft,8,7,86,86.0,493.3999938964844,-94.5,-0.1606999933719635,simple
717,26_09_03_cell4_2_ch0,shaft,8,7,87,87.0,494.20001220703125,-93.69999694824219,-0.15940000116825104,simple
718,26_09_03_cell4_2_ch0,shaft,8,7,88,88.0,504.6000061035156,-83.30000305175781,-0.14169999957084656,simple
719,26_09_03_cell4_2_ch0,shaft,8,7,90,89.0,489.0,-98.9000015258789,-0.16820000112056732,simple
720,26_09_03_cell4_2_ch0,shaft,9,20,0,0.0,639.9443969726562,31.402799606323242,0.051600001752376556,simple
721,26_09_03_cell4_2_ch0,shaft,9,20,1,1.0,612.2222290039062,3.680500030517578,0.006000000052154064,simple
722,26_09_03_cell4_2_ch0,shaft,9,20,2,2.0,599.2222290039062,-9.319499969482422,-0.015300000086426735,simple
723,26_09_03_cell4_2_ch0,shaft,9,20,3,3.0,582.7777709960938,-25.763900756835938,-0.04230000078678131,simple
724,26_09_03_cell4_2_ch0,shaft,9,20,4,4.0,580.1666870117188,-28.375,-0.04659999907016754,simple
725,26_09_03_cell4_2_ch0,shaft,9,20,5,5.0,561.6666870117188,-46.875,-0.07699999958276749,simple
726,26_09_03_cell4_2_ch0,shaft,9,20,6,6.0,564.4443969726562,-44.097198486328125,-0.07249999791383743,simple
727,26_09_03_cell4_2_ch0,shaft,9,20,7,7.0,556.3333129882812,-52.20840072631836,-0.08579999953508377,simple
728,26_09_03_cell4_2_ch0,shaft,9,20,8,8.0,605.888916015625,-2.6528000831604004,-0.004399999976158142,simple
729,26_09_03_cell4_2_ch0,shaft,9,20,9,9.0,615.0556030273438,6.513899803161621,0.010700000450015068,simple
730,26_09_03_cell4_2_ch0,shaft,9,20,10,10.0,611.0,2.4583001136779785,0.004000000189989805,simple
731,26_09_03_cell4_2_ch0,shaft,9,20,11,11.0,602.388916015625,-6.1528000831604,-0.010099999606609344,simple
732,26_09_03_cell4_2_ch0,shaft,9,20,12,12.0,638.6666870117188,30.125,0.0494999997317791,simple
733,26_09_03_cell4_2_ch0,shaft,9,20,13,13.0,651.3333129882812,42.79159927368164,0.07029999792575836,simple
734,26_09_03_cell4_2_ch0,shaft,9,20,14,14.0,658.1666870117188,49.625,0.08150000125169754,simple
735,26_09_03_cell4_2_ch0,shaft,9,20,15,15.0,635.6666870117188,27.125,0.044599998742341995,simple
736,26_09_03_cell4_2_ch0,shaft,9,20,16,16.0,651.111083984375,42.569400787353516,0.07000000029802322,simple
737,26_09_03_cell4_2_ch0,shaft,9,20,17,17.0,676.2777709960938,67.73609924316406,0.11129999905824661,simple
738,26_09_03_cell4_2_ch0,shaft,9,20,18,18.0,707.8333129882812,99.2916030883789,0.1632000058889389,simple
739,26_09_03_cell4_2_ch0,shaft,9,20,19,19.0,673.0,64.45829772949219,0.10589999705553055,simple
740,26_09_03_cell4_2_ch0,shaft,9,20,20,20.0,714.1666870117188,105.625,0.1736000031232834,simple
741,26_09_03_cell4_2_ch0,shaft,9,20,21,21.0,703.4443969726562,94.90280151367188,0.15600000321865082,simple
742,26_09_03_cell4_2_ch0,shaft,9,20,22,22.0,695.111083984375,86.56939697265625,0.14229999482631683,simple
743,26_09_03_cell4_2_ch0,shaft,9,20,23,23.0,715.888916015625,107.34719848632812,0.17640000581741333,simple
744,26_09_03_cell4_2_ch0,shaft,9,20,24,24.0,742.1666870117188,133.625,0.21960000693798065,simple
745,26_09_03_cell4_2_ch0,shaft,9,20,25,25.0,725.5,116.95829772949219,0.19220000505447388,simple
746,26_09_03_cell4_2_ch0,shaft,9,20,26,26.0,688.888916015625,80.34719848632812,0.13199999928474426,simple
747,26_09_03_cell4_2_ch0,shaft,9,20,27,27.0,628.9443969726562,20.402799606323242,0.03350000083446503,simple
748,26_09_03_cell4_2_ch0,shaft,9,20,28,28.0,613.2222290039062,4.680500030517578,0.007699999958276749,simple
749,26_09_03_cell4_2_ch0,shaft,9,20,29,29.0,609.888916015625,1.3472000360488892,0.002199999988079071,simple
750,26_09_03_cell4_2_ch0,shaft,9,20,30,30.0,601.5556030273438,-6.986100196838379,-0.011500000022351742,simple
751,26_09_03_cell4_2_ch0,shaft,9,20,31,31.0,605.7777709960938,-2.7639000415802,-0.0044999998062849045,simple
752,26_09_03_cell4_2_ch0,shaft,9,20,32,32.0,591.1666870117188,-17.375,-0.028599999845027924,simple
753,26_09_03_cell4_2_ch0,shaft,9,20,33,33.0,596.6666870117188,-11.875,-0.019500000402331352,simple
754,26_09_03_cell4_2_ch0,shaft,9,20,34,34.0,584.0,-24.54170036315918,-0.040300000458955765,simple
755,26_09_03_cell4_2_ch0,shaft,9,20,35,35.0,589.7777709960938,-18.763900756835938,-0.030799999833106995,simple
756,26_09_03_cell4_2_ch0,shaft,9,20,36,36.0,597.388916015625,-11.152799606323242,-0.018300000578165054,simple
757,26_09_03_cell4_2_ch0,shaft,9,20,37,37.0,582.8333129882812,-25.70840072631836,-0.0421999990940094,simple
758,26_09_03_cell4_2_ch0,shaft,9,20,38,38.0,577.5,-31.04170036315918,-0.050999999046325684,simple
759,26_09_03_cell4_2_ch0,shaft,9,20,39,39.0,580.0556030273438,-28.486099243164062,-0.046799998730421066,simple
760,26_09_03_cell4_2_ch0,shaft,9,20,40,40.0,588.111083984375,-20.430599212646484,-0.03359999880194664,simple
761,26_09_03_cell4_2_ch0,shaft,9,20,41,41.0,590.7222290039062,-17.819499969482422,-0.02930000051856041,simple
762,26_09_03_cell4_2_ch0,shaft,9,20,42,42.0,571.5,-37.04169845581055,-0.0608999989926815,simple
763,26_09_03_cell4_2_ch0,shaft,9,20,43,43.0,553.4443969726562,-55.097198486328125,-0.09049999713897705,simple
764,26_09_03_cell4_2_ch0,shaft,9,20,44,44.0,546.611083984375,-61.930599212646484,-0.10180000215768814,simple
765,26_09_03_cell4_2_ch0,shaft,9,20,45,45.0,533.888916015625,-74.65280151367188,-0.12269999831914902,simple
766,26_09_03_cell4_2_ch0,shaft,9,20,46,46.0,539.0,-69.54170227050781,-0.11429999768733978,simple
767,26_09_03_cell4_2_ch0,shaft,9,20,47,47.0,538.2222290039062,-70.31950378417969,-0.11559999734163284,simple
768,26_09_03_cell4_2_ch0,shaft,9,20,48,48.0,532.4443969726562,-76.09719848632812,-0.125,simple
769,26_09_03_cell4_2_ch0,shaft,9,20,49,49.0,534.611083984375,-73.93060302734375,-0.12150000035762787,simple
770,26_09_03_cell4_2_ch0,shaft,9,20,50,50.0,533.2777709960938,-75.26390075683594,-0.12370000034570694,simple
771,26_09_03_cell4_2_ch0,shaft,9,20,51,51.0,541.2222290039062,-67.31950378417969,-0.11060000211000443,simple
772,26_09_03_cell4_2_ch0,shaft,9,20,52,52.0,542.4443969726562,-66.09719848632812,-0.10859999805688858,simple
773,26_09_03_cell4_2_ch0,shaft,9,20,53,53.0,531.1666870117188,-77.375,-0.12710000574588776,simple
774,26_09_03_cell4_2_ch0,shaft,9,20,54,54.0,546.2222290039062,-62.31949996948242,-0.10239999741315842,simple
775,26_09_03_cell4_2_ch0,shaft,9,20,55,55.0,538.0,-70.54170227050781,-0.11590000241994858,simple
776,26_09_03_cell4_2_ch0,shaft,9,20,56,56.0,522.888916015625,-85.65280151367188,-0.14079999923706055,simple
777,26_09_03_cell4_2_ch0,shaft,9,20,57,57.0,525.2222290039062,-83.31950378417969,-0.13689999282360077,simple
778,26_09_03_cell4_2_ch0,shaft,9,20,58,58.0,532.2777709960938,-76.26390075683594,-0.12530000507831573,simple
779,26_09_03_cell4_2_ch0,shaft,9,20,59,59.0,517.3333129882812,-91.2083969116211,-0.14990000426769257,simple
780,26_09_03_cell4_2_ch0,shaft,9,20,60,60.0,514.7222290039062,-93.81950378417969,-0.1542000025510788,simple
781,26_09_03_cell4_2_ch0,shaft,9,20,61,61.0,527.8333129882812,-80.7083969116211,-0.13259999454021454,simple
782,26_09_03_cell4_2_ch0,shaft,9,20,62,62.0,534.2222290039062,-74.31950378417969,-0.12210000306367874,simple
783,26_09_03_cell4_2_ch0,shaft,9,20,63,63.0,525.4443969726562,-83.09719848632812,-0.13660000264644623,simple
784,26_09_03_cell4_2_ch0,shaft,9,20,64,64.0,519.9443969726562,-88.59719848632812,-0.14560000598430634,simple
785,26_09_03_cell4_2_ch0,shaft,9,20,65,65.0,519.2222290039062,-89.31950378417969,-0.1467999964952469,simple
786,26_09_03_cell4_2_ch0,shaft,9,20,66,66.0,512.7777709960938,-95.76390075683594,-0.1573999971151352,simple
787,26_09_03_cell4_2_ch0,shaft,9,20,67,67.0,517.888916015625,-90.65280151367188,-0.14900000393390656,simple
788,26_09_03_cell4_2_ch0,shaft,9,20,68,68.0,521.888916015625,-86.65280151367188,-0.14239999651908875,simple
789,26_09_03_cell4_2_ch0,shaft,9,20,69,69.0,511.7778015136719,-96.76390075683594,-0.1589999943971634,simple
790,26_09_03_cell4_2_ch0,shaft,9,20,70,70.0,512.388916015625,-96.15280151367188,-0.15800000727176666,simple
791,26_09_03_cell4_2_ch0,shaft,9,20,71,71.0,512.7222290039062,-95.81950378417969,-0.1574999988079071,simple
792,26_09_03_cell4_2_ch0,shaft,9,20,72,72.0,514.3333129882812,-94.2083969116211,-0.15479999780654907,simple
793,26_09_03_cell4_2_ch0,shaft,9,20,73,73.0,509.2778015136719,-99.26390075683594,-0.163100004196167,simple
794,26_09_03_cell4_2_ch0,shaft,9,20,74,74.0,498.7221984863281,-109.81950378417969,-0.18050000071525574,simple
795,26_09_03_cell4_2_ch0,shaft,9,20,75,75.0,518.1666870117188,-90.375,-0.148499995470047,simple
796,26_09_03_cell4_2_ch0,shaft,9,20,76,76.0,512.388916015625,-96.15280151367188,-0.15800000727176666,simple
797,26_09_03_cell4_2_ch0,shaft,9,20,77,77.0,497.44439697265625,-111.09719848632812,-0.1826000064611435,simple
798,26_09_03_cell4_2_ch0,shaft,9,20,78,78.0,503.6111145019531,-104.93060302734375,-0.17239999771118164,simple
799,26_09_03_cell4_2_ch0,shaft,9,20,79,79.0,495.8334045410156,-112.70829772949219,-0.18520000576972961,simple
800,26_09_03_cell4_2_ch0,shaft,9,20,80,80.0,489.1111145019531,-119.43060302734375,-0.19629999995231628,simple
801,26_09_03_cell4_2_ch0,shaft,9,20,81,81.0,496.2778015136719,-112.26390075683594,-0.18449999392032623,simple
802,26_09_03_cell4_2_ch0,shaft,9,20,82,82.0,496.55560302734375,-111.98619842529297,-0.18400000035762787,simple
803,26_09_03_cell4_2_ch0,shaft,9,20,83,83.0,495.55560302734375,-112.98619842529297,-0.18569999933242798,simple
804,26_09_03_cell4_2_ch0,shaft,9,20,84,84.0,491.8334045410156,-116.70829772949219,-0.19179999828338623,simple
805,26_09_03_cell4_2_ch0,shaft,9,20,85,85.0,486.3334045410156,-122.20829772949219,-0.20080000162124634,simple
806,26_09_03_cell4_2_ch0,shaft,9,20,86,86.0,481.6665954589844,-126.875,-0.2084999978542328,simple
807,26_09_03_cell4_2_ch0,shaft,9,20,87,87.0,478.55560302734375,-129.9862060546875,-0.21359999477863312,simple
808,26_09_03_cell4_2_ch0,shaft,9,20,88,88.0,479.3888854980469,-129.15280151367188,-0.21220000088214874,simple
809,26_09_03_cell4_2_ch0,shaft,9,20,90,89.0,473.1111145019531,-135.43060302734375,-0.2224999964237213,simple
810,26_09_03_cell4_2_ch0,shaft,10,17,0,0.0,186.60000610351562,2.1500000953674316,0.011699999682605267,simple
811,26_09_03_cell4_2_ch0,shaft,10,17,1,1.0,185.8000030517578,1.350000023841858,0.007300000172108412,simple
812,26_09_03_cell4_2_ch0,shaft,10,17,2,2.0,181.8000030517578,-2.6500000953674316,-0.014399999752640724,simple
813,26_09_03_cell4_2_ch0,shaft,10,17,3,3.0,183.60000610351562,-0.8500000238418579,-0.004600000102072954,simple
814,26_09_03_cell4_2_ch0,shaft,10,17,4,4.0,193.39999389648438,8.949999809265137,0.048500001430511475,simple
815,26_09_03_cell4_2_ch0,shaft,10,17,5,5.0,216.39999389648438,31.950000762939453,0.17319999635219574,simple
816,26_09_03_cell4_2_ch0,shaft,10,17,6,6.0,240.60000610351562,56.150001525878906,0.3043999969959259,simple
817,26_09_03_cell4_2_ch0,shaft,10,17,7,7.0,263.3999938964844,78.94999694824219,0.42800000309944153,simple
818,26_09_03_cell4_2_ch0,shaft,10,17,8,8.0,291.6000061035156,107.1500015258789,0.5809000134468079,simple
819,26_09_03_cell4_2_ch0,shaft,10,17,9,9.0,309.79998779296875,125.3499984741211,0.6796000003814697,simple
820,26_09_03_cell4_2_ch0,shaft,10,17,10,10.0,306.20001220703125,121.75,0.660099983215332,simple
821,26_09_03_cell4_2_ch0,shaft,10,17,11,11.0,329.6000061035156,145.14999389648438,0.786899983882904,simple
822,26_09_03_cell4_2_ch0,shaft,10,17,12,12.0,352.20001220703125,167.75,0.909500002861023,simple
823,26_09_03_cell4_2_ch0,shaft,10,17,13,13.0,369.6000061035156,185.14999389648438,1.0038000345230103,simple
824,26_09_03_cell4_2_ch0,shaft,10,17,14,14.0,383.3999938964844,198.9499969482422,1.0786000490188599,simple
825,26_09_03_cell4_2_ch0,shaft,10,17,15,15.0,412.0,227.5500030517578,1.2337000370025635,simple
826,26_09_03_cell4_2_ch0,shaft,10,17,16,16.0,404.20001220703125,219.75,1.1914000511169434,simple
827,26_09_03_cell4_2_ch0,shaft,10,17,17,17.0,409.0,224.5500030517578,1.2173999547958374,simple
828,26_09_03_cell4_2_ch0,shaft,10,17,18,18.0,434.20001220703125,249.75,1.3539999723434448,simple
829,26_09_03_cell4_2_ch0,shaft,10,17,19,19.0,436.20001220703125,251.75,1.36489999294281,simple
830,26_09_03_cell4_2_ch0,shaft,10,17,20,20.0,429.3999938964844,244.9499969482422,1.3279999494552612,simple
831,26_09_03_cell4_2_ch0,shaft,10,17,21,21.0,414.79998779296875,230.35000610351562,1.2488000392913818,simple
832,26_09_03_cell4_2_ch0,shaft,10,17,22,22.0,412.6000061035156,228.14999389648438,1.236899971961975,simple
833,26_09_03_cell4_2_ch0,shaft,10,17,23,23.0,408.20001220703125,223.75,1.2130999565124512,simple
834,26_09_03_cell4_2_ch0,shaft,10,17,24,24.0,433.0,248.5500030517578,1.347499966621399,simple
835,26_09_03_cell4_2_ch0,shaft,10,17,25,25.0,427.3999938964844,242.9499969482422,1.317199945449829,simple
836,26_09_03_cell4_2_ch0,shaft,10,17,26,26.0,448.3999938964844,263.95001220703125,1.430999994277954,simple
837,26_09_03_cell4_2_ch0,shaft,10,17,27,27.0,447.79998779296875,263.3500061035156,1.4278000593185425,simple
838,26_09_03_cell4_2_ch0,shaft,10,17,28,28.0,427.79998779296875,243.35000610351562,1.3193000555038452,simple
839,26_09_03_cell4_2_ch0,shaft,10,17,29,29.0,429.0,244.5500030517578,1.3257999420166016,simple
840,26_09_03_cell4_2_ch0,shaft,10,17,30,30.0,421.6000061035156,237.14999389648438,1.2856999635696411,simple
841,26_09_03_cell4_2_ch0,shaft,10,17,31,31.0,400.79998779296875,216.35000610351562,1.1728999614715576,simple
842,26_09_03_cell4_2_ch0,shaft,10,17,32,32.0,362.3999938964844,177.9499969482422,0.9648000001907349,simple
843,26_09_03_cell4_2_ch0,shaft,10,17,33,33.0,327.6000061035156,143.14999389648438,0.7760999798774719,simple
844,26_09_03_cell4_2_ch0,shaft,10,17,34,34.0,339.79998779296875,155.35000610351562,0.842199981212616,simple
845,26_09_03_cell4_2_ch0,shaft,10,17,35,35.0,350.3999938964844,165.9499969482422,0.8996999859809875,simple
846,26_09_03_cell4_2_ch0,shaft,10,17,36,36.0,350.79998779296875,166.35000610351562,0.9018999934196472,simple
847,26_09_03_cell4_2_ch0,shaft,10,17,37,37.0,356.79998779296875,172.35000610351562,0.9344000220298767,simple
848,26_09_03_cell4_2_ch0,shaft,10,17,38,38.0,365.20001220703125,180.75,0.9799000024795532,simple
849,26_09_03_cell4_2_ch0,shaft,10,17,39,39.0,376.79998779296875,192.35000610351562,1.042799949645996,simple
850,26_09_03_cell4_2_ch0,shaft,10,17,40,40.0,371.3999938964844,186.9499969482422,1.0135999917984009,simple
851,26_09_03_cell4_2_ch0,shaft,10,17,41,41.0,368.0,183.5500030517578,0.9951000213623047,simple
852,26_09_03_cell4_2_ch0,shaft,10,17,42,42.0,351.0,166.5500030517578,0.902999997138977,simple
853,26_09_03_cell4_2_ch0,shaft,10,17,43,43.0,351.3999938964844,166.9499969482422,0.9050999879837036,simple
854,26_09_03_cell4_2_ch0,shaft,10,17,44,44.0,357.6000061035156,173.14999389648438,0.9387000203132629,simple
855,26_09_03_cell4_2_ch0,shaft,10,17,45,45.0,352.0,167.5500030517578,0.9083999991416931,simple
856,26_09_03_cell4_2_ch0,shaft,10,17,46,46.0,322.0,137.5500030517578,0.7457000017166138,simple
857,26_09_03_cell4_2_ch0,shaft,10,17,47,47.0,322.3999938964844,137.9499969482422,0.7479000091552734,simple
858,26_09_03_cell4_2_ch0,shaft,10,17,48,48.0,313.3999938964844,128.9499969482422,0.6991000175476074,simple
859,26_09_03_cell4_2_ch0,shaft,10,17,49,49.0,331.6000061035156,147.14999389648438,0.7978000044822693,simple
860,26_09_03_cell4_2_ch0,shaft,10,17,50,50.0,334.20001220703125,149.75,0.8119000196456909,simple
861,26_09_03_cell4_2_ch0,shaft,10,17,51,51.0,336.0,151.5500030517578,0.8216000199317932,simple
862,26_09_03_cell4_2_ch0,shaft,10,17,52,52.0,326.20001220703125,141.75,0.7684999704360962,simple
863,26_09_03_cell4_2_ch0,shaft,10,17,53,53.0,323.6000061035156,139.14999389648438,0.7544000148773193,simple
864,26_09_03_cell4_2_ch0,shaft,10,17,54,54.0,323.0,138.5500030517578,0.7512000203132629,simple
865,26_09_03_cell4_2_ch0,shaft,10,17,55,55.0,309.6000061035156,125.1500015258789,0.6784999966621399,simple
866,26_09_03_cell4_2_ch0,shaft,10,17,56,56.0,328.79998779296875,144.35000610351562,0.7825999855995178,simple
867,26_09_03_cell4_2_ch0,shaft,10,17,57,57.0,319.20001220703125,134.75,0.7305999994277954,simple
868,26_09_03_cell4_2_ch0,shaft,10,17,58,58.0,333.20001220703125,148.75,0.8065000176429749,simple
869,26_09_03_cell4_2_ch0,shaft,10,17,59,59.0,332.20001220703125,147.75,0.8009999990463257,simple
870,26_09_03_cell4_2_ch0,shaft,10,17,60,60.0,335.0,150.5500030517578,0.8162000179290771,simple
871,26_09_03_cell4_2_ch0,shaft,10,17,61,61.0,331.20001220703125,146.75,0.7955999970436096,simple
872,26_09_03_cell4_2_ch0,shaft,10,17,62,62.0,346.0,161.5500030517578,0.8758000135421753,simple
873,26_09_03_cell4_2_ch0,shaft,10,17,63,63.0,341.3999938964844,156.9499969482422,0.8508999943733215,simple
874,26_09_03_cell4_2_ch0,shaft,10,17,64,64.0,345.20001220703125,160.75,0.8715000152587891,simple
875,26_09_03_cell4_2_ch0,shaft,10,17,65,65.0,336.20001220703125,151.75,0.822700023651123,simple
876,26_09_03_cell4_2_ch0,shaft,10,17,66,66.0,327.20001220703125,142.75,0.7738999724388123,simple
877,26_09_03_cell4_2_ch0,shaft,10,17,67,67.0,324.3999938964844,139.9499969482422,0.7587000131607056,simple
878,26_09_03_cell4_2_ch0,shaft,10,17,68,68.0,329.79998779296875,145.35000610351562,0.7879999876022339,simple
879,26_09_03_cell4_2_ch0,shaft,10,17,69,69.0,336.6000061035156,152.14999389648438,0.8248999714851379,simple
880,26_09_03_cell4_2_ch0,shaft,10,17,70,70.0,329.20001220703125,144.75,0.7847999930381775,simple
881,26_09_03_cell4_2_ch0,shaft,10,17,71,71.0,328.6000061035156,144.14999389648438,0.781499981880188,simple
882,26_09_03_cell4_2_ch0,shaft,10,17,72,72.0,332.3999938964844,147.9499969482422,0.8021000027656555,simple
883,26_09_03_cell4_2_ch0,shaft,10,17,73,73.0,313.6000061035156,129.14999389648438,0.7002000212669373,simple
884,26_09_03_cell4_2_ch0,shaft,10,17,74,74.0,315.20001220703125,130.75,0.708899974822998,simple
885,26_09_03_cell4_2_ch0,shaft,10,17,75,75.0,317.20001220703125,132.75,0.7196999788284302,simple
886,26_09_03_cell4_2_ch0,shaft,10,17,76,76.0,348.20001220703125,163.75,0.8877999782562256,simple
887,26_09_03_cell4_2_ch0,shaft,10,17,77,77.0,321.79998779296875,137.35000610351562,0.7445999979972839,simple
888,26_09_03_cell4_2_ch0,shaft,10,17,78,78.0,324.79998779296875,140.35000610351562,0.7609000205993652,simple
889,26_09_03_cell4_2_ch0,shaft,10,17,79,79.0,313.6000061035156,129.14999389648438,0.7002000212669373,simple
890,26_09_03_cell4_2_ch0,shaft,10,17,80,80.0,312.0,127.55000305175781,0.6915000081062317,simple
891,26_09_03_cell4_2_ch0,shaft,10,17,81,81.0,313.79998779296875,129.35000610351562,0.7013000249862671,simple
892,26_09_03_cell4_2_ch0,shaft,10,17,82,82.0,304.20001220703125,119.75,0.6492000222206116,simple
893,26_09_03_cell4_2_ch0,shaft,10,17,83,83.0,306.3999938964844,121.94999694824219,0.6611999869346619,simple
894,26_09_03_cell4_2_ch0,shaft,10,17,84,84.0,302.3999938964844,117.94999694824219,0.6395000219345093,simple
895,26_09_03_cell4_2_ch0,shaft,10,17,85,85.0,309.20001220703125,124.75,0.6762999892234802,simple
896,26_09_03_cell4_2_ch0,shaft,10,17,86,86.0,313.3999938964844,128.9499969482422,0.6991000175476074,simple
897,26_09_03_cell4_2_ch0,shaft,10,17,87,87.0,305.0,120.55000305175781,0.6535999774932861,simple
898,26_09_03_cell4_2_ch0,shaft,10,17,88,88.0,280.3999938964844,95.94999694824219,0.5202000141143799,simple
899,26_09_03_cell4_2_ch0,shaft,10,17,90,89.0,279.3999938964844,94.94999694824219,0.5148000121116638,simple
900,26_09_03_cell4_2_ch0,shaft,11,70,0,0.0,405.5,14.281200408935547,0.0364999994635582,simple
901,26_09_03_cell4_2_ch0,shaft,11,70,1,1.0,394.625,3.4061999320983887,0.008700000122189522,simple
902,26_09_03_cell4_2_ch0,shaft,11,70,2,2.0,389.0,-2.2188000679016113,-0.00570000009611249,simple
903,26_09_03_cell4_2_ch0,shaft,11,70,3,3.0,375.75,-15.468799591064453,-0.039500001817941666,simple
904,26_09_03_cell4_2_ch0,shaft,11,70,4,4.0,379.125,-12.093799591064453,-0.030899999663233757,simple
905,26_09_03_cell4_2_ch0,shaft,11,70,5,5.0,366.375,-24.843799591064453,-0.06350000202655792,simple
906,26_09_03_cell4_2_ch0,shaft,11,70,6,6.0,355.125,-36.09379959106445,-0.09229999780654907,simple
907,26_09_03_cell4_2_ch0,shaft,11,70,7,7.0,362.375,-28.843799591064453,-0.07370000332593918,simple
908,26_09_03_cell4_2_ch0,shaft,11,70,8,8.0,355.75,-35.46879959106445,-0.09070000052452087,simple
909,26_09_03_cell4_2_ch0,shaft,11,70,9,9.0,348.875,-42.34379959106445,-0.10819999873638153,simple
910,26_09_03_cell4_2_ch0,shaft,11,70,10,10.0,348.75,-42.46879959106445,-0.10859999805688858,simple
911,26_09_03_cell4_2_ch0,shaft,11,70,11,11.0,347.875,-43.34379959106445,-0.11079999804496765,simple
912,26_09_03_cell4_2_ch0,shaft,11,70,12,12.0,358.5,-32.71879959106445,-0.0835999995470047,simple
913,26_09_03_cell4_2_ch0,shaft,11,70,13,13.0,370.5,-20.718799591064453,-0.05299999937415123,simple
914,26_09_03_cell4_2_ch0,shaft,11,70,14,14.0,365.625,-25.593799591064453,-0.06539999693632126,simple
915,26_09_03_cell4_2_ch0,shaft,11,70,15,15.0,370.25,-20.968799591064453,-0.053599998354911804,simple
916,26_09_03_cell4_2_ch0,shaft,11,70,16,16.0,374.75,-16.468799591064453,-0.042100001126527786,simple
917,26_09_03_cell4_2_ch0,shaft,11,70,17,17.0,378.0,-13.218799591064453,-0.033799998462200165,simple
918,26_09_03_cell4_2_ch0,shaft,11,70,18,18.0,383.5,-7.718800067901611,-0.019700000062584877,simple
919,26_09_03_cell4_2_ch0,shaft,11,70,19,19.0,382.625,-8.593799591064453,-0.02199999988079071,simple
920,26_09_03_cell4_2_ch0,shaft,11,70,20,20.0,391.5,0.28119999170303345,0.000699999975040555,simple
921,26_09_03_cell4_2_ch0,shaft,11,70,21,21.0,389.75,-1.4687999486923218,-0.003800000064074993,simple
922,26_09_03_cell4_2_ch0,shaft,11,70,22,22.0,406.625,15.406200408935547,0.039400000125169754,simple
923,26_09_03_cell4_2_ch0,shaft,11,70,23,23.0,405.5,14.281200408935547,0.0364999994635582,simple
924,26_09_03_cell4_2_ch0,shaft,11,70,24,24.0,400.875,9.656200408935547,0.024700000882148743,simple
925,26_09_03_cell4_2_ch0,shaft,11,70,25,25.0,399.75,8.531200408935547,0.021800000220537186,simple
926,26_09_03_cell4_2_ch0,shaft,11,70,26,26.0,402.375,11.156200408935547,0.02850000001490116,simple
927,26_09_03_cell4_2_ch0,shaft,11,70,27,27.0,402.375,11.156200408935547,0.02850000001490116,simple
928,26_09_03_cell4_2_ch0,shaft,11,70,28,28.0,403.875,12.656200408935547,0.03240000084042549,simple
929,26_09_03_cell4_2_ch0,shaft,11,70,29,29.0,395.875,4.656199932098389,0.011900000274181366,simple
930,26_09_03_cell4_2_ch0,shaft,11,70,30,30.0,388.875,-2.3438000679016113,-0.006000000052154064,simple
931,26_09_03_cell4_2_ch0,shaft,11,70,31,31.0,386.0,-5.218800067901611,-0.013299999758601189,simple
932,26_09_03_cell4_2_ch0,shaft,11,70,32,32.0,385.125,-6.093800067901611,-0.015599999576807022,simple
933,26_09_03_cell4_2_ch0,shaft,11,70,33,33.0,378.375,-12.843799591064453,-0.03280000016093254,simple
934,26_09_03_cell4_2_ch0,shaft,11,70,34,34.0,376.875,-14.343799591064453,-0.03669999912381172,simple
935,26_09_03_cell4_2_ch0,shaft,11,70,35,35.0,379.25,-11.968799591064453,-0.03060000017285347,simple
936,26_09_03_cell4_2_ch0,shaft,11,70,36,36.0,369.25,-21.968799591064453,-0.05620000138878822,simple
937,26_09_03_cell4_2_ch0,shaft,11,70,37,37.0,360.75,-30.468799591064453,-0.0778999999165535,simple
938,26_09_03_cell4_2_ch0,shaft,11,70,38,38.0,360.0,-31.218799591064453,-0.07980000227689743,simple
939,26_09_03_cell4_2_ch0,shaft,11,70,39,39.0,360.5,-30.718799591064453,-0.07850000262260437,simple
940,26_09_03_cell4_2_ch0,shaft,11,70,40,40.0,349.375,-41.84379959106445,-0.10700000077486038,simple
941,26_09_03_cell4_2_ch0,shaft,11,70,41,41.0,352.0,-39.21879959106445,-0.10019999742507935,simple
942,26_09_03_cell4_2_ch0,shaft,11,70,42,42.0,355.75,-35.46879959106445,-0.09070000052452087,simple
943,26_09_03_cell4_2_ch0,shaft,11,70,43,43.0,363.0,-28.218799591064453,-0.07209999859333038,simple
944,26_09_03_cell4_2_ch0,shaft,11,70,44,44.0,353.25,-37.96879959106445,-0.09709999710321426,simple
945,26_09_03_cell4_2_ch0,shaft,11,70,45,45.0,353.25,-37.96879959106445,-0.09709999710321426,simple
946,26_09_03_cell4_2_ch0,shaft,11,70,46,46.0,350.125,-41.09379959106445,-0.10499999672174454,simple
947,26_09_03_cell4_2_ch0,shaft,11,70,47,47.0,341.875,-49.34379959106445,-0.12610000371932983,simple
948,26_09_03_cell4_2_ch0,shaft,11,70,48,48.0,344.0,-47.21879959106445,-0.12070000171661377,simple
949,26_09_03_cell4_2_ch0,shaft,11,70,49,49.0,343.125,-48.09379959106445,-0.12290000170469284,simple
950,26_09_03_cell4_2_ch0,shaft,11,70,50,50.0,342.5,-48.71879959106445,-0.12449999898672104,simple
951,26_09_03_cell4_2_ch0,shaft,11,70,51,51.0,345.5,-45.71879959106445,-0.1168999969959259,simple
952,26_09_03_cell4_2_ch0,shaft,11,70,52,52.0,339.875,-51.34379959106445,-0.13120000064373016,simple
953,26_09_03_cell4_2_ch0,shaft,11,70,53,53.0,337.125,-54.09379959106445,-0.13830000162124634,simple
954,26_09_03_cell4_2_ch0,shaft,11,70,54,54.0,344.0,-47.21879959106445,-0.12070000171661377,simple
955,26_09_03_cell4_2_ch0,shaft,11,70,55,55.0,337.125,-54.09379959106445,-0.13830000162124634,simple
956,26_09_03_cell4_2_ch0,shaft,11,70,56,56.0,339.375,-51.84379959106445,-0.13249999284744263,simple
957,26_09_03_cell4_2_ch0,shaft,11,70,57,57.0,338.125,-53.09379959106445,-0.13570000231266022,simple
958,26_09_03_cell4_2_ch0,shaft,11,70,58,58.0,337.125,-54.09379959106445,-0.13830000162124634,simple
959,26_09_03_cell4_2_ch0,shaft,11,70,59,59.0,329.625,-61.59379959106445,-0.1573999971151352,simple
960,26_09_03_cell4_2_ch0,shaft,11,70,60,60.0,335.5,-55.71879959106445,-0.14239999651908875,simple
961,26_09_03_cell4_2_ch0,shaft,11,70,61,61.0,335.625,-55.59379959106445,-0.1421000063419342,simple
962,26_09_03_cell4_2_ch0,shaft,11,70,62,62.0,331.0,-60.21879959106445,-0.15389999747276306,simple
963,26_09_03_cell4_2_ch0,shaft,11,70,63,63.0,339.0,-52.21879959106445,-0.13349999487400055,simple
964,26_09_03_cell4_2_ch0,shaft,11,70,64,64.0,337.125,-54.09379959106445,-0.13830000162124634,simple
965,26_09_03_cell4_2_ch0,shaft,11,70,65,65.0,329.375,-61.84379959106445,-0.15809999406337738,simple
966,26_09_03_cell4_2_ch0,shaft,11,70,66,66.0,337.25,-53.96879959106445,-0.1379999965429306,simple
967,26_09_03_cell4_2_ch0,shaft,11,70,67,67.0,335.875,-55.34379959106445,-0.14149999618530273,simple
968,26_09_03_cell4_2_ch0,shaft,11,70,68,68.0,329.625,-61.59379959106445,-0.1573999971151352,simple
969,26_09_03_cell4_2_ch0,shaft,11,70,69,69.0,332.5,-58.71879959106445,-0.1500999927520752,simple
970,26_09_03_cell4_2_ch0,shaft,11,70,70,70.0,330.375,-60.84379959106445,-0.15549999475479126,simple
971,26_09_03_cell4_2_ch0,shaft,11,70,71,71.0,335.5,-55.71879959106445,-0.14239999651908875,simple
972,26_09_03_cell4_2_ch0,shaft,11,70,72,72.0,327.75,-63.46879959106445,-0.16220000386238098,simple
973,26_09_03_cell4_2_ch0,shaft,11,70,73,73.0,329.25,-61.96879959106445,-0.15839999914169312,simple
974,26_09_03_cell4_2_ch0,shaft,11,70,74,74.0,328.625,-62.59379959106445,-0.1599999964237213,simple
975,26_09_03_cell4_2_ch0,shaft,11,70,75,75.0,322.625,-68.59380340576172,-0.1753000020980835,simple
976,26_09_03_cell4_2_ch0,shaft,11,70,76,76.0,325.5,-65.71880340576172,-0.1679999977350235,simple
977,26_09_03_cell4_2_ch0,shaft,11,70,77,77.0,327.5,-63.71879959106445,-0.16290000081062317,simple
978,26_09_03_cell4_2_ch0,shaft,11,70,78,78.0,328.25,-62.96879959106445,-0.16099999845027924,simple
979,26_09_03_cell4_2_ch0,shaft,11,70,79,79.0,326.25,-64.96880340576172,-0.16609999537467957,simple
980,26_09_03_cell4_2_ch0,shaft,11,70,80,80.0,330.25,-60.96879959106445,-0.155799999833107,simple
981,26_09_03_cell4_2_ch0,shaft,11,70,81,81.0,325.125,-66.09380340576172,-0.1688999980688095,simple
982,26_09_03_cell4_2_ch0,shaft,11,70,82,82.0,322.25,-68.96880340576172,-0.17630000412464142,simple
983,26_09_03_cell4_2_ch0,shaft,11,70,83,83.0,321.625,-69.59380340576172,-0.17790000140666962,simple
984,26_09_03_cell4_2_ch0,shaft,11,70,84,84.0,338.5,-52.71879959106445,-0.1348000019788742,simple
985,26_09_03_cell4_2_ch0,shaft,11,70,85,85.0,328.25,-62.96879959106445,-0.16099999845027924,simple
986,26_09_03_cell4_2_ch0,shaft,11,70,86,86.0,333.625,-57.59379959106445,-0.14720000326633453,simple
987,26_09_03_cell4_2_ch0,shaft,11,70,87,87.0,337.875,-53.34379959106445,-0.1363999992609024,simple
988,26_09_03_cell4_2_ch0,shaft,11,70,88,88.0,332.0,-59.21879959106445,-0.15139999985694885,simple
989,26_09_03_cell4_2_ch0,shaft,11,70,90,89.0,348.75,-42.46879959106445,-0.10859999805688858,simple
990,26_09_03_cell4_2_ch0,shaft,12,140,0,0.0,247.60000610351562,5.849999904632568,0.02419999986886978,simple
991,26_09_03_cell4_2_ch0,shaft,12,140,1,1.0,244.39999389648438,2.6500000953674316,0.010999999940395355,simple
992,26_09_03_cell4_2_ch0,shaft,12,140,2,2.0,245.60000610351562,3.8499999046325684,0.01590000092983246,simple
993,26_09_03_cell4_2_ch0,shaft,12,140,3,3.0,229.39999389648438,-12.350000381469727,-0.051100000739097595,simple
994,26_09_03_cell4_2_ch0,shaft,12,140,4,4.0,228.8000030517578,-12.949999809265137,-0.053599998354911804,simple
995,26_09_03_cell4_2_ch0,shaft,12,140,5,5.0,233.60000610351562,-8.149999618530273,-0.03370000049471855,simple
996,26_09_03_cell4_2_ch0,shaft,12,140,6,6.0,229.39999389648438,-12.350000381469727,-0.051100000739097595,simple
997,26_09_03_cell4_2_ch0,shaft,12,140,7,7.0,232.1999969482422,-9.550000190734863,-0.039500001817941666,simple
998,26_09_03_cell4_2_ch0,shaft,12,140,8,8.0,240.60000610351562,-1.149999976158142,-0.004800000227987766,simple
999,26_09_03_cell4_2_ch0,shaft,12,140,9,9.0,247.39999389648438,5.650000095367432,0.023399999365210533,simple
1000,26_09_03_cell4_2_ch0,shaft,12,140,10,10.0,249.39999389648438,7.650000095367432,0.031599998474121094,simple
1001,26_09_03_cell4_2_ch0,shaft,12,140,11,11.0,258.3999938964844,16.649999618530273,0.06889999657869339,simple
1002,26_09_03_cell4_2_ch0,shaft,12,140,12,12.0,257.20001220703125,15.449999809265137,0.06390000134706497,simple
1003,26_09_03_cell4_2_ch0,shaft,12,140,13,13.0,278.0,36.25,0.14990000426769257,simple
1004,26_09_03_cell4_2_ch0,shaft,12,140,14,14.0,280.20001220703125,38.45000076293945,0.1589999943971634,simple
1005,26_09_03_cell4_2_ch0,shaft,12,140,15,15.0,285.20001220703125,43.45000076293945,0.17970000207424164,simple
1006,26_09_03_cell4_2_ch0,shaft,12,140,16,16.0,307.0,65.25,0.26989999413490295,simple
1007,26_09_03_cell4_2_ch0,shaft,12,140,17,17.0,307.6000061035156,65.8499984741211,0.27239999175071716,simple
1008,26_09_03_cell4_2_ch0,shaft,12,140,18,18.0,313.0,71.25,0.2946999967098236,simple
1009,26_09_03_cell4_2_ch0,shaft,12,140,19,19.0,324.79998779296875,83.05000305175781,0.3434999883174896,simple
1010,26_09_03_cell4_2_ch0,shaft,12,140,20,20.0,336.0,94.25,0.38989999890327454,simple
1011,26_09_03_cell4_2_ch0,shaft,12,140,21,21.0,339.3999938964844,97.6500015258789,0.40389999747276306,simple
1012,26_09_03_cell4_2_ch0,shaft,12,140,22,22.0,340.0,98.25,0.40639999508857727,simple
1013,26_09_03_cell4_2_ch0,shaft,12,140,23,23.0,361.0,119.25,0.4932999908924103,simple
1014,26_09_03_cell4_2_ch0,shaft,12,140,24,24.0,378.20001220703125,136.4499969482422,0.5644000172615051,simple
1015,26_09_03_cell4_2_ch0,shaft,12,140,25,25.0,386.3999938964844,144.64999389648438,0.5982999801635742,simple
1016,26_09_03_cell4_2_ch0,shaft,12,140,26,26.0,361.6000061035156,119.8499984741211,0.4957999885082245,simple
1017,26_09_03_cell4_2_ch0,shaft,12,140,27,27.0,328.6000061035156,86.8499984741211,0.35929998755455017,simple
1018,26_09_03_cell4_2_ch0,shaft,12,140,28,28.0,309.6000061035156,67.8499984741211,0.2806999981403351,simple
1019,26_09_03_cell4_2_ch0,shaft,12,140,29,29.0,303.6000061035156,61.849998474121094,0.2558000087738037,simple
1020,26_09_03_cell4_2_ch0,shaft,12,140,30,30.0,285.6000061035156,43.849998474121094,0.18140000104904175,simple
1021,26_09_03_cell4_2_ch0,shaft,12,140,31,31.0,290.20001220703125,48.45000076293945,0.2003999948501587,simple
1022,26_09_03_cell4_2_ch0,shaft,12,140,32,32.0,279.0,37.25,0.15410000085830688,simple
1023,26_09_03_cell4_2_ch0,shaft,12,140,33,33.0,276.6000061035156,34.849998474121094,0.14419999718666077,simple
1024,26_09_03_cell4_2_ch0,shaft,12,140,34,34.0,265.0,23.25,0.09619999676942825,simple
1025,26_09_03_cell4_2_ch0,shaft,12,140,35,35.0,266.0,24.25,0.10029999911785126,simple
1026,26_09_03_cell4_2_ch0,shaft,12,140,36,36.0,262.20001220703125,20.450000762939453,0.08460000157356262,simple
1027,26_09_03_cell4_2_ch0,shaft,12,140,37,37.0,261.6000061035156,19.850000381469727,0.08209999650716782,simple
1028,26_09_03_cell4_2_ch0,shaft,12,140,38,38.0,260.79998779296875,19.049999237060547,0.07880000025033951,simple
1029,26_09_03_cell4_2_ch0,shaft,12,140,39,39.0,269.6000061035156,27.850000381469727,0.1151999980211258,simple
1030,26_09_03_cell4_2_ch0,shaft,12,140,40,40.0,261.20001220703125,19.450000762939453,0.08049999922513962,simple
1031,26_09_03_cell4_2_ch0,shaft,12,140,41,41.0,262.6000061035156,20.850000381469727,0.08619999885559082,simple
1032,26_09_03_cell4_2_ch0,shaft,12,140,42,42.0,269.0,27.25,0.11270000040531158,simple
1033,26_09_03_cell4_2_ch0,shaft,12,140,43,43.0,268.20001220703125,26.450000762939453,0.10939999669790268,simple
1034,26_09_03_cell4_2_ch0,shaft,12,140,44,44.0,271.6000061035156,29.850000381469727,0.12349999696016312,simple
1035,26_09_03_cell4_2_ch0,shaft,12,140,45,45.0,260.0,18.25,0.0754999965429306,simple
1036,26_09_03_cell4_2_ch0,shaft,12,140,46,46.0,268.3999938964844,26.649999618530273,0.11020000278949738,simple
1037,26_09_03_cell4_2_ch0,shaft,12,140,47,47.0,260.0,18.25,0.0754999965429306,simple
1038,26_09_03_cell4_2_ch0,shaft,12,140,48,48.0,261.0,19.25,0.07959999889135361,simple
1039,26_09_03_cell4_2_ch0,shaft,12,140,49,49.0,249.8000030517578,8.050000190734863,0.0333000011742115,simple
1040,26_09_03_cell4_2_ch0,shaft,12,140,50,50.0,259.0,17.25,0.0714000016450882,simple
1041,26_09_03_cell4_2_ch0,shaft,12,140,51,51.0,252.60000610351562,10.850000381469727,0.04490000009536743,simple
1042,26_09_03_cell4_2_ch0,shaft,12,140,52,52.0,263.0,21.25,0.08789999783039093,simple
1043,26_09_03_cell4_2_ch0,shaft,12,140,53,53.0,253.0,11.25,0.04650000110268593,simple
1044,26_09_03_cell4_2_ch0,shaft,12,140,54,54.0,253.1999969482422,11.449999809265137,0.04740000143647194,simple
1045,26_09_03_cell4_2_ch0,shaft,12,140,55,55.0,255.0,13.25,0.05480000004172325,simple
1046,26_09_03_cell4_2_ch0,shaft,12,140,56,56.0,243.1999969482422,1.4500000476837158,0.006000000052154064,simple
1047,26_09_03_cell4_2_ch0,shaft,12,140,57,57.0,246.8000030517578,5.050000190734863,0.020899999886751175,simple
1048,26_09_03_cell4_2_ch0,shaft,12,140,58,58.0,247.1999969482422,5.449999809265137,0.02250000089406967,simple
1049,26_09_03_cell4_2_ch0,shaft,12,140,59,59.0,243.8000030517578,2.049999952316284,0.008500000461935997,simple
1050,26_09_03_cell4_2_ch0,shaft,12,140,60,60.0,241.60000610351562,-0.15000000596046448,-0.0006000000284984708,simple
1051,26_09_03_cell4_2_ch0,shaft,12,140,61,61.0,227.60000610351562,-14.149999618530273,-0.05849999934434891,simple
1052,26_09_03_cell4_2_ch0,shaft,12,140,62,62.0,240.1999969482422,-1.5499999523162842,-0.006399999838322401,simple
1053,26_09_03_cell4_2_ch0,shaft,12,140,63,63.0,248.0,6.25,0.02590000070631504,simple
1054,26_09_03_cell4_2_ch0,shaft,12,140,64,64.0,245.1999969482422,3.450000047683716,0.014299999922513962,simple
1055,26_09_03_cell4_2_ch0,shaft,12,140,65,65.0,244.60000610351562,2.8499999046325684,0.011800000444054604,simple
1056,26_09_03_cell4_2_ch0,shaft,12,140,66,66.0,249.1999969482422,7.449999809265137,0.030799999833106995,simple
1057,26_09_03_cell4_2_ch0,shaft,12,140,67,67.0,244.1999969482422,2.450000047683716,0.010099999606609344,simple
1058,26_09_03_cell4_2_ch0,shaft,12,140,68,68.0,245.39999389648438,3.6500000953674316,0.01510000042617321,simple
1059,26_09_03_cell4_2_ch0,shaft,12,140,69,69.0,239.39999389648438,-2.3499999046325684,-0.009700000286102295,simple
1060,26_09_03_cell4_2_ch0,shaft,12,140,70,70.0,234.60000610351562,-7.150000095367432,-0.029600000008940697,simple
1061,26_09_03_cell4_2_ch0,shaft,12,140,71,71.0,231.8000030517578,-9.949999809265137,-0.041200000792741776,simple
1062,26_09_03_cell4_2_ch0,shaft,12,140,72,72.0,221.60000610351562,-20.149999618530273,-0.08340000361204147,simple
1063,26_09_03_cell4_2_ch0,shaft,12,140,73,73.0,229.0,-12.75,-0.05270000174641609,simple
1064,26_09_03_cell4_2_ch0,shaft,12,140,74,74.0,230.0,-11.75,-0.04859999939799309,simple
1065,26_09_03_cell4_2_ch0,shaft,12,140,75,75.0,238.0,-3.75,-0.01549999974668026,simple
1066,26_09_03_cell4_2_ch0,shaft,12,140,76,76.0,226.1999969482422,-15.550000190734863,-0.06430000066757202,simple
1067,26_09_03_cell4_2_ch0,shaft,12,140,77,77.0,229.60000610351562,-12.149999618530273,-0.0502999983727932,simple
1068,26_09_03_cell4_2_ch0,shaft,12,140,78,78.0,235.60000610351562,-6.150000095367432,-0.02539999969303608,simple
1069,26_09_03_cell4_2_ch0,shaft,12,140,79,79.0,233.8000030517578,-7.949999809265137,-0.03290000185370445,simple
1070,26_09_03_cell4_2_ch0,shaft,12,140,80,80.0,227.39999389648438,-14.350000381469727,-0.05939999967813492,simple
1071,26_09_03_cell4_2_ch0,shaft,12,140,81,81.0,222.0,-19.75,-0.08169999718666077,simple
1072,26_09_03_cell4_2_ch0,shaft,12,140,82,82.0,223.39999389648438,-18.350000381469727,-0.07590000331401825,simple
1073,26_09_03_cell4_2_ch0,shaft,12,140,83,83.0,221.60000610351562,-20.149999618530273,-0.08340000361204147,simple
1074,26_09_03_cell4_2_ch0,shaft,12,140,84,84.0,222.1999969482422,-19.549999237060547,-0.08089999854564667,simple
1075,26_09_03_cell4_2_ch0,shaft,12,140,85,85.0,226.1999969482422,-15.550000190734863,-0.06430000066757202,simple
1076,26_09_03_cell4_2_ch0,shaft,12,140,86,86.0,213.8000030517578,-27.950000762939453,-0.11559999734163284,simple
1077,26_09_03_cell4_2_ch0,shaft,12,140,87,87.0,207.60000610351562,-34.150001525878906,-0.1412999927997589,simple
1078,26_09_03_cell4_2_ch0,shaft,12,140,88,88.0,203.39999389648438,-38.349998474121094,-0.15860000252723694,simple
1079,26_09_03_cell4_2_ch0,shaft,12,140,90,89.0,209.60000610351562,-32.150001525878906,-0.13300000131130219,simple
1080,26_09_03_cell4_2_ch0,shaft,1,513,0,0.0,474.506591796875,15.326399803161621,0.0333000011742115,dietrich
1081,26_09_03_cell4_2_ch0,shaft,1,513,1,1.0,464.368408203125,5.1880998611450195,0.011300000362098217,dietrich
1082,26_09_03_cell4_2_ch0,shaft,1,513,2,2.0,464.934814453125,5.754499912261963,0.01269999984651804,dietrich
1083,26_09_03_cell4_2_ch0,shaft,1,513,3,3.0,459.593994140625,0.4138000011444092,0.0008999999845400453,dietrich
1084,26_09_03_cell4_2_ch0,shaft,1,513,4,4.0,440.4836120605469,-18.69659996032715,-0.041600000113248825,dietrich
1085,26_09_03_cell4_2_ch0,shaft,1,513,5,5.0,446.4905090332031,-12.68970012664795,-0.0284000001847744,dietrich
1086,26_09_03_cell4_2_ch0,shaft,1,513,6,6.0,444.8758850097656,-14.304300308227539,-0.032099999487400055,dietrich
1087,26_09_03_cell4_2_ch0,shaft,1,513,7,7.0,452.6506042480469,-6.529600143432617,-0.014700000174343586,dietrich
1088,26_09_03_cell4_2_ch0,shaft,1,513,8,8.0,477.0747985839844,17.89459991455078,0.0406000018119812,dietrich
1089,26_09_03_cell4_2_ch0,shaft,1,513,9,9.0,451.908203125,-7.271999835968018,-0.016599999740719795,dietrich
1090,26_09_03_cell4_2_ch0,shaft,1,513,10,10.0,463.1597900390625,3.979599952697754,0.009100000374019146,dietrich
1091,26_09_03_cell4_2_ch0,shaft,1,513,11,11.0,474.9634094238281,15.783100128173828,0.03629999980330467,dietrich
1092,26_09_03_cell4_2_ch0,shaft,1,513,12,12.0,489.5768127441406,30.3966007232666,0.07010000199079514,dietrich
1093,26_09_03_cell4_2_ch0,shaft,1,513,13,13.0,511.00799560546875,51.82780075073242,0.11999999731779099,dietrich
1094,26_09_03_cell4_2_ch0,shaft,1,513,14,14.0,495.7637939453125,36.58359909057617,0.08500000089406967,dietrich
1095,26_09_03_cell4_2_ch0,shaft,1,513,15,15.0,523.7260131835938,64.5457992553711,0.15060000121593475,dietrich
1096,26_09_03_cell4_2_ch0,shaft,1,513,16,16.0,524.02587890625,64.84559631347656,0.15189999341964722,dietrich
1097,26_09_03_cell4_2_ch0,shaft,1,513,17,17.0,527.7940063476562,68.61380004882812,0.16130000352859497,dietrich
1098,26_09_03_cell4_2_ch0,shaft,1,513,18,18.0,510.2860107421875,51.10580062866211,0.12049999833106995,dietrich
1099,26_09_03_cell4_2_ch0,shaft,1,513,19,19.0,536.756591796875,77.57640075683594,0.18359999358654022,dietrich
1100,26_09_03_cell4_2_ch0,shaft,1,513,20,20.0,529.9605712890625,70.7802963256836,0.1680999994277954,dietrich
1101,26_09_03_cell4_2_ch0,shaft,1,513,21,21.0,526.9017944335938,67.72160339355469,0.16140000522136688,dietrich
1102,26_09_03_cell4_2_ch0,shaft,1,513,22,22.0,525.584228515625,66.40399932861328,0.15880000591278076,dietrich
1103,26_09_03_cell4_2_ch0,shaft,1,513,23,23.0,514.63623046875,55.45600128173828,0.1331000030040741,dietrich
1104,26_09_03_cell4_2_ch0,shaft,1,513,24,24.0,520.0609741210938,60.880699157714844,0.14659999310970306,dietrich
1105,26_09_03_cell4_2_ch0,shaft,1,513,25,25.0,509.7361145019531,50.55590057373047,0.12210000306367874,dietrich
1106,26_09_03_cell4_2_ch0,shaft,1,513,26,26.0,501.6640930175781,42.4838981628418,0.10300000011920929,dietrich
1107,26_09_03_cell4_2_ch0,shaft,1,513,27,27.0,516.5972290039062,57.416900634765625,0.1396999955177307,dietrich
1108,26_09_03_cell4_2_ch0,shaft,1,513,28,28.0,500.4119873046875,41.2318000793457,0.1006999984383583,dietrich
1109,26_09_03_cell4_2_ch0,shaft,1,513,29,29.0,510.1101989746094,50.93000030517578,0.12479999661445618,dietrich
1110,26_09_03_cell4_2_ch0,shaft,1,513,30,30.0,502.5679931640625,43.38779830932617,0.10670000314712524,dietrich
1111,26_09_03_cell4_2_ch0,shaft,1,513,31,31.0,497.2865905761719,38.10639953613281,0.09399999678134918,dietrich
1112,26_09_03_cell4_2_ch0,shaft,1,513,32,32.0,483.8916015625,24.71139907836914,0.06120000034570694,dietrich
1113,26_09_03_cell4_2_ch0,shaft,1,513,33,33.0,508.1337890625,48.9536018371582,0.1216999962925911,dietrich
1114,26_09_03_cell4_2_ch0,shaft,1,513,34,34.0,504.7633056640625,45.58300018310547,0.1137000024318695,dietrich
1115,26_09_03_cell4_2_ch0,shaft,1,513,35,35.0,513.1553955078125,53.975101470947266,0.13519999384880066,dietrich
1116,26_09_03_cell4_2_ch0,shaft,1,513,36,36.0,519.6849975585938,60.50469970703125,0.15209999680519104,dietrich
1117,26_09_03_cell4_2_ch0,shaft,1,513,37,37.0,537.601806640625,78.42160034179688,0.19789999723434448,dietrich
1118,26_09_03_cell4_2_ch0,shaft,1,513,38,38.0,538.6555786132812,79.47540283203125,0.2013999968767166,dietrich
1119,26_09_03_cell4_2_ch0,shaft,1,513,39,39.0,531.4710083007812,72.29070281982422,0.18389999866485596,dietrich
1120,26_09_03_cell4_2_ch0,shaft,1,513,40,40.0,540.4219970703125,81.24169921875,0.20749999582767487,dietrich
1121,26_09_03_cell4_2_ch0,shaft,1,513,41,41.0,539.6329956054688,80.45279693603516,0.20630000531673431,dietrich
1122,26_09_03_cell4_2_ch0,shaft,1,513,42,42.0,558.8532104492188,99.67289733886719,0.2567000091075897,dietrich
1123,26_09_03_cell4_2_ch0,shaft,1,513,43,43.0,567.4564208984375,108.27619934082031,0.2800000011920929,dietrich
1124,26_09_03_cell4_2_ch0,shaft,1,513,44,44.0,575.5667724609375,116.3864974975586,0.30219998955726624,dietrich
1125,26_09_03_cell4_2_ch0,shaft,1,513,45,45.0,576.5579833984375,117.37779998779297,0.3061000108718872,dietrich
1126,26_09_03_cell4_2_ch0,shaft,1,513,46,46.0,581.6790771484375,122.4988021850586,0.3208000063896179,dietrich
1127,26_09_03_cell4_2_ch0,shaft,1,513,47,47.0,602.9287109375,143.74839782714844,0.3779999911785126,dietrich
1128,26_09_03_cell4_2_ch0,shaft,1,513,48,48.0,584.4306030273438,125.25029754638672,0.33079999685287476,dietrich
1129,26_09_03_cell4_2_ch0,shaft,1,513,49,49.0,583.6834106445312,124.5031967163086,0.3303000032901764,dietrich
1130,26_09_03_cell4_2_ch0,shaft,1,513,50,50.0,562.1859741210938,103.00579833984375,0.274399995803833,dietrich
1131,26_09_03_cell4_2_ch0,shaft,1,513,51,51.0,569.5621948242188,110.38189697265625,0.2953000068664551,dietrich
1132,26_09_03_cell4_2_ch0,shaft,1,513,52,52.0,571.9354858398438,112.75520324707031,0.30300000309944153,dietrich
1133,26_09_03_cell4_2_ch0,shaft,1,513,53,53.0,550.0548095703125,90.87460327148438,0.24529999494552612,dietrich
1134,26_09_03_cell4_2_ch0,shaft,1,513,54,54.0,549.1690063476562,89.98889923095703,0.24390000104904175,dietrich
1135,26_09_03_cell4_2_ch0,shaft,1,513,55,55.0,542.7772216796875,83.5969009399414,0.22759999334812164,dietrich
1136,26_09_03_cell4_2_ch0,shaft,1,513,56,56.0,540.1279907226562,80.94779968261719,0.22139999270439148,dietrich
1137,26_09_03_cell4_2_ch0,shaft,1,513,57,57.0,528.095703125,68.91539764404297,0.18930000066757202,dietrich
1138,26_09_03_cell4_2_ch0,shaft,1,513,58,58.0,533.9293823242188,74.74919891357422,0.2062000036239624,dietrich
1139,26_09_03_cell4_2_ch0,shaft,1,513,59,59.0,518.25341796875,59.07320022583008,0.16369999945163727,dietrich
1140,26_09_03_cell4_2_ch0,shaft,1,513,60,60.0,525.5671997070312,66.38710021972656,0.18469999730587006,dietrich
1141,26_09_03_cell4_2_ch0,shaft,1,513,61,61.0,513.6204223632812,54.44020080566406,0.15209999680519104,dietrich
1142,26_09_03_cell4_2_ch0,shaft,1,513,62,62.0,496.78759765625,37.607398986816406,0.10559999942779541,dietrich
1143,26_09_03_cell4_2_ch0,shaft,1,513,63,63.0,503.81878662109375,44.63859939575195,0.1257999986410141,dietrich
1144,26_09_03_cell4_2_ch0,shaft,1,513,64,64.0,489.5889892578125,30.408700942993164,0.08609999716281891,dietrich
1145,26_09_03_cell4_2_ch0,shaft,1,513,65,65.0,489.473388671875,30.29319953918457,0.08609999716281891,dietrich
1146,26_09_03_cell4_2_ch0,shaft,1,513,66,66.0,498.09759521484375,38.91740036010742,0.11110000312328339,dietrich
1147,26_09_03_cell4_2_ch0,shaft,1,513,67,67.0,486.46240234375,27.282100677490234,0.07819999754428864,dietrich
1148,26_09_03_cell4_2_ch0,shaft,1,513,68,68.0,469.4433898925781,10.263199806213379,0.029600000008940697,dietrich
1149,26_09_03_cell4_2_ch0,shaft,1,513,69,69.0,463.5421142578125,4.3618998527526855,0.012600000016391277,dietrich
1150,26_09_03_cell4_2_ch0,shaft,1,513,70,70.0,481.1347961425781,21.954599380493164,0.06379999965429306,dietrich
1151,26_09_03_cell4_2_ch0,shaft,1,513,71,71.0,483.72320556640625,24.542999267578125,0.07159999758005142,dietrich
1152,26_09_03_cell4_2_ch0,shaft,1,513,72,72.0,491.18438720703125,32.00419998168945,0.09380000084638596,dietrich
1153,26_09_03_cell4_2_ch0,shaft,1,513,73,73.0,501.52069091796875,42.34049987792969,0.12460000067949295,dietrich
1154,26_09_03_cell4_2_ch0,shaft,1,513,74,74.0,501.4845886230469,42.30440139770508,0.125,dietrich
1155,26_09_03_cell4_2_ch0,shaft,1,513,75,75.0,492.8291931152344,33.64889907836914,0.09989999979734421,dietrich
1156,26_09_03_cell4_2_ch0,shaft,1,513,76,76.0,483.6825866699219,24.502399444580078,0.0729999989271164,dietrich
1157,26_09_03_cell4_2_ch0,shaft,1,513,77,77.0,479.5486145019531,20.36840057373047,0.061000000685453415,dietrich
1158,26_09_03_cell4_2_ch0,shaft,1,513,78,78.0,478.18121337890625,19.000900268554688,0.057100001722574234,dietrich
1159,26_09_03_cell4_2_ch0,shaft,1,513,79,79.0,473.0846862792969,13.904500007629395,0.041999999433755875,dietrich
1160,26_09_03_cell4_2_ch0,shaft,1,513,80,80.0,479.0140075683594,19.83370018005371,0.06019999831914902,dietrich
1161,26_09_03_cell4_2_ch0,shaft,1,513,81,81.0,483.9739990234375,24.793800354003906,0.07559999823570251,dietrich
1162,26_09_03_cell4_2_ch0,shaft,1,513,82,82.0,475.5957946777344,16.41550064086914,0.0502999983727932,dietrich
1163,26_09_03_cell4_2_ch0,shaft,1,513,83,83.0,471.010009765625,11.829700469970703,0.0364999994635582,dietrich
1164,26_09_03_cell4_2_ch0,shaft,1,513,84,84.0,457.09820556640625,-2.0820000171661377,-0.006399999838322401,dietrich
1165,26_09_03_cell4_2_ch0,shaft,1,513,85,85.0,448.9924011230469,-10.187800407409668,-0.031700000166893005,dietrich
1166,26_09_03_cell4_2_ch0,shaft,1,513,86,86.0,458.32501220703125,-0.8551999926567078,-0.0027000000700354576,dietrich
1167,26_09_03_cell4_2_ch0,shaft,1,513,87,87.0,469.85400390625,10.673700332641602,0.03359999880194664,dietrich
1168,26_09_03_cell4_2_ch0,shaft,1,513,88,88.0,442.08758544921875,-17.092599868774414,-0.05420000106096268,dietrich
1169,26_09_03_cell4_2_ch0,shaft,1,513,90,89.0,459.0347900390625,-0.1454000025987625,-0.0005000000237487257,dietrich
1170,26_09_03_cell4_2_ch0,shaft,2,218,0,0.0,345.2023010253906,13.90939998626709,0.04179999977350235,dietrich
1171,26_09_03_cell4_2_ch0,shaft,2,218,1,1.0,326.897705078125,-4.395100116729736,-0.013299999758601189,dietrich
1172,26_09_03_cell4_2_ch0,shaft,2,218,2,2.0,335.4671936035156,4.1743998527526855,0.012799999676644802,dietrich
1173,26_09_03_cell4_2_ch0,shaft,2,218,3,3.0,335.8370056152344,4.544099807739258,0.014000000432133675,dietrich
1174,26_09_03_cell4_2_ch0,shaft,2,218,4,4.0,331.13140869140625,-0.1615000069141388,-0.0005000000237487257,dietrich
1175,26_09_03_cell4_2_ch0,shaft,2,218,5,5.0,313.173095703125,-18.119800567626953,-0.05649999901652336,dietrich
1176,26_09_03_cell4_2_ch0,shaft,2,218,6,6.0,324.783203125,-6.509699821472168,-0.020400000736117363,dietrich
1177,26_09_03_cell4_2_ch0,shaft,2,218,7,7.0,327.781005859375,-3.5118000507354736,-0.011099999770522118,dietrich
1178,26_09_03_cell4_2_ch0,shaft,2,218,8,8.0,317.4845886230469,-13.808199882507324,-0.043800000101327896,dietrich
1179,26_09_03_cell4_2_ch0,shaft,2,218,9,9.0,305.7102966308594,-25.582599639892578,-0.08160000294446945,dietrich
1180,26_09_03_cell4_2_ch0,shaft,2,218,10,10.0,316.17279052734375,-15.119999885559082,-0.04839999973773956,dietrich
1181,26_09_03_cell4_2_ch0,shaft,2,218,11,11.0,316.6860046386719,-14.606900215148926,-0.04699999839067459,dietrich
1182,26_09_03_cell4_2_ch0,shaft,2,218,12,12.0,333.8616943359375,2.5687999725341797,0.008299999870359898,dietrich
1183,26_09_03_cell4_2_ch0,shaft,2,218,13,13.0,366.41070556640625,35.11790084838867,0.11410000175237656,dietrich
1184,26_09_03_cell4_2_ch0,shaft,2,218,14,14.0,375.2427978515625,43.95000076293945,0.14350000023841858,dietrich
1185,26_09_03_cell4_2_ch0,shaft,2,218,15,15.0,382.9661865234375,51.67340087890625,0.16949999332427979,dietrich
1186,26_09_03_cell4_2_ch0,shaft,2,218,16,16.0,400.48809814453125,69.19519805908203,0.2281000018119812,dietrich
1187,26_09_03_cell4_2_ch0,shaft,2,218,17,17.0,396.9143981933594,65.62159729003906,0.21729999780654907,dietrich
1188,26_09_03_cell4_2_ch0,shaft,2,218,18,18.0,392.9501953125,61.65739822387695,0.20520000159740448,dietrich
1189,26_09_03_cell4_2_ch0,shaft,2,218,19,19.0,380.8992919921875,49.60649871826172,0.16590000689029694,dietrich
1190,26_09_03_cell4_2_ch0,shaft,2,218,20,20.0,365.9646911621094,34.67179870605469,0.11649999767541885,dietrich
1191,26_09_03_cell4_2_ch0,shaft,2,218,21,21.0,353.848388671875,22.555599212646484,0.07620000094175339,dietrich
1192,26_09_03_cell4_2_ch0,shaft,2,218,22,22.0,351.151611328125,19.858699798583984,0.0674000009894371,dietrich
1193,26_09_03_cell4_2_ch0,shaft,2,218,23,23.0,354.2744140625,22.98150062561035,0.07840000092983246,dietrich
1194,26_09_03_cell4_2_ch0,shaft,2,218,24,24.0,339.4164123535156,8.123499870300293,0.027899999171495438,dietrich
1195,26_09_03_cell4_2_ch0,shaft,2,218,25,25.0,328.4762878417969,-2.8166000843048096,-0.009700000286102295,dietrich
1196,26_09_03_cell4_2_ch0,shaft,2,218,26,26.0,319.05218505859375,-12.240599632263184,-0.042399998754262924,dietrich
1197,26_09_03_cell4_2_ch0,shaft,2,218,27,27.0,335.84149169921875,4.548699855804443,0.01590000092983246,dietrich
1198,26_09_03_cell4_2_ch0,shaft,2,218,28,28.0,330.9410095214844,-0.35179999470710754,-0.0012000000569969416,dietrich
1199,26_09_03_cell4_2_ch0,shaft,2,218,29,29.0,327.84698486328125,-3.4458000659942627,-0.01209999993443489,dietrich
1200,26_09_03_cell4_2_ch0,shaft,2,218,30,30.0,330.8551940917969,-0.4377000033855438,-0.0015999999595806003,dietrich
1201,26_09_03_cell4_2_ch0,shaft,2,218,31,31.0,311.86090087890625,-19.43199920654297,-0.06930000334978104,dietrich
1202,26_09_03_cell4_2_ch0,shaft,2,218,32,32.0,300.0589904785156,-31.23390007019043,-0.1120000034570694,dietrich
1203,26_09_03_cell4_2_ch0,shaft,2,218,33,33.0,290.4440002441406,-40.848899841308594,-0.14730000495910645,dietrich
1204,26_09_03_cell4_2_ch0,shaft,2,218,34,34.0,293.710205078125,-37.582698822021484,-0.1362999975681305,dietrich
1205,26_09_03_cell4_2_ch0,shaft,2,218,35,35.0,288.8514099121094,-42.44139862060547,-0.15479999780654907,dietrich
1206,26_09_03_cell4_2_ch0,shaft,2,218,36,36.0,298.6615905761719,-32.63119888305664,-0.11969999969005585,dietrich
1207,26_09_03_cell4_2_ch0,shaft,2,218,37,37.0,300.23419189453125,-31.0585994720459,-0.1145000010728836,dietrich
1208,26_09_03_cell4_2_ch0,shaft,2,218,38,38.0,297.2626953125,-34.03020095825195,-0.12620000541210175,dietrich
1209,26_09_03_cell4_2_ch0,shaft,2,218,39,39.0,326.0404052734375,-5.252399921417236,-0.019600000232458115,dietrich
1210,26_09_03_cell4_2_ch0,shaft,2,218,40,40.0,333.4607849121094,2.1679999828338623,0.008100000210106373,dietrich
1211,26_09_03_cell4_2_ch0,shaft,2,218,41,41.0,324.81719970703125,-6.4756999015808105,-0.024399999529123306,dietrich
1212,26_09_03_cell4_2_ch0,shaft,2,218,42,42.0,347.8030090332031,16.51020050048828,0.06239999830722809,dietrich
1213,26_09_03_cell4_2_ch0,shaft,2,218,43,43.0,361.9118957519531,30.61910057067871,0.11620000004768372,dietrich
1214,26_09_03_cell4_2_ch0,shaft,2,218,44,44.0,348.53759765625,17.244800567626953,0.065700002014637,dietrich
1215,26_09_03_cell4_2_ch0,shaft,2,218,45,45.0,353.0740051269531,21.781200408935547,0.08330000191926956,dietrich
1216,26_09_03_cell4_2_ch0,shaft,2,218,46,46.0,331.0154113769531,-0.2775000035762787,-0.0010999999940395355,dietrich
1217,26_09_03_cell4_2_ch0,shaft,2,218,47,47.0,342.7561950683594,11.463399887084961,0.04410000145435333,dietrich
1218,26_09_03_cell4_2_ch0,shaft,2,218,48,48.0,335.09149169921875,3.7987000942230225,0.014600000344216824,dietrich
1219,26_09_03_cell4_2_ch0,shaft,2,218,49,49.0,332.41650390625,1.1236000061035156,0.00430000014603138,dietrich
1220,26_09_03_cell4_2_ch0,shaft,2,218,50,50.0,326.2268981933594,-5.065999984741211,-0.019600000232458115,dietrich
1221,26_09_03_cell4_2_ch0,shaft,2,218,51,51.0,319.618896484375,-11.67389965057373,-0.04520000144839287,dietrich
1222,26_09_03_cell4_2_ch0,shaft,2,218,52,52.0,320.68951416015625,-10.603300094604492,-0.041099999099969864,dietrich
1223,26_09_03_cell4_2_ch0,shaft,2,218,53,53.0,325.83599853515625,-5.4567999839782715,-0.021199999377131462,dietrich
1224,26_09_03_cell4_2_ch0,shaft,2,218,54,54.0,315.4565124511719,-15.836400032043457,-0.061400000005960464,dietrich
1225,26_09_03_cell4_2_ch0,shaft,2,218,55,55.0,311.849609375,-19.443199157714844,-0.07530000060796738,dietrich
1226,26_09_03_cell4_2_ch0,shaft,2,218,56,56.0,323.614990234375,-7.677800178527832,-0.02969999983906746,dietrich
1227,26_09_03_cell4_2_ch0,shaft,2,218,57,57.0,312.6528015136719,-18.639999389648438,-0.07199999690055847,dietrich
1228,26_09_03_cell4_2_ch0,shaft,2,218,58,58.0,322.46429443359375,-8.82859992980957,-0.03400000184774399,dietrich
1229,26_09_03_cell4_2_ch0,shaft,2,218,59,59.0,315.9512939453125,-15.34160041809082,-0.05900000035762787,dietrich
1230,26_09_03_cell4_2_ch0,shaft,2,218,60,60.0,321.1169128417969,-10.175999641418457,-0.039000000804662704,dietrich
1231,26_09_03_cell4_2_ch0,shaft,2,218,61,61.0,318.764892578125,-12.527899742126465,-0.04780000075697899,dietrich
1232,26_09_03_cell4_2_ch0,shaft,2,218,62,62.0,329.400390625,-1.8925000429153442,-0.007199999876320362,dietrich
1233,26_09_03_cell4_2_ch0,shaft,2,218,63,63.0,344.5292053222656,13.23639965057373,0.05009999871253967,dietrich
1234,26_09_03_cell4_2_ch0,shaft,2,218,64,64.0,344.2586975097656,12.965900421142578,0.04879999905824661,dietrich
1235,26_09_03_cell4_2_ch0,shaft,2,218,65,65.0,352.8970947265625,21.60420036315918,0.08089999854564667,dietrich
1236,26_09_03_cell4_2_ch0,shaft,2,218,66,66.0,363.85400390625,32.561100006103516,0.12129999697208405,dietrich
1237,26_09_03_cell4_2_ch0,shaft,2,218,67,67.0,365.54010009765625,34.24720001220703,0.12690000236034393,dietrich
1238,26_09_03_cell4_2_ch0,shaft,2,218,68,68.0,351.86761474609375,20.57469940185547,0.07580000162124634,dietrich
1239,26_09_03_cell4_2_ch0,shaft,2,218,69,69.0,339.75,8.457200050354004,0.03099999949336052,dietrich
1240,26_09_03_cell4_2_ch0,shaft,2,218,70,70.0,331.102294921875,-0.19059999287128448,-0.000699999975040555,dietrich
1241,26_09_03_cell4_2_ch0,shaft,2,218,71,71.0,344.64080810546875,13.347900390625,0.04830000177025795,dietrich
1242,26_09_03_cell4_2_ch0,shaft,2,218,72,72.0,325.7832946777344,-5.5096001625061035,-0.01979999989271164,dietrich
1243,26_09_03_cell4_2_ch0,shaft,2,218,73,73.0,332.3493957519531,1.05649995803833,0.003800000064074993,dietrich
1244,26_09_03_cell4_2_ch0,shaft,2,218,74,74.0,345.6600036621094,14.36709976196289,0.051100000739097595,dietrich
1245,26_09_03_cell4_2_ch0,shaft,2,218,75,75.0,332.5378112792969,1.2450000047683716,0.004399999976158142,dietrich
1246,26_09_03_cell4_2_ch0,shaft,2,218,76,76.0,334.40728759765625,3.114500045776367,0.010999999940395355,dietrich
1247,26_09_03_cell4_2_ch0,shaft,2,218,77,77.0,327.6946105957031,-3.5982000827789307,-0.012600000016391277,dietrich
1248,26_09_03_cell4_2_ch0,shaft,2,218,78,78.0,310.6275939941406,-20.665199279785156,-0.07209999859333038,dietrich
1249,26_09_03_cell4_2_ch0,shaft,2,218,79,79.0,307.9361877441406,-23.356700897216797,-0.0812000036239624,dietrich
1250,26_09_03_cell4_2_ch0,shaft,2,218,80,80.0,308.3518981933594,-22.94099998474121,-0.0794999971985817,dietrich
1251,26_09_03_cell4_2_ch0,shaft,2,218,81,81.0,313.1083984375,-18.184499740600586,-0.06289999932050705,dietrich
1252,26_09_03_cell4_2_ch0,shaft,2,218,82,82.0,312.2413024902344,-19.05150032043457,-0.06589999794960022,dietrich
1253,26_09_03_cell4_2_ch0,shaft,2,218,83,83.0,319.9883117675781,-11.30459976196289,-0.03909999877214432,dietrich
1254,26_09_03_cell4_2_ch0,shaft,2,218,84,84.0,333.989013671875,2.696199893951416,0.00930000003427267,dietrich
1255,26_09_03_cell4_2_ch0,shaft,2,218,85,85.0,324.0852966308594,-7.207499980926514,-0.02500000037252903,dietrich
1256,26_09_03_cell4_2_ch0,shaft,2,218,86,86.0,334.12139892578125,2.8285000324249268,0.00989999994635582,dietrich
1257,26_09_03_cell4_2_ch0,shaft,2,218,87,87.0,328.34320068359375,-2.9495999813079834,-0.010300000198185444,dietrich
1258,26_09_03_cell4_2_ch0,shaft,2,218,88,88.0,347.099609375,15.806699752807617,0.05590000003576279,dietrich
1259,26_09_03_cell4_2_ch0,shaft,2,218,90,89.0,344.9411926269531,13.648300170898438,0.04879999905824661,dietrich
1260,26_09_03_cell4_2_ch0,shaft,3,190,0,0.0,140.185302734375,-7.483799934387207,-0.050700001418590546,dietrich
1261,26_09_03_cell4_2_ch0,shaft,3,190,1,1.0,134.0146942138672,-13.654399871826172,-0.09239999949932098,dietrich
1262,26_09_03_cell4_2_ch0,shaft,3,190,2,2.0,127.71510314941406,-19.95400047302246,-0.1347000002861023,dietrich
1263,26_09_03_cell4_2_ch0,shaft,3,190,3,3.0,140.8813018798828,-6.787799835205078,-0.04569999873638153,dietrich
1264,26_09_03_cell4_2_ch0,shaft,3,190,4,4.0,170.10830688476562,22.43910026550293,0.1509999930858612,dietrich
1265,26_09_03_cell4_2_ch0,shaft,3,190,5,5.0,190.19140625,42.52220153808594,0.28600001335144043,dietrich
1266,26_09_03_cell4_2_ch0,shaft,3,190,6,6.0,211.7259979248047,64.05690002441406,0.43070000410079956,dietrich
1267,26_09_03_cell4_2_ch0,shaft,3,190,7,7.0,197.30810546875,49.63890075683594,0.3337000012397766,dietrich
1268,26_09_03_cell4_2_ch0,shaft,3,190,8,8.0,206.73330688476562,59.06420135498047,0.3971000015735626,dietrich
1269,26_09_03_cell4_2_ch0,shaft,3,190,9,9.0,217.19790649414062,69.52880096435547,0.4677000045776367,dietrich
1270,26_09_03_cell4_2_ch0,shaft,3,190,10,10.0,219.898193359375,72.2291030883789,0.4862000048160553,dietrich
1271,26_09_03_cell4_2_ch0,shaft,3,190,11,11.0,226.43060302734375,78.7614974975586,0.5306000113487244,dietrich
1272,26_09_03_cell4_2_ch0,shaft,3,190,12,12.0,265.5920104980469,117.92289733886719,0.7953000068664551,dietrich
1273,26_09_03_cell4_2_ch0,shaft,3,190,13,13.0,293.7792053222656,146.110107421875,0.9865999817848206,dietrich
1274,26_09_03_cell4_2_ch0,shaft,3,190,14,14.0,292.7892150878906,145.1199951171875,0.9812999963760376,dietrich
1275,26_09_03_cell4_2_ch0,shaft,3,190,15,15.0,306.8192138671875,159.1501007080078,1.0779000520706177,dietrich
1276,26_09_03_cell4_2_ch0,shaft,3,190,16,16.0,314.4668884277344,166.7978057861328,1.131600022315979,dietrich
1277,26_09_03_cell4_2_ch0,shaft,3,190,17,17.0,310.9295959472656,163.260498046875,1.1095999479293823,dietrich
1278,26_09_03_cell4_2_ch0,shaft,3,190,18,18.0,318.2052001953125,170.53610229492188,1.1612000465393066,dietrich
1279,26_09_03_cell4_2_ch0,shaft,3,190,19,19.0,326.29150390625,178.62240600585938,1.2186000347137451,dietrich
1280,26_09_03_cell4_2_ch0,shaft,3,190,20,20.0,327.5867004394531,179.91749572753906,1.2299000024795532,dietrich
1281,26_09_03_cell4_2_ch0,shaft,3,190,21,21.0,312.6888122558594,165.0196990966797,1.1303999423980713,dietrich
1282,26_09_03_cell4_2_ch0,shaft,3,190,22,22.0,308.1962890625,160.52720642089844,1.1019999980926514,dietrich
1283,26_09_03_cell4_2_ch0,shaft,3,190,23,23.0,300.1076965332031,152.4385986328125,1.048699975013733,dietrich
1284,26_09_03_cell4_2_ch0,shaft,3,190,24,24.0,283.6214904785156,135.952392578125,0.9373000264167786,dietrich
1285,26_09_03_cell4_2_ch0,shaft,3,190,25,25.0,283.33660888671875,135.6674041748047,0.9373999834060669,dietrich
1286,26_09_03_cell4_2_ch0,shaft,3,190,26,26.0,290.251708984375,142.5825958251953,0.9872999787330627,dietrich
1287,26_09_03_cell4_2_ch0,shaft,3,190,27,27.0,288.3659973144531,140.69679260253906,0.9764000177383423,dietrich
1288,26_09_03_cell4_2_ch0,shaft,3,190,28,28.0,272.4783935546875,124.8093032836914,0.8679999709129333,dietrich
1289,26_09_03_cell4_2_ch0,shaft,3,190,29,29.0,263.7882995605469,116.11920166015625,0.8093000054359436,dietrich
1290,26_09_03_cell4_2_ch0,shaft,3,190,30,30.0,258.8949890136719,111.22589874267578,0.7768999934196472,dietrich
1291,26_09_03_cell4_2_ch0,shaft,3,190,31,31.0,270.1979064941406,122.52880096435547,0.8575999736785889,dietrich
1292,26_09_03_cell4_2_ch0,shaft,3,190,32,32.0,252.89649963378906,105.22740173339844,0.738099992275238,dietrich
1293,26_09_03_cell4_2_ch0,shaft,3,190,33,33.0,257.7904052734375,110.12129974365234,0.7739999890327454,dietrich
1294,26_09_03_cell4_2_ch0,shaft,3,190,34,34.0,260.0794982910156,112.4103012084961,0.791700005531311,dietrich
1295,26_09_03_cell4_2_ch0,shaft,3,190,35,35.0,240.96339416503906,93.29419708251953,0.6583999991416931,dietrich
1296,26_09_03_cell4_2_ch0,shaft,3,190,36,36.0,207.64199829101562,59.972900390625,0.42410001158714294,dietrich
1297,26_09_03_cell4_2_ch0,shaft,3,190,37,37.0,203.71530151367188,56.046199798583984,0.3971000015735626,dietrich
1298,26_09_03_cell4_2_ch0,shaft,3,190,38,38.0,181.78329467773438,34.114200592041016,0.24210000038146973,dietrich
1299,26_09_03_cell4_2_ch0,shaft,3,190,39,39.0,174.84620666503906,27.177000045776367,0.19329999387264252,dietrich
1300,26_09_03_cell4_2_ch0,shaft,3,190,40,40.0,163.50390625,15.834799766540527,0.1128000020980835,dietrich
1301,26_09_03_cell4_2_ch0,shaft,3,190,41,41.0,159.75680541992188,12.087699890136719,0.08630000054836273,dietrich
1302,26_09_03_cell4_2_ch0,shaft,3,190,42,42.0,142.20509338378906,-5.464000225067139,-0.03909999877214432,dietrich
1303,26_09_03_cell4_2_ch0,shaft,3,190,43,43.0,144.6490936279297,-3.0199999809265137,-0.02160000056028366,dietrich
1304,26_09_03_cell4_2_ch0,shaft,3,190,44,44.0,153.68919372558594,6.020100116729736,0.04320000112056732,dietrich
1305,26_09_03_cell4_2_ch0,shaft,3,190,45,45.0,134.92559814453125,-12.743499755859375,-0.09160000085830688,dietrich
1306,26_09_03_cell4_2_ch0,shaft,3,190,46,46.0,134.5590057373047,-13.110199928283691,-0.09440000355243683,dietrich
1307,26_09_03_cell4_2_ch0,shaft,3,190,47,47.0,140.7895050048828,-6.8796000480651855,-0.04960000142455101,dietrich
1308,26_09_03_cell4_2_ch0,shaft,3,190,48,48.0,124.81780242919922,-22.851299285888672,-0.16500000655651093,dietrich
1309,26_09_03_cell4_2_ch0,shaft,3,190,49,49.0,119.64440155029297,-28.024799346923828,-0.20270000398159027,dietrich
1310,26_09_03_cell4_2_ch0,shaft,3,190,50,50.0,124.86959838867188,-22.79949951171875,-0.16519999504089355,dietrich
1311,26_09_03_cell4_2_ch0,shaft,3,190,51,51.0,127.69409942626953,-19.975000381469727,-0.14499999582767487,dietrich
1312,26_09_03_cell4_2_ch0,shaft,3,190,52,52.0,139.91839599609375,-7.750699996948242,-0.056299999356269836,dietrich
1313,26_09_03_cell4_2_ch0,shaft,3,190,53,53.0,132.1428985595703,-15.526200294494629,-0.11309999972581863,dietrich
1314,26_09_03_cell4_2_ch0,shaft,3,190,54,54.0,126.96820068359375,-20.700899124145508,-0.1509999930858612,dietrich
1315,26_09_03_cell4_2_ch0,shaft,3,190,55,55.0,133.5948028564453,-14.074399948120117,-0.10279999673366547,dietrich
1316,26_09_03_cell4_2_ch0,shaft,3,190,56,56.0,133.6230926513672,-14.045999526977539,-0.10279999673366547,dietrich
1317,26_09_03_cell4_2_ch0,shaft,3,190,57,57.0,137.45370483398438,-10.215399742126465,-0.07490000128746033,dietrich
1318,26_09_03_cell4_2_ch0,shaft,3,190,58,58.0,136.08700561523438,-11.582099914550781,-0.08500000089406967,dietrich
1319,26_09_03_cell4_2_ch0,shaft,3,190,59,59.0,136.72340393066406,-10.945699691772461,-0.08049999922513962,dietrich
1320,26_09_03_cell4_2_ch0,shaft,3,190,60,60.0,145.36329650878906,-2.305799961090088,-0.017000000923871994,dietrich
1321,26_09_03_cell4_2_ch0,shaft,3,190,61,61.0,147.80709838867188,0.1379999965429306,0.0010000000474974513,dietrich
1322,26_09_03_cell4_2_ch0,shaft,3,190,62,62.0,147.0550994873047,-0.6140000224113464,-0.0044999998062849045,dietrich
1323,26_09_03_cell4_2_ch0,shaft,3,190,63,63.0,133.70750427246094,-13.961600303649902,-0.10339999943971634,dietrich
1324,26_09_03_cell4_2_ch0,shaft,3,190,64,64.0,127.16459655761719,-20.504499435424805,-0.15219999849796295,dietrich
1325,26_09_03_cell4_2_ch0,shaft,3,190,65,65.0,128.62660217285156,-19.042600631713867,-0.14159999787807465,dietrich
1326,26_09_03_cell4_2_ch0,shaft,3,190,66,66.0,129.89349365234375,-17.775699615478516,-0.13249999284744263,dietrich
1327,26_09_03_cell4_2_ch0,shaft,3,190,67,67.0,136.36529541015625,-11.303799629211426,-0.0843999981880188,dietrich
1328,26_09_03_cell4_2_ch0,shaft,3,190,68,68.0,139.64219665527344,-8.026900291442871,-0.060100000351667404,dietrich
1329,26_09_03_cell4_2_ch0,shaft,3,190,69,69.0,133.9239044189453,-13.745200157165527,-0.1031000018119812,dietrich
1330,26_09_03_cell4_2_ch0,shaft,3,190,70,70.0,130.21029663085938,-17.458799362182617,-0.13120000064373016,dietrich
1331,26_09_03_cell4_2_ch0,shaft,3,190,71,71.0,130.9011993408203,-16.767900466918945,-0.12630000710487366,dietrich
1332,26_09_03_cell4_2_ch0,shaft,3,190,72,72.0,128.99620056152344,-18.67300033569336,-0.14100000262260437,dietrich
1333,26_09_03_cell4_2_ch0,shaft,3,190,73,73.0,123.2947998046875,-24.374300003051758,-0.18440000712871552,dietrich
1334,26_09_03_cell4_2_ch0,shaft,3,190,74,74.0,120.39649963378906,-27.272600173950195,-0.20679999887943268,dietrich
1335,26_09_03_cell4_2_ch0,shaft,3,190,75,75.0,132.90069580078125,-14.768400192260742,-0.11219999939203262,dietrich
1336,26_09_03_cell4_2_ch0,shaft,3,190,76,76.0,134.20669555664062,-13.462400436401367,-0.10260000079870224,dietrich
1337,26_09_03_cell4_2_ch0,shaft,3,190,77,77.0,132.71359252929688,-14.955499649047852,-0.11420000344514847,dietrich
1338,26_09_03_cell4_2_ch0,shaft,3,190,78,78.0,137.02049255371094,-10.648599624633789,-0.08150000125169754,dietrich
1339,26_09_03_cell4_2_ch0,shaft,3,190,79,79.0,140.12620544433594,-7.542900085449219,-0.05790000036358833,dietrich
1340,26_09_03_cell4_2_ch0,shaft,3,190,80,80.0,139.6295928955078,-8.03950023651123,-0.061799999326467514,dietrich
1341,26_09_03_cell4_2_ch0,shaft,3,190,81,81.0,140.12930297851562,-7.53980016708374,-0.05810000002384186,dietrich
1342,26_09_03_cell4_2_ch0,shaft,3,190,82,82.0,134.8238983154297,-12.845199584960938,-0.09920000284910202,dietrich
1343,26_09_03_cell4_2_ch0,shaft,3,190,83,83.0,148.91180419921875,1.2425999641418457,0.009600000455975533,dietrich
1344,26_09_03_cell4_2_ch0,shaft,3,190,84,84.0,143.19119262695312,-4.478000164031982,-0.034699998795986176,dietrich
1345,26_09_03_cell4_2_ch0,shaft,3,190,85,85.0,144.6602020263672,-3.0088999271392822,-0.023399999365210533,dietrich
1346,26_09_03_cell4_2_ch0,shaft,3,190,86,86.0,144.5167999267578,-3.1522998809814453,-0.02459999918937683,dietrich
1347,26_09_03_cell4_2_ch0,shaft,3,190,87,87.0,154.55880737304688,6.889699935913086,0.05380000174045563,dietrich
1348,26_09_03_cell4_2_ch0,shaft,3,190,88,88.0,151.78379821777344,4.114699840545654,0.03220000118017197,dietrich
1349,26_09_03_cell4_2_ch0,shaft,3,190,90,89.0,145.5894012451172,-2.0797998905181885,-0.016300000250339508,dietrich
1350,26_09_03_cell4_2_ch0,shaft,4,175,0,0.0,651.4595947265625,18.749300003051758,0.029500000178813934,dietrich
1351,26_09_03_cell4_2_ch0,shaft,4,175,1,1.0,640.0903930664062,7.380000114440918,0.011699999682605267,dietrich
1352,26_09_03_cell4_2_ch0,shaft,4,175,2,2.0,641.380615234375,8.67020034790039,0.013899999670684338,dietrich
1353,26_09_03_cell4_2_ch0,shaft,4,175,3,3.0,620.1472778320312,-12.56309986114502,-0.0203000009059906,dietrich
1354,26_09_03_cell4_2_ch0,shaft,4,175,4,4.0,625.256591796875,-7.453800201416016,-0.01209999993443489,dietrich
1355,26_09_03_cell4_2_ch0,shaft,4,175,5,5.0,622.8743896484375,-9.836099624633789,-0.016100000590085983,dietrich
1356,26_09_03_cell4_2_ch0,shaft,4,175,6,6.0,626.2152099609375,-6.495100021362305,-0.010700000450015068,dietrich
1357,26_09_03_cell4_2_ch0,shaft,4,175,7,7.0,626.6939697265625,-6.01639986038208,-0.009999999776482582,dietrich
1358,26_09_03_cell4_2_ch0,shaft,4,175,8,8.0,614.2742919921875,-18.436100006103516,-0.030700000002980232,dietrich
1359,26_09_03_cell4_2_ch0,shaft,4,175,9,9.0,614.3693237304688,-18.341100692749023,-0.030799999833106995,dietrich
1360,26_09_03_cell4_2_ch0,shaft,4,175,10,10.0,613.341796875,-19.368499755859375,-0.03269999846816063,dietrich
1361,26_09_03_cell4_2_ch0,shaft,4,175,11,11.0,598.8538208007812,-33.85660171508789,-0.05739999935030937,dietrich
1362,26_09_03_cell4_2_ch0,shaft,4,175,12,12.0,602.2669067382812,-30.443500518798828,-0.051899999380111694,dietrich
1363,26_09_03_cell4_2_ch0,shaft,4,175,13,13.0,627.5919799804688,-5.118299961090088,-0.008799999952316284,dietrich
1364,26_09_03_cell4_2_ch0,shaft,4,175,14,14.0,627.789794921875,-4.9207000732421875,-0.008500000461935997,dietrich
1365,26_09_03_cell4_2_ch0,shaft,4,175,15,15.0,634.77001953125,2.0596001148223877,0.003599999938160181,dietrich
1366,26_09_03_cell4_2_ch0,shaft,4,175,16,16.0,633.2421875,0.5317999720573425,0.0008999999845400453,dietrich
1367,26_09_03_cell4_2_ch0,shaft,4,175,17,17.0,624.515380859375,-8.194899559020996,-0.014299999922513962,dietrich
1368,26_09_03_cell4_2_ch0,shaft,4,175,18,18.0,633.5482177734375,0.8378000259399414,0.001500000013038516,dietrich
1369,26_09_03_cell4_2_ch0,shaft,4,175,19,19.0,620.0484008789062,-12.661999702453613,-0.022299999371170998,dietrich
1370,26_09_03_cell4_2_ch0,shaft,4,175,20,20.0,617.0238037109375,-15.686599731445312,-0.027699999511241913,dietrich
1371,26_09_03_cell4_2_ch0,shaft,4,175,21,21.0,622.3316040039062,-10.378800392150879,-0.018400000408291817,dietrich
1372,26_09_03_cell4_2_ch0,shaft,4,175,22,22.0,613.2283935546875,-19.482099533081055,-0.03460000082850456,dietrich
1373,26_09_03_cell4_2_ch0,shaft,4,175,23,23.0,633.12060546875,0.41019999980926514,0.000699999975040555,dietrich
1374,26_09_03_cell4_2_ch0,shaft,4,175,24,24.0,642.1640014648438,9.45359992980957,0.016899999231100082,dietrich
1375,26_09_03_cell4_2_ch0,shaft,4,175,25,25.0,640.2142944335938,7.503900051116943,0.013500000350177288,dietrich
1376,26_09_03_cell4_2_ch0,shaft,4,175,26,26.0,652.4766235351562,19.766199111938477,0.035599999129772186,dietrich
1377,26_09_03_cell4_2_ch0,shaft,4,175,27,27.0,645.8057861328125,13.09529972076416,0.02370000071823597,dietrich
1378,26_09_03_cell4_2_ch0,shaft,4,175,28,28.0,632.3060913085938,-0.4043000042438507,-0.000699999975040555,dietrich
1379,26_09_03_cell4_2_ch0,shaft,4,175,29,29.0,647.1317749023438,14.42140007019043,0.02630000002682209,dietrich
1380,26_09_03_cell4_2_ch0,shaft,4,175,30,30.0,627.9367065429688,-4.77370023727417,-0.008700000122189522,dietrich
1381,26_09_03_cell4_2_ch0,shaft,4,175,31,31.0,627.4241943359375,-5.286300182342529,-0.009700000286102295,dietrich
1382,26_09_03_cell4_2_ch0,shaft,4,175,32,32.0,622.1473999023438,-10.562999725341797,-0.01940000057220459,dietrich
1383,26_09_03_cell4_2_ch0,shaft,4,175,33,33.0,604.0593872070312,-28.651100158691406,-0.052799999713897705,dietrich
1384,26_09_03_cell4_2_ch0,shaft,4,175,34,34.0,627.1124877929688,-5.597899913787842,-0.010400000028312206,dietrich
1385,26_09_03_cell4_2_ch0,shaft,4,175,35,35.0,622.9091796875,-9.80109977722168,-0.018200000748038292,dietrich
1386,26_09_03_cell4_2_ch0,shaft,4,175,36,36.0,622.7515869140625,-9.958700180053711,-0.01850000023841858,dietrich
1387,26_09_03_cell4_2_ch0,shaft,4,175,37,37.0,620.9415893554688,-11.768899917602539,-0.02199999988079071,dietrich
1388,26_09_03_cell4_2_ch0,shaft,4,175,38,38.0,627.130615234375,-5.579800128936768,-0.010400000028312206,dietrich
1389,26_09_03_cell4_2_ch0,shaft,4,175,39,39.0,623.3701171875,-9.340299606323242,-0.017500000074505806,dietrich
1390,26_09_03_cell4_2_ch0,shaft,4,175,40,40.0,626.161376953125,-6.548999786376953,-0.012299999594688416,dietrich
1391,26_09_03_cell4_2_ch0,shaft,4,175,41,41.0,634.3554077148438,1.6449999809265137,0.003100000089034438,dietrich
1392,26_09_03_cell4_2_ch0,shaft,4,175,42,42.0,636.4530029296875,3.7425999641418457,0.0071000000461936,dietrich
1393,26_09_03_cell4_2_ch0,shaft,4,175,43,43.0,629.0546875,-3.6556999683380127,-0.007000000216066837,dietrich
1394,26_09_03_cell4_2_ch0,shaft,4,175,44,44.0,614.5612182617188,-18.14929962158203,-0.03460000082850456,dietrich
1395,26_09_03_cell4_2_ch0,shaft,4,175,45,45.0,606.0726928710938,-26.637699127197266,-0.050999999046325684,dietrich
1396,26_09_03_cell4_2_ch0,shaft,4,175,46,46.0,616.1395874023438,-16.570899963378906,-0.03180000185966492,dietrich
1397,26_09_03_cell4_2_ch0,shaft,4,175,47,47.0,636.7619018554688,4.051499843597412,0.007799999788403511,dietrich
1398,26_09_03_cell4_2_ch0,shaft,4,175,48,48.0,631.2896118164062,-1.420799970626831,-0.0027000000700354576,dietrich
1399,26_09_03_cell4_2_ch0,shaft,4,175,49,49.0,632.522705078125,-0.18770000338554382,-0.00039999998989515007,dietrich
1400,26_09_03_cell4_2_ch0,shaft,4,175,50,50.0,617.2109985351562,-15.499300003051758,-0.03020000085234642,dietrich
1401,26_09_03_cell4_2_ch0,shaft,4,175,51,51.0,618.904296875,-13.806099891662598,-0.027000000700354576,dietrich
1402,26_09_03_cell4_2_ch0,shaft,4,175,52,52.0,625.452392578125,-7.257999897003174,-0.0142000000923872,dietrich
1403,26_09_03_cell4_2_ch0,shaft,4,175,53,53.0,629.7548217773438,-2.955699920654297,-0.005799999926239252,dietrich
1404,26_09_03_cell4_2_ch0,shaft,4,175,54,54.0,630.461181640625,-2.2492001056671143,-0.004399999976158142,dietrich
1405,26_09_03_cell4_2_ch0,shaft,4,175,55,55.0,617.6712036132812,-15.039199829101562,-0.02979999966919422,dietrich
1406,26_09_03_cell4_2_ch0,shaft,4,175,56,56.0,625.1845092773438,-7.525899887084961,-0.014999999664723873,dietrich
1407,26_09_03_cell4_2_ch0,shaft,4,175,57,57.0,625.6007080078125,-7.1097002029418945,-0.0142000000923872,dietrich
1408,26_09_03_cell4_2_ch0,shaft,4,175,58,58.0,623.0195922851562,-9.690899848937988,-0.01940000057220459,dietrich
1409,26_09_03_cell4_2_ch0,shaft,4,175,59,59.0,627.2905883789062,-5.419899940490723,-0.010900000110268593,dietrich
1410,26_09_03_cell4_2_ch0,shaft,4,175,60,60.0,624.763427734375,-7.947000026702881,-0.01600000075995922,dietrich
1411,26_09_03_cell4_2_ch0,shaft,4,175,61,61.0,627.9879760742188,-4.722400188446045,-0.009600000455975533,dietrich
1412,26_09_03_cell4_2_ch0,shaft,4,175,62,62.0,625.7642211914062,-6.946199893951416,-0.014100000262260437,dietrich
1413,26_09_03_cell4_2_ch0,shaft,4,175,63,63.0,626.8419189453125,-5.868500232696533,-0.012000000104308128,dietrich
1414,26_09_03_cell4_2_ch0,shaft,4,175,64,64.0,643.27099609375,10.560700416564941,0.02160000056028366,dietrich
1415,26_09_03_cell4_2_ch0,shaft,4,175,65,65.0,636.6517944335938,3.941499948501587,0.008100000210106373,dietrich
1416,26_09_03_cell4_2_ch0,shaft,4,175,66,66.0,629.2844848632812,-3.4258999824523926,-0.0071000000461936,dietrich
1417,26_09_03_cell4_2_ch0,shaft,4,175,67,67.0,633.7694091796875,1.059000015258789,0.002199999988079071,dietrich
1418,26_09_03_cell4_2_ch0,shaft,4,175,68,68.0,626.5570068359375,-6.15339994430542,-0.012799999676644802,dietrich
1419,26_09_03_cell4_2_ch0,shaft,4,175,69,69.0,630.3480224609375,-2.3624000549316406,-0.004900000058114529,dietrich
1420,26_09_03_cell4_2_ch0,shaft,4,175,70,70.0,634.6431884765625,1.932800054550171,0.004000000189989805,dietrich
1421,26_09_03_cell4_2_ch0,shaft,4,175,71,71.0,651.7435913085938,19.033300399780273,0.03999999910593033,dietrich
1422,26_09_03_cell4_2_ch0,shaft,4,175,72,72.0,629.8005981445312,-2.9098000526428223,-0.006099999882280827,dietrich
1423,26_09_03_cell4_2_ch0,shaft,4,175,73,73.0,641.1154174804688,8.404999732971191,0.017799999564886093,dietrich
1424,26_09_03_cell4_2_ch0,shaft,4,175,74,74.0,641.6395874023438,8.929200172424316,0.01899999938905239,dietrich
1425,26_09_03_cell4_2_ch0,shaft,4,175,75,75.0,649.9249877929688,17.21470069885254,0.03669999912381172,dietrich
1426,26_09_03_cell4_2_ch0,shaft,4,175,76,76.0,642.2739868164062,9.563599586486816,0.020500000566244125,dietrich
1427,26_09_03_cell4_2_ch0,shaft,4,175,77,77.0,636.5386962890625,3.8282999992370605,0.008200000040233135,dietrich
1428,26_09_03_cell4_2_ch0,shaft,4,175,78,78.0,633.6217041015625,0.911300003528595,0.0020000000949949026,dietrich
1429,26_09_03_cell4_2_ch0,shaft,4,175,79,79.0,642.8759765625,10.165599822998047,0.02199999988079071,dietrich
1430,26_09_03_cell4_2_ch0,shaft,4,175,80,80.0,629.7545776367188,-2.9558000564575195,-0.006399999838322401,dietrich
1431,26_09_03_cell4_2_ch0,shaft,4,175,81,81.0,633.8112182617188,1.1007000207901,0.002400000113993883,dietrich
1432,26_09_03_cell4_2_ch0,shaft,4,175,82,82.0,629.0994262695312,-3.6110999584198,-0.007899999618530273,dietrich
1433,26_09_03_cell4_2_ch0,shaft,4,175,83,83.0,633.123291015625,0.41290000081062317,0.0008999999845400453,dietrich
1434,26_09_03_cell4_2_ch0,shaft,4,175,84,84.0,625.3375244140625,-7.372799873352051,-0.016300000250339508,dietrich
1435,26_09_03_cell4_2_ch0,shaft,4,175,85,85.0,626.8967895507812,-5.813600063323975,-0.012900000438094139,dietrich
1436,26_09_03_cell4_2_ch0,shaft,4,175,86,86.0,627.056396484375,-5.654099941253662,-0.012600000016391277,dietrich
1437,26_09_03_cell4_2_ch0,shaft,4,175,87,87.0,628.0715942382812,-4.638800144195557,-0.010400000028312206,dietrich
1438,26_09_03_cell4_2_ch0,shaft,4,175,88,88.0,629.298583984375,-3.411799907684326,-0.007699999958276749,dietrich
1439,26_09_03_cell4_2_ch0,shaft,4,175,90,89.0,632.8936157226562,0.18320000171661377,0.00039999998989515007,dietrich
1440,26_09_03_cell4_2_ch0,shaft,5,175,0,0.0,381.4761962890625,11.76550006866455,0.031700000166893005,dietrich
1441,26_09_03_cell4_2_ch0,shaft,5,175,1,1.0,354.9237976074219,-14.78689956665039,-0.04010000079870224,dietrich
1442,26_09_03_cell4_2_ch0,shaft,5,175,2,2.0,367.4288024902344,-2.2820000648498535,-0.006200000178068876,dietrich
1443,26_09_03_cell4_2_ch0,shaft,5,175,3,3.0,363.8023986816406,-5.908299922943115,-0.016200000420212746,dietrich
1444,26_09_03_cell4_2_ch0,shaft,5,175,4,4.0,369.4554138183594,-0.25519999861717224,-0.000699999975040555,dietrich
1445,26_09_03_cell4_2_ch0,shaft,5,175,5,5.0,369.3981018066406,-0.3125999867916107,-0.0008999999845400453,dietrich
1446,26_09_03_cell4_2_ch0,shaft,5,175,6,6.0,370.2401123046875,0.5293999910354614,0.001500000013038516,dietrich
1447,26_09_03_cell4_2_ch0,shaft,5,175,7,7.0,368.19049072265625,-1.5202000141143799,-0.00419999985024333,dietrich
1448,26_09_03_cell4_2_ch0,shaft,5,175,8,8.0,365.2582092285156,-4.452499866485596,-0.012400000356137753,dietrich
1449,26_09_03_cell4_2_ch0,shaft,5,175,9,9.0,387.8511962890625,18.140499114990234,0.050599999725818634,dietrich
1450,26_09_03_cell4_2_ch0,shaft,5,175,10,10.0,370.3774108886719,0.666700005531311,0.0019000000320374966,dietrich
1451,26_09_03_cell4_2_ch0,shaft,5,175,11,11.0,324.2439880371094,-45.46670150756836,-0.1274999976158142,dietrich
1452,26_09_03_cell4_2_ch0,shaft,5,175,12,12.0,340.0578918457031,-29.652799606323242,-0.08340000361204147,dietrich
1453,26_09_03_cell4_2_ch0,shaft,5,175,13,13.0,372.0256042480469,2.3148999214172363,0.006500000134110451,dietrich
1454,26_09_03_cell4_2_ch0,shaft,5,175,14,14.0,362.15301513671875,-7.557600021362305,-0.021299999207258224,dietrich
1455,26_09_03_cell4_2_ch0,shaft,5,175,15,15.0,376.84588623046875,7.135200023651123,0.02019999921321869,dietrich
1456,26_09_03_cell4_2_ch0,shaft,5,175,16,16.0,355.3092956542969,-14.401399612426758,-0.040800001472234726,dietrich
1457,26_09_03_cell4_2_ch0,shaft,5,175,17,17.0,354.947998046875,-14.76259994506836,-0.04190000146627426,dietrich
1458,26_09_03_cell4_2_ch0,shaft,5,175,18,18.0,359.36669921875,-10.343999862670898,-0.029400000348687172,dietrich
1459,26_09_03_cell4_2_ch0,shaft,5,175,19,19.0,358.369384765625,-11.341300010681152,-0.03229999914765358,dietrich
1460,26_09_03_cell4_2_ch0,shaft,5,175,20,20.0,326.3597106933594,-43.35100173950195,-0.12370000034570694,dietrich
1461,26_09_03_cell4_2_ch0,shaft,5,175,21,21.0,336.9411926269531,-32.76940155029297,-0.09369999915361404,dietrich
1462,26_09_03_cell4_2_ch0,shaft,5,175,22,22.0,351.5169982910156,-18.193700790405273,-0.05209999904036522,dietrich
1463,26_09_03_cell4_2_ch0,shaft,5,175,23,23.0,350.6897888183594,-19.02090072631836,-0.05460000038146973,dietrich
1464,26_09_03_cell4_2_ch0,shaft,5,175,24,24.0,352.8620910644531,-16.848600387573242,-0.04839999973773956,dietrich
1465,26_09_03_cell4_2_ch0,shaft,5,175,25,25.0,351.03619384765625,-18.67449951171875,-0.053700000047683716,dietrich
1466,26_09_03_cell4_2_ch0,shaft,5,175,26,26.0,347.6138000488281,-22.096799850463867,-0.06369999796152115,dietrich
1467,26_09_03_cell4_2_ch0,shaft,5,175,27,27.0,350.39691162109375,-19.313800811767578,-0.055799998342990875,dietrich
1468,26_09_03_cell4_2_ch0,shaft,5,175,28,28.0,337.9866943359375,-31.724000930786133,-0.09179999679327011,dietrich
1469,26_09_03_cell4_2_ch0,shaft,5,175,29,29.0,352.18438720703125,-17.52630043029785,-0.05079999938607216,dietrich
1470,26_09_03_cell4_2_ch0,shaft,5,175,30,30.0,352.5909118652344,-17.119800567626953,-0.04969999939203262,dietrich
1471,26_09_03_cell4_2_ch0,shaft,5,175,31,31.0,359.4070129394531,-10.303600311279297,-0.029999999329447746,dietrich
1472,26_09_03_cell4_2_ch0,shaft,5,175,32,32.0,341.0332946777344,-28.677400588989258,-0.08349999785423279,dietrich
1473,26_09_03_cell4_2_ch0,shaft,5,175,33,33.0,355.6700134277344,-14.040599822998047,-0.04100000113248825,dietrich
1474,26_09_03_cell4_2_ch0,shaft,5,175,34,34.0,352.3174133300781,-17.393299102783203,-0.05090000107884407,dietrich
1475,26_09_03_cell4_2_ch0,shaft,5,175,35,35.0,358.5752868652344,-11.13539981842041,-0.032600000500679016,dietrich
1476,26_09_03_cell4_2_ch0,shaft,5,175,36,36.0,374.6437072753906,4.933000087738037,0.014499999582767487,dietrich
1477,26_09_03_cell4_2_ch0,shaft,5,175,37,37.0,370.1221923828125,0.4115000069141388,0.0012000000569969416,dietrich
1478,26_09_03_cell4_2_ch0,shaft,5,175,38,38.0,370.8103942871094,1.0996999740600586,0.0031999999191612005,dietrich
1479,26_09_03_cell4_2_ch0,shaft,5,175,39,39.0,360.9078063964844,-8.802900314331055,-0.026000000536441803,dietrich
1480,26_09_03_cell4_2_ch0,shaft,5,175,40,40.0,373.2135009765625,3.5027999877929688,0.010400000028312206,dietrich
1481,26_09_03_cell4_2_ch0,shaft,5,175,41,41.0,373.3269958496094,3.616300106048584,0.010700000450015068,dietrich
1482,26_09_03_cell4_2_ch0,shaft,5,175,42,42.0,366.0473937988281,-3.663300037384033,-0.010900000110268593,dietrich
1483,26_09_03_cell4_2_ch0,shaft,5,175,43,43.0,363.1736145019531,-6.5370001792907715,-0.019500000402331352,dietrich
1484,26_09_03_cell4_2_ch0,shaft,5,175,44,44.0,358.10479736328125,-11.605899810791016,-0.03460000082850456,dietrich
1485,26_09_03_cell4_2_ch0,shaft,5,175,45,45.0,354.44000244140625,-15.27079963684082,-0.04569999873638153,dietrich
1486,26_09_03_cell4_2_ch0,shaft,5,175,46,46.0,349.5779113769531,-20.13279914855957,-0.06040000170469284,dietrich
1487,26_09_03_cell4_2_ch0,shaft,5,175,47,47.0,358.11761474609375,-11.593099594116211,-0.03480000048875809,dietrich
1488,26_09_03_cell4_2_ch0,shaft,5,175,48,48.0,348.65789794921875,-21.052799224853516,-0.06340000033378601,dietrich
1489,26_09_03_cell4_2_ch0,shaft,5,175,49,49.0,328.79779052734375,-40.912899017333984,-0.12349999696016312,dietrich
1490,26_09_03_cell4_2_ch0,shaft,5,175,50,50.0,340.1361083984375,-29.574600219726562,-0.08950000256299973,dietrich
1491,26_09_03_cell4_2_ch0,shaft,5,175,51,51.0,349.4718017578125,-20.23889923095703,-0.061400000005960464,dietrich
1492,26_09_03_cell4_2_ch0,shaft,5,175,52,52.0,341.40380859375,-28.306900024414062,-0.0860000029206276,dietrich
1493,26_09_03_cell4_2_ch0,shaft,5,175,53,53.0,339.33099365234375,-30.379600524902344,-0.0925000011920929,dietrich
1494,26_09_03_cell4_2_ch0,shaft,5,175,54,54.0,345.05279541015625,-24.657899856567383,-0.07530000060796738,dietrich
1495,26_09_03_cell4_2_ch0,shaft,5,175,55,55.0,341.1679992675781,-28.542699813842773,-0.08730000257492065,dietrich
1496,26_09_03_cell4_2_ch0,shaft,5,175,56,56.0,359.07598876953125,-10.634599685668945,-0.032600000500679016,dietrich
1497,26_09_03_cell4_2_ch0,shaft,5,175,57,57.0,357.17620849609375,-12.534500122070312,-0.03849999979138374,dietrich
1498,26_09_03_cell4_2_ch0,shaft,5,175,58,58.0,368.46771240234375,-1.2430000305175781,-0.003800000064074993,dietrich
1499,26_09_03_cell4_2_ch0,shaft,5,175,59,59.0,361.9502868652344,-7.76039981842041,-0.023900000378489494,dietrich
1500,26_09_03_cell4_2_ch0,shaft,5,175,60,60.0,377.0235900878906,7.312900066375732,0.022600000724196434,dietrich
1501,26_09_03_cell4_2_ch0,shaft,5,175,61,61.0,350.88739013671875,-18.823299407958984,-0.05829999968409538,dietrich
1502,26_09_03_cell4_2_ch0,shaft,5,175,62,62.0,359.34161376953125,-10.369000434875488,-0.03220000118017197,dietrich
1503,26_09_03_cell4_2_ch0,shaft,5,175,63,63.0,339.3865051269531,-30.324199676513672,-0.09430000185966492,dietrich
1504,26_09_03_cell4_2_ch0,shaft,5,175,64,64.0,354.0223083496094,-15.688400268554688,-0.048900000751018524,dietrich
1505,26_09_03_cell4_2_ch0,shaft,5,175,65,65.0,351.2493896484375,-18.461299896240234,-0.0575999990105629,dietrich
1506,26_09_03_cell4_2_ch0,shaft,5,175,66,66.0,350.46868896484375,-19.242000579833984,-0.06019999831914902,dietrich
1507,26_09_03_cell4_2_ch0,shaft,5,175,67,67.0,338.6809997558594,-31.029699325561523,-0.09730000048875809,dietrich
1508,26_09_03_cell4_2_ch0,shaft,5,175,68,68.0,356.08740234375,-13.623299598693848,-0.04280000180006027,dietrich
1509,26_09_03_cell4_2_ch0,shaft,5,175,69,69.0,362.08929443359375,-7.621399879455566,-0.024000000208616257,dietrich
1510,26_09_03_cell4_2_ch0,shaft,5,175,70,70.0,350.8883972167969,-18.82229995727539,-0.059300001710653305,dietrich
1511,26_09_03_cell4_2_ch0,shaft,5,175,71,71.0,361.2864990234375,-8.424200057983398,-0.026599999517202377,dietrich
1512,26_09_03_cell4_2_ch0,shaft,5,175,72,72.0,353.88580322265625,-15.824899673461914,-0.05009999871253967,dietrich
1513,26_09_03_cell4_2_ch0,shaft,5,175,73,73.0,360.8887023925781,-8.821999549865723,-0.02800000086426735,dietrich
1514,26_09_03_cell4_2_ch0,shaft,5,175,74,74.0,357.2980041503906,-12.412699699401855,-0.039400000125169754,dietrich
1515,26_09_03_cell4_2_ch0,shaft,5,175,75,75.0,346.5166931152344,-23.194000244140625,-0.0737999975681305,dietrich
1516,26_09_03_cell4_2_ch0,shaft,5,175,76,76.0,342.7481994628906,-26.962600708007812,-0.0860000029206276,dietrich
1517,26_09_03_cell4_2_ch0,shaft,5,175,77,77.0,358.1960144042969,-11.514599800109863,-0.03680000081658363,dietrich
1518,26_09_03_cell4_2_ch0,shaft,5,175,78,78.0,366.2644958496094,-3.446199893951416,-0.010999999940395355,dietrich
1519,26_09_03_cell4_2_ch0,shaft,5,175,79,79.0,354.9578857421875,-14.752799987792969,-0.04740000143647194,dietrich
1520,26_09_03_cell4_2_ch0,shaft,5,175,80,80.0,358.8810119628906,-10.829700469970703,-0.03480000048875809,dietrich
1521,26_09_03_cell4_2_ch0,shaft,5,175,81,81.0,355.2388000488281,-14.471799850463867,-0.04670000076293945,dietrich
1522,26_09_03_cell4_2_ch0,shaft,5,175,82,82.0,357.83709716796875,-11.873600006103516,-0.03840000182390213,dietrich
1523,26_09_03_cell4_2_ch0,shaft,5,175,83,83.0,364.8817138671875,-4.828999996185303,-0.015699999406933784,dietrich
1524,26_09_03_cell4_2_ch0,shaft,5,175,84,84.0,370.3789978027344,0.6682999730110168,0.002199999988079071,dietrich
1525,26_09_03_cell4_2_ch0,shaft,5,175,85,85.0,375.335693359375,5.625,0.018300000578165054,dietrich
1526,26_09_03_cell4_2_ch0,shaft,5,175,86,86.0,356.7591857910156,-12.951499938964844,-0.042399998754262924,dietrich
1527,26_09_03_cell4_2_ch0,shaft,5,175,87,87.0,367.0570068359375,-2.653700113296509,-0.008700000122189522,dietrich
1528,26_09_03_cell4_2_ch0,shaft,5,175,88,88.0,377.6372985839844,7.926599979400635,0.026100000366568565,dietrich
1529,26_09_03_cell4_2_ch0,shaft,5,175,90,89.0,367.5086975097656,-2.2019999027252197,-0.007300000172108412,dietrich
1530,26_09_03_cell4_2_ch0,shaft,6,316,0,0.0,791.5684204101562,30.879199981689453,0.04039999842643738,dietrich
1531,26_09_03_cell4_2_ch0,shaft,6,316,1,1.0,780.4317016601562,19.74250030517578,0.026100000366568565,dietrich
1532,26_09_03_cell4_2_ch0,shaft,6,316,2,2.0,752.8991088867188,-7.79010009765625,-0.010400000028312206,dietrich
1533,26_09_03_cell4_2_ch0,shaft,6,316,3,3.0,758.21337890625,-2.475800037384033,-0.0032999999821186066,dietrich
1534,26_09_03_cell4_2_ch0,shaft,6,316,4,4.0,744.0158081054688,-16.67340087890625,-0.02239999920129776,dietrich
1535,26_09_03_cell4_2_ch0,shaft,6,316,5,5.0,729.5452880859375,-31.14389991760254,-0.042100001126527786,dietrich
1536,26_09_03_cell4_2_ch0,shaft,6,316,6,6.0,754.439208984375,-6.25,-0.008500000461935997,dietrich
1537,26_09_03_cell4_2_ch0,shaft,6,316,7,7.0,754.533203125,-6.156000137329102,-0.00839999970048666,dietrich
1538,26_09_03_cell4_2_ch0,shaft,6,316,8,8.0,745.8610229492188,-14.828200340270996,-0.0203000009059906,dietrich
1539,26_09_03_cell4_2_ch0,shaft,6,316,9,9.0,746.8549194335938,-13.83430004119873,-0.01899999938905239,dietrich
1540,26_09_03_cell4_2_ch0,shaft,6,316,10,10.0,753.7453002929688,-6.943900108337402,-0.009600000455975533,dietrich
1541,26_09_03_cell4_2_ch0,shaft,6,316,11,11.0,766.361083984375,5.671899795532227,0.007799999788403511,dietrich
1542,26_09_03_cell4_2_ch0,shaft,6,316,12,12.0,749.5294799804688,-11.159700393676758,-0.01549999974668026,dietrich
1543,26_09_03_cell4_2_ch0,shaft,6,316,13,13.0,777.6763916015625,16.987199783325195,0.023600000888109207,dietrich
1544,26_09_03_cell4_2_ch0,shaft,6,316,14,14.0,759.0260009765625,-1.6633000373840332,-0.002300000051036477,dietrich
1545,26_09_03_cell4_2_ch0,shaft,6,316,15,15.0,765.2009887695312,4.5117998123168945,0.006300000008195639,dietrich
1546,26_09_03_cell4_2_ch0,shaft,6,316,16,16.0,777.6229858398438,16.933799743652344,0.023600000888109207,dietrich
1547,26_09_03_cell4_2_ch0,shaft,6,316,17,17.0,796.7116088867188,36.022499084472656,0.0502999983727932,dietrich
1548,26_09_03_cell4_2_ch0,shaft,6,316,18,18.0,793.2860107421875,32.5968017578125,0.045499999076128006,dietrich
1549,26_09_03_cell4_2_ch0,shaft,6,316,19,19.0,807.7631225585938,47.07389831542969,0.0658000037074089,dietrich
1550,26_09_03_cell4_2_ch0,shaft,6,316,20,20.0,802.7592163085938,42.06999969482422,0.058800000697374344,dietrich
1551,26_09_03_cell4_2_ch0,shaft,6,316,21,21.0,823.489013671875,62.79990005493164,0.08780000358819962,dietrich
1552,26_09_03_cell4_2_ch0,shaft,6,316,22,22.0,822.7664184570312,62.07720184326172,0.0869000032544136,dietrich
1553,26_09_03_cell4_2_ch0,shaft,6,316,23,23.0,795.40380859375,34.714500427246094,0.04859999939799309,dietrich
1554,26_09_03_cell4_2_ch0,shaft,6,316,24,24.0,819.4124145507812,58.723201751708984,0.08219999819993973,dietrich
1555,26_09_03_cell4_2_ch0,shaft,6,316,25,25.0,803.8027954101562,43.11360168457031,0.06040000170469284,dietrich
1556,26_09_03_cell4_2_ch0,shaft,6,316,26,26.0,798.784423828125,38.09519958496094,0.05339999869465828,dietrich
1557,26_09_03_cell4_2_ch0,shaft,6,316,27,27.0,799.7651977539062,39.07600021362305,0.05469999834895134,dietrich
1558,26_09_03_cell4_2_ch0,shaft,6,316,28,28.0,770.1528930664062,9.463700294494629,0.013299999758601189,dietrich
1559,26_09_03_cell4_2_ch0,shaft,6,316,29,29.0,764.7537231445312,4.064499855041504,0.00570000009611249,dietrich
1560,26_09_03_cell4_2_ch0,shaft,6,316,30,30.0,775.973388671875,15.284099578857422,0.021400000900030136,dietrich
1561,26_09_03_cell4_2_ch0,shaft,6,316,31,31.0,783.4163818359375,22.72719955444336,0.03189999982714653,dietrich
1562,26_09_03_cell4_2_ch0,shaft,6,316,32,32.0,765.2869873046875,4.597799777984619,0.006500000134110451,dietrich
1563,26_09_03_cell4_2_ch0,shaft,6,316,33,33.0,766.1882934570312,5.499100208282471,0.007699999958276749,dietrich
1564,26_09_03_cell4_2_ch0,shaft,6,316,34,34.0,759.3228149414062,-1.3665000200271606,-0.0019000000320374966,dietrich
1565,26_09_03_cell4_2_ch0,shaft,6,316,35,35.0,754.2921752929688,-6.396999835968018,-0.008999999612569809,dietrich
1566,26_09_03_cell4_2_ch0,shaft,6,316,36,36.0,756.297607421875,-4.391600131988525,-0.006200000178068876,dietrich
1567,26_09_03_cell4_2_ch0,shaft,6,316,37,37.0,749.7398071289062,-10.94950008392334,-0.015399999916553497,dietrich
1568,26_09_03_cell4_2_ch0,shaft,6,316,38,38.0,759.0186157226562,-1.670699954032898,-0.002400000113993883,dietrich
1569,26_09_03_cell4_2_ch0,shaft,6,316,39,39.0,752.9334106445312,-7.75570011138916,-0.010900000110268593,dietrich
1570,26_09_03_cell4_2_ch0,shaft,6,316,40,40.0,758.4835205078125,-2.205699920654297,-0.003100000089034438,dietrich
1571,26_09_03_cell4_2_ch0,shaft,6,316,41,41.0,742.4672241210938,-18.222000122070312,-0.025699999183416367,dietrich
1572,26_09_03_cell4_2_ch0,shaft,6,316,42,42.0,748.0827026367188,-12.606499671936035,-0.017799999564886093,dietrich
1573,26_09_03_cell4_2_ch0,shaft,6,316,43,43.0,747.727783203125,-12.961400032043457,-0.018300000578165054,dietrich
1574,26_09_03_cell4_2_ch0,shaft,6,316,44,44.0,758.9998168945312,-1.6893999576568604,-0.002400000113993883,dietrich
1575,26_09_03_cell4_2_ch0,shaft,6,316,45,45.0,748.2960205078125,-12.393199920654297,-0.01759999990463257,dietrich
1576,26_09_03_cell4_2_ch0,shaft,6,316,46,46.0,758.0133056640625,-2.6758999824523926,-0.003800000064074993,dietrich
1577,26_09_03_cell4_2_ch0,shaft,6,316,47,47.0,759.1483764648438,-1.5407999753952026,-0.002199999988079071,dietrich
1578,26_09_03_cell4_2_ch0,shaft,6,316,48,48.0,741.8978271484375,-18.791400909423828,-0.02669999934732914,dietrich
1579,26_09_03_cell4_2_ch0,shaft,6,316,49,49.0,748.4578247070312,-12.231399536132812,-0.017400000244379044,dietrich
1580,26_09_03_cell4_2_ch0,shaft,6,316,50,50.0,731.02490234375,-29.6643009185791,-0.0421999990940094,dietrich
1581,26_09_03_cell4_2_ch0,shaft,6,316,51,51.0,744.59521484375,-16.0939998626709,-0.02290000021457672,dietrich
1582,26_09_03_cell4_2_ch0,shaft,6,316,52,52.0,747.1649780273438,-13.524200439453125,-0.019300000742077827,dietrich
1583,26_09_03_cell4_2_ch0,shaft,6,316,53,53.0,753.9304809570312,-6.758699893951416,-0.009700000286102295,dietrich
1584,26_09_03_cell4_2_ch0,shaft,6,316,54,54.0,746.4879760742188,-14.201199531555176,-0.0203000009059906,dietrich
1585,26_09_03_cell4_2_ch0,shaft,6,316,55,55.0,779.6339721679688,18.944799423217773,0.02710000053048134,dietrich
1586,26_09_03_cell4_2_ch0,shaft,6,316,56,56.0,782.965087890625,22.27589988708496,0.03189999982714653,dietrich
1587,26_09_03_cell4_2_ch0,shaft,6,316,57,57.0,784.8778076171875,24.18869972229004,0.034699998795986176,dietrich
1588,26_09_03_cell4_2_ch0,shaft,6,316,58,58.0,797.369384765625,36.680198669433594,0.05270000174641609,dietrich
1589,26_09_03_cell4_2_ch0,shaft,6,316,59,59.0,802.8369750976562,42.14780044555664,0.060600001364946365,dietrich
1590,26_09_03_cell4_2_ch0,shaft,6,316,60,60.0,800.0780029296875,39.38880157470703,0.056699998676776886,dietrich
1591,26_09_03_cell4_2_ch0,shaft,6,316,61,61.0,782.8903198242188,22.201099395751953,0.03200000151991844,dietrich
1592,26_09_03_cell4_2_ch0,shaft,6,316,62,62.0,790.0722045898438,29.383100509643555,0.04230000078678131,dietrich
1593,26_09_03_cell4_2_ch0,shaft,6,316,63,63.0,801.0223999023438,40.333099365234375,0.05820000171661377,dietrich
1594,26_09_03_cell4_2_ch0,shaft,6,316,64,64.0,771.1397705078125,10.450599670410156,0.01510000042617321,dietrich
1595,26_09_03_cell4_2_ch0,shaft,6,316,65,65.0,803.2241821289062,42.53499984741211,0.061400000005960464,dietrich
1596,26_09_03_cell4_2_ch0,shaft,6,316,66,66.0,784.4755859375,23.786399841308594,0.03440000116825104,dietrich
1597,26_09_03_cell4_2_ch0,shaft,6,316,67,67.0,776.0947875976562,15.405500411987305,0.022299999371170998,dietrich
1598,26_09_03_cell4_2_ch0,shaft,6,316,68,68.0,770.6829223632812,9.99370002746582,0.014499999582767487,dietrich
1599,26_09_03_cell4_2_ch0,shaft,6,316,69,69.0,778.4421997070312,17.752899169921875,0.025699999183416367,dietrich
1600,26_09_03_cell4_2_ch0,shaft,6,316,70,70.0,771.5750122070312,10.885700225830078,0.015799999237060547,dietrich
1601,26_09_03_cell4_2_ch0,shaft,6,316,71,71.0,787.8848266601562,27.195600509643555,0.039400000125169754,dietrich
1602,26_09_03_cell4_2_ch0,shaft,6,316,72,72.0,769.7758178710938,9.08650016784668,0.013199999928474426,dietrich
1603,26_09_03_cell4_2_ch0,shaft,6,316,73,73.0,756.452880859375,-4.236299991607666,-0.006099999882280827,dietrich
1604,26_09_03_cell4_2_ch0,shaft,6,316,74,74.0,773.1218872070312,12.432700157165527,0.017999999225139618,dietrich
1605,26_09_03_cell4_2_ch0,shaft,6,316,75,75.0,788.7894897460938,28.100299835205078,0.040800001472234726,dietrich
1606,26_09_03_cell4_2_ch0,shaft,6,316,76,76.0,773.8632202148438,13.173999786376953,0.019099999219179153,dietrich
1607,26_09_03_cell4_2_ch0,shaft,6,316,77,77.0,761.3516235351562,0.6624000072479248,0.0010000000474974513,dietrich
1608,26_09_03_cell4_2_ch0,shaft,6,316,78,78.0,762.4644165039062,1.7750999927520752,0.0026000000070780516,dietrich
1609,26_09_03_cell4_2_ch0,shaft,6,316,79,79.0,761.8118896484375,1.1226999759674072,0.0015999999595806003,dietrich
1610,26_09_03_cell4_2_ch0,shaft,6,316,80,80.0,767.6060791015625,6.916900157928467,0.010099999606609344,dietrich
1611,26_09_03_cell4_2_ch0,shaft,6,316,81,81.0,749.4595947265625,-11.229700088500977,-0.01640000008046627,dietrich
1612,26_09_03_cell4_2_ch0,shaft,6,316,82,82.0,768.5863037109375,7.89709997177124,0.011500000022351742,dietrich
1613,26_09_03_cell4_2_ch0,shaft,6,316,83,83.0,759.401611328125,-1.2877000570297241,-0.0019000000320374966,dietrich
1614,26_09_03_cell4_2_ch0,shaft,6,316,84,84.0,757.7216186523438,-2.9677000045776367,-0.00430000014603138,dietrich
1615,26_09_03_cell4_2_ch0,shaft,6,316,85,85.0,745.5640869140625,-15.125100135803223,-0.022099999710917473,dietrich
1616,26_09_03_cell4_2_ch0,shaft,6,316,86,86.0,773.7479858398438,13.058799743652344,0.019099999219179153,dietrich
1617,26_09_03_cell4_2_ch0,shaft,6,316,87,87.0,758.2938232421875,-2.395400047302246,-0.0035000001080334187,dietrich
1618,26_09_03_cell4_2_ch0,shaft,6,316,88,88.0,752.2230224609375,-8.46619987487793,-0.012400000356137753,dietrich
1619,26_09_03_cell4_2_ch0,shaft,6,316,90,89.0,766.9589233398438,6.269700050354004,0.009200000204145908,dietrich
1620,26_09_03_cell4_2_ch0,shaft,7,8,0,0.0,666.119384765625,26.894399642944336,0.04190000146627426,dietrich
1621,26_09_03_cell4_2_ch0,shaft,7,8,1,1.0,646.0471801757812,6.8221001625061035,0.010700000450015068,dietrich
1622,26_09_03_cell4_2_ch0,shaft,7,8,2,2.0,636.8834228515625,-2.341599941253662,-0.003700000001117587,dietrich
1623,26_09_03_cell4_2_ch0,shaft,7,8,3,3.0,626.489013671875,-12.736100196838379,-0.02019999921321869,dietrich
1624,26_09_03_cell4_2_ch0,shaft,7,8,4,4.0,621.6395874023438,-17.585500717163086,-0.02800000086426735,dietrich
1625,26_09_03_cell4_2_ch0,shaft,7,8,5,5.0,604.8599853515625,-34.3650016784668,-0.054999999701976776,dietrich
1626,26_09_03_cell4_2_ch0,shaft,7,8,6,6.0,597.0905151367188,-42.134498596191406,-0.06769999861717224,dietrich
1627,26_09_03_cell4_2_ch0,shaft,7,8,7,7.0,590.6865844726562,-48.53850173950195,-0.07829999923706055,dietrich
1628,26_09_03_cell4_2_ch0,shaft,7,8,8,8.0,603.3358764648438,-35.889198303222656,-0.05810000002384186,dietrich
1629,26_09_03_cell4_2_ch0,shaft,7,8,9,9.0,622.9749145507812,-16.250099182128906,-0.026399999856948853,dietrich
1630,26_09_03_cell4_2_ch0,shaft,7,8,10,10.0,622.6223754882812,-16.60260009765625,-0.027000000700354576,dietrich
1631,26_09_03_cell4_2_ch0,shaft,7,8,11,11.0,620.7960815429688,-18.429000854492188,-0.03009999915957451,dietrich
1632,26_09_03_cell4_2_ch0,shaft,7,8,12,12.0,632.01220703125,-7.212800025939941,-0.011800000444054604,dietrich
1633,26_09_03_cell4_2_ch0,shaft,7,8,13,13.0,655.1199951171875,15.89490032196045,0.026100000366568565,dietrich
1634,26_09_03_cell4_2_ch0,shaft,7,8,14,14.0,661.8834228515625,22.65839958190918,0.03720000013709068,dietrich
1635,26_09_03_cell4_2_ch0,shaft,7,8,15,15.0,660.8994750976562,21.674400329589844,0.0357000008225441,dietrich
1636,26_09_03_cell4_2_ch0,shaft,7,8,16,16.0,648.1807861328125,8.955699920654297,0.014800000004470348,dietrich
1637,26_09_03_cell4_2_ch0,shaft,7,8,17,17.0,656.4053955078125,17.180400848388672,0.0284000001847744,dietrich
1638,26_09_03_cell4_2_ch0,shaft,7,8,18,18.0,667.083984375,27.858999252319336,0.04610000178217888,dietrich
1639,26_09_03_cell4_2_ch0,shaft,7,8,19,19.0,681.4765014648438,42.25149917602539,0.07000000029802322,dietrich
1640,26_09_03_cell4_2_ch0,shaft,7,8,20,20.0,692.4249877929688,53.20000076293945,0.08829999715089798,dietrich
1641,26_09_03_cell4_2_ch0,shaft,7,8,21,21.0,671.02099609375,31.79599952697754,0.05290000140666962,dietrich
1642,26_09_03_cell4_2_ch0,shaft,7,8,22,22.0,691.605224609375,52.38019943237305,0.08720000088214874,dietrich
1643,26_09_03_cell4_2_ch0,shaft,7,8,23,23.0,687.4342041015625,48.20920181274414,0.0803999975323677,dietrich
1644,26_09_03_cell4_2_ch0,shaft,7,8,24,24.0,701.9306030273438,62.705501556396484,0.1046999990940094,dietrich
1645,26_09_03_cell4_2_ch0,shaft,7,8,25,25.0,712.5159912109375,73.29090118408203,0.1225999966263771,dietrich
1646,26_09_03_cell4_2_ch0,shaft,7,8,26,26.0,699.861572265625,60.636600494384766,0.10159999877214432,dietrich
1647,26_09_03_cell4_2_ch0,shaft,7,8,27,27.0,684.8048095703125,45.5797004699707,0.07649999856948853,dietrich
1648,26_09_03_cell4_2_ch0,shaft,7,8,28,28.0,690.181884765625,50.9567985534668,0.08569999784231186,dietrich
1649,26_09_03_cell4_2_ch0,shaft,7,8,29,29.0,687.8291015625,48.60409927368164,0.08179999887943268,dietrich
1650,26_09_03_cell4_2_ch0,shaft,7,8,30,30.0,677.081787109375,37.8567008972168,0.06390000134706497,dietrich
1651,26_09_03_cell4_2_ch0,shaft,7,8,31,31.0,692.19140625,52.966400146484375,0.08950000256299973,dietrich
1652,26_09_03_cell4_2_ch0,shaft,7,8,32,32.0,686.909423828125,47.68439865112305,0.08070000261068344,dietrich
1653,26_09_03_cell4_2_ch0,shaft,7,8,33,33.0,674.1527709960938,34.927799224853516,0.05920000001788139,dietrich
1654,26_09_03_cell4_2_ch0,shaft,7,8,34,34.0,680.4219970703125,41.1968994140625,0.07000000029802322,dietrich
1655,26_09_03_cell4_2_ch0,shaft,7,8,35,35.0,667.2166137695312,27.991500854492188,0.047600001096725464,dietrich
1656,26_09_03_cell4_2_ch0,shaft,7,8,36,36.0,659.0361938476562,19.811199188232422,0.033799998462200165,dietrich
1657,26_09_03_cell4_2_ch0,shaft,7,8,37,37.0,643.29638671875,4.071400165557861,0.007000000216066837,dietrich
1658,26_09_03_cell4_2_ch0,shaft,7,8,38,38.0,659.32958984375,20.10460090637207,0.03440000116825104,dietrich
1659,26_09_03_cell4_2_ch0,shaft,7,8,39,39.0,647.4674072265625,8.242400169372559,0.014100000262260437,dietrich
1660,26_09_03_cell4_2_ch0,shaft,7,8,40,40.0,639.1248779296875,-0.10019999742507935,-0.00019999999494757503,dietrich
1661,26_09_03_cell4_2_ch0,shaft,7,8,41,41.0,646.0498046875,6.82480001449585,0.011800000444054604,dietrich
1662,26_09_03_cell4_2_ch0,shaft,7,8,42,42.0,642.2404174804688,3.015399932861328,0.005200000014156103,dietrich
1663,26_09_03_cell4_2_ch0,shaft,7,8,43,43.0,634.5274047851562,-4.697700023651123,-0.008100000210106373,dietrich
1664,26_09_03_cell4_2_ch0,shaft,7,8,44,44.0,644.0750122070312,4.849899768829346,0.00839999970048666,dietrich
1665,26_09_03_cell4_2_ch0,shaft,7,8,45,45.0,640.630615234375,1.4055999517440796,0.002400000113993883,dietrich
1666,26_09_03_cell4_2_ch0,shaft,7,8,46,46.0,648.6915893554688,9.46660041809082,0.016499999910593033,dietrich
1667,26_09_03_cell4_2_ch0,shaft,7,8,47,47.0,641.4221801757812,2.1970999240875244,0.003800000064074993,dietrich
1668,26_09_03_cell4_2_ch0,shaft,7,8,48,48.0,648.3192138671875,9.094200134277344,0.01590000092983246,dietrich
1669,26_09_03_cell4_2_ch0,shaft,7,8,49,49.0,638.0469970703125,-1.1779999732971191,-0.002099999925121665,dietrich
1670,26_09_03_cell4_2_ch0,shaft,7,8,50,50.0,641.602783203125,2.377700090408325,0.00419999985024333,dietrich
1671,26_09_03_cell4_2_ch0,shaft,7,8,51,51.0,635.1505737304688,-4.07450008392334,-0.007199999876320362,dietrich
1672,26_09_03_cell4_2_ch0,shaft,7,8,52,52.0,622.6046142578125,-16.620500564575195,-0.029400000348687172,dietrich
1673,26_09_03_cell4_2_ch0,shaft,7,8,53,53.0,624.7957763671875,-14.429200172424316,-0.025599999353289604,dietrich
1674,26_09_03_cell4_2_ch0,shaft,7,8,54,54.0,628.055419921875,-11.169699668884277,-0.01979999989271164,dietrich
1675,26_09_03_cell4_2_ch0,shaft,7,8,55,55.0,630.6312255859375,-8.593799591064453,-0.015300000086426735,dietrich
1676,26_09_03_cell4_2_ch0,shaft,7,8,56,56.0,638.6884155273438,-0.5367000102996826,-0.0010000000474974513,dietrich
1677,26_09_03_cell4_2_ch0,shaft,7,8,57,57.0,640.8084106445312,1.583400011062622,0.00279999990016222,dietrich
1678,26_09_03_cell4_2_ch0,shaft,7,8,58,58.0,639.3236083984375,0.09860000014305115,0.00019999999494757503,dietrich
1679,26_09_03_cell4_2_ch0,shaft,7,8,59,59.0,625.1495971679688,-14.075499534606934,-0.025299999862909317,dietrich
1680,26_09_03_cell4_2_ch0,shaft,7,8,60,60.0,628.452392578125,-10.772600173950195,-0.01940000057220459,dietrich
1681,26_09_03_cell4_2_ch0,shaft,7,8,61,61.0,628.1483764648438,-11.076700210571289,-0.019999999552965164,dietrich
1682,26_09_03_cell4_2_ch0,shaft,7,8,62,62.0,620.5712280273438,-18.653900146484375,-0.03370000049471855,dietrich
1683,26_09_03_cell4_2_ch0,shaft,7,8,63,63.0,617.47119140625,-21.753799438476562,-0.03929999843239784,dietrich
1684,26_09_03_cell4_2_ch0,shaft,7,8,64,64.0,622.0162963867188,-17.20870018005371,-0.031199999153614044,dietrich
1685,26_09_03_cell4_2_ch0,shaft,7,8,65,65.0,616.9580078125,-22.267099380493164,-0.04039999842643738,dietrich
1686,26_09_03_cell4_2_ch0,shaft,7,8,66,66.0,621.5479736328125,-17.677000045776367,-0.032099999487400055,dietrich
1687,26_09_03_cell4_2_ch0,shaft,7,8,67,67.0,618.789306640625,-20.435699462890625,-0.03720000013709068,dietrich
1688,26_09_03_cell4_2_ch0,shaft,7,8,68,68.0,614.184814453125,-25.040199279785156,-0.04569999873638153,dietrich
1689,26_09_03_cell4_2_ch0,shaft,7,8,69,69.0,615.2384033203125,-23.9867000579834,-0.04390000179409981,dietrich
1690,26_09_03_cell4_2_ch0,shaft,7,8,70,70.0,637.8709716796875,-1.354099988937378,-0.0024999999441206455,dietrich
1691,26_09_03_cell4_2_ch0,shaft,7,8,71,71.0,625.75439453125,-13.47070026397705,-0.024700000882148743,dietrich
1692,26_09_03_cell4_2_ch0,shaft,7,8,72,72.0,628.2276000976562,-10.9975004196167,-0.02019999921321869,dietrich
1693,26_09_03_cell4_2_ch0,shaft,7,8,73,73.0,619.9638061523438,-19.26129913330078,-0.03550000116229057,dietrich
1694,26_09_03_cell4_2_ch0,shaft,7,8,74,74.0,617.1367797851562,-22.088199615478516,-0.040699999779462814,dietrich
1695,26_09_03_cell4_2_ch0,shaft,7,8,75,75.0,618.7546997070312,-20.470300674438477,-0.03779999911785126,dietrich
1696,26_09_03_cell4_2_ch0,shaft,7,8,76,76.0,622.0762939453125,-17.148700714111328,-0.03180000185966492,dietrich
1697,26_09_03_cell4_2_ch0,shaft,7,8,77,77.0,632.5277709960938,-6.697199821472168,-0.012400000356137753,dietrich
1698,26_09_03_cell4_2_ch0,shaft,7,8,78,78.0,634.0364990234375,-5.188499927520752,-0.009600000455975533,dietrich
1699,26_09_03_cell4_2_ch0,shaft,7,8,79,79.0,636.8637084960938,-2.361299991607666,-0.004399999976158142,dietrich
1700,26_09_03_cell4_2_ch0,shaft,7,8,80,80.0,635.5217895507812,-3.703200101852417,-0.006899999920278788,dietrich
1701,26_09_03_cell4_2_ch0,shaft,7,8,81,81.0,634.0241088867188,-5.200900077819824,-0.009700000286102295,dietrich
1702,26_09_03_cell4_2_ch0,shaft,7,8,82,82.0,634.1348266601562,-5.090199947357178,-0.009600000455975533,dietrich
1703,26_09_03_cell4_2_ch0,shaft,7,8,83,83.0,634.619384765625,-4.605599880218506,-0.008700000122189522,dietrich
1704,26_09_03_cell4_2_ch0,shaft,7,8,84,84.0,629.327392578125,-9.897600173950195,-0.018699999898672104,dietrich
1705,26_09_03_cell4_2_ch0,shaft,7,8,85,85.0,638.9429931640625,-0.28200000524520874,-0.0005000000237487257,dietrich
1706,26_09_03_cell4_2_ch0,shaft,7,8,86,86.0,635.8179931640625,-3.407099962234497,-0.006500000134110451,dietrich
1707,26_09_03_cell4_2_ch0,shaft,7,8,87,87.0,650.805419921875,11.580300331115723,0.022199999541044235,dietrich
1708,26_09_03_cell4_2_ch0,shaft,7,8,88,88.0,651.5925903320312,12.367600440979004,0.023800000548362732,dietrich
1709,26_09_03_cell4_2_ch0,shaft,7,8,90,89.0,631.4517822265625,-7.773200035095215,-0.014999999664723873,dietrich
1710,26_09_03_cell4_2_ch0,shaft,8,7,0,0.0,611.0562133789062,27.447399139404297,0.04690000042319298,dietrich
1711,26_09_03_cell4_2_ch0,shaft,8,7,1,1.0,593.5438232421875,9.9350004196167,0.017100000753998756,dietrich
1712,26_09_03_cell4_2_ch0,shaft,8,7,2,2.0,580.1187133789062,-3.4900999069213867,-0.006000000052154064,dietrich
1713,26_09_03_cell4_2_ch0,shaft,8,7,3,3.0,579.605224609375,-4.003600120544434,-0.007000000216066837,dietrich
1714,26_09_03_cell4_2_ch0,shaft,8,7,4,4.0,555.4262084960938,-28.1825008392334,-0.04919999837875366,dietrich
1715,26_09_03_cell4_2_ch0,shaft,8,7,5,5.0,544.60400390625,-39.00469970703125,-0.06830000132322311,dietrich
1716,26_09_03_cell4_2_ch0,shaft,8,7,6,6.0,557.7593994140625,-25.849300384521484,-0.045499999076128006,dietrich
1717,26_09_03_cell4_2_ch0,shaft,8,7,7,7.0,552.71240234375,-30.896299362182617,-0.054499998688697815,dietrich
1718,26_09_03_cell4_2_ch0,shaft,8,7,8,8.0,566.6818237304688,-16.927000045776367,-0.029999999329447746,dietrich
1719,26_09_03_cell4_2_ch0,shaft,8,7,9,9.0,575.4852294921875,-8.123499870300293,-0.014399999752640724,dietrich
1720,26_09_03_cell4_2_ch0,shaft,8,7,10,10.0,565.939697265625,-17.669099807739258,-0.03139999881386757,dietrich
1721,26_09_03_cell4_2_ch0,shaft,8,7,11,11.0,573.8610229492188,-9.74779987335205,-0.017400000244379044,dietrich
1722,26_09_03_cell4_2_ch0,shaft,8,7,12,12.0,591.064208984375,7.455399990081787,0.013299999758601189,dietrich
1723,26_09_03_cell4_2_ch0,shaft,8,7,13,13.0,611.5631103515625,27.954299926757812,0.05009999871253967,dietrich
1724,26_09_03_cell4_2_ch0,shaft,8,7,14,14.0,619.3709716796875,35.76219940185547,0.06419999897480011,dietrich
1725,26_09_03_cell4_2_ch0,shaft,8,7,15,15.0,607.9000244140625,24.29129981994629,0.043699998408555984,dietrich
1726,26_09_03_cell4_2_ch0,shaft,8,7,16,16.0,601.5618286132812,17.952999114990234,0.03229999914765358,dietrich
1727,26_09_03_cell4_2_ch0,shaft,8,7,17,17.0,618.36669921875,34.75790023803711,0.06270000338554382,dietrich
1728,26_09_03_cell4_2_ch0,shaft,8,7,18,18.0,634.1246948242188,50.515899658203125,0.09120000153779984,dietrich
1729,26_09_03_cell4_2_ch0,shaft,8,7,19,19.0,659.644775390625,76.03600311279297,0.13750000298023224,dietrich
1730,26_09_03_cell4_2_ch0,shaft,8,7,20,20.0,639.7352294921875,56.12649917602539,0.10159999877214432,dietrich
1731,26_09_03_cell4_2_ch0,shaft,8,7,21,21.0,621.2037963867188,37.595001220703125,0.06809999793767929,dietrich
1732,26_09_03_cell4_2_ch0,shaft,8,7,22,22.0,659.257080078125,75.64830017089844,0.13729999959468842,dietrich
1733,26_09_03_cell4_2_ch0,shaft,8,7,23,23.0,639.901611328125,56.29280090332031,0.1023000031709671,dietrich
1734,26_09_03_cell4_2_ch0,shaft,8,7,24,24.0,656.5427856445312,72.93409729003906,0.13259999454021454,dietrich
1735,26_09_03_cell4_2_ch0,shaft,8,7,25,25.0,652.5858154296875,68.97699737548828,0.12559999525547028,dietrich
1736,26_09_03_cell4_2_ch0,shaft,8,7,26,26.0,639.034912109375,55.42620086669922,0.10100000351667404,dietrich
1737,26_09_03_cell4_2_ch0,shaft,8,7,27,27.0,623.493896484375,39.885101318359375,0.07280000299215317,dietrich
1738,26_09_03_cell4_2_ch0,shaft,8,7,28,28.0,624.1660766601562,40.55730056762695,0.07410000264644623,dietrich
1739,26_09_03_cell4_2_ch0,shaft,8,7,29,29.0,637.2542114257812,53.64550018310547,0.0982000008225441,dietrich
1740,26_09_03_cell4_2_ch0,shaft,8,7,30,30.0,626.360595703125,42.75189971923828,0.07829999923706055,dietrich
1741,26_09_03_cell4_2_ch0,shaft,8,7,31,31.0,633.287109375,49.67829895019531,0.09109999984502792,dietrich
1742,26_09_03_cell4_2_ch0,shaft,8,7,32,32.0,621.034912109375,37.42610168457031,0.06880000233650208,dietrich
1743,26_09_03_cell4_2_ch0,shaft,8,7,33,33.0,626.0051879882812,42.396400451660156,0.07800000160932541,dietrich
1744,26_09_03_cell4_2_ch0,shaft,8,7,34,34.0,607.9982299804688,24.38949966430664,0.04490000009536743,dietrich
1745,26_09_03_cell4_2_ch0,shaft,8,7,35,35.0,605.014404296875,21.40559959411621,0.039500001817941666,dietrich
1746,26_09_03_cell4_2_ch0,shaft,8,7,36,36.0,603.4534912109375,19.84469985961914,0.03669999912381172,dietrich
1747,26_09_03_cell4_2_ch0,shaft,8,7,37,37.0,595.5150146484375,11.906200408935547,0.02199999988079071,dietrich
1748,26_09_03_cell4_2_ch0,shaft,8,7,38,38.0,598.5982055664062,14.989500045776367,0.027799999341368675,dietrich
1749,26_09_03_cell4_2_ch0,shaft,8,7,39,39.0,594.9019775390625,11.293299674987793,0.020999999716877937,dietrich
1750,26_09_03_cell4_2_ch0,shaft,8,7,40,40.0,595.2252807617188,11.616499900817871,0.02160000056028366,dietrich
1751,26_09_03_cell4_2_ch0,shaft,8,7,41,41.0,590.3663940429688,6.757599830627441,0.012600000016391277,dietrich
1752,26_09_03_cell4_2_ch0,shaft,8,7,42,42.0,592.5234985351562,8.91469955444336,0.016599999740719795,dietrich
1753,26_09_03_cell4_2_ch0,shaft,8,7,43,43.0,591.094970703125,7.486199855804443,0.014000000432133675,dietrich
1754,26_09_03_cell4_2_ch0,shaft,8,7,44,44.0,607.0787963867188,23.469999313354492,0.04399999976158142,dietrich
1755,26_09_03_cell4_2_ch0,shaft,8,7,45,45.0,590.2725830078125,6.663899898529053,0.012500000186264515,dietrich
1756,26_09_03_cell4_2_ch0,shaft,8,7,46,46.0,596.4744262695312,12.865699768066406,0.02419999986886978,dietrich
1757,26_09_03_cell4_2_ch0,shaft,8,7,47,47.0,590.0819091796875,6.473100185394287,0.012199999764561653,dietrich
1758,26_09_03_cell4_2_ch0,shaft,8,7,48,48.0,596.692626953125,13.083900451660156,0.024700000882148743,dietrich
1759,26_09_03_cell4_2_ch0,shaft,8,7,49,49.0,594.9044189453125,11.295599937438965,0.021400000900030136,dietrich
1760,26_09_03_cell4_2_ch0,shaft,8,7,50,50.0,590.1146240234375,6.505899906158447,0.012299999594688416,dietrich
1761,26_09_03_cell4_2_ch0,shaft,8,7,51,51.0,583.72119140625,0.11240000277757645,0.00019999999494757503,dietrich
1762,26_09_03_cell4_2_ch0,shaft,8,7,52,52.0,595.3217163085938,11.713000297546387,0.022299999371170998,dietrich
1763,26_09_03_cell4_2_ch0,shaft,8,7,53,53.0,585.9140014648438,2.3052000999450684,0.004399999976158142,dietrich
1764,26_09_03_cell4_2_ch0,shaft,8,7,54,54.0,579.4959716796875,-4.11269998550415,-0.007899999618530273,dietrich
1765,26_09_03_cell4_2_ch0,shaft,8,7,55,55.0,589.6658935546875,6.05709981918335,0.011599999852478504,dietrich
1766,26_09_03_cell4_2_ch0,shaft,8,7,56,56.0,583.62158203125,0.012900000438094139,0.0,dietrich
1767,26_09_03_cell4_2_ch0,shaft,8,7,57,57.0,590.5618286132812,6.953000068664551,0.013299999758601189,dietrich
1768,26_09_03_cell4_2_ch0,shaft,8,7,58,58.0,590.684814453125,7.076000213623047,0.01360000018030405,dietrich
1769,26_09_03_cell4_2_ch0,shaft,8,7,59,59.0,595.3895874023438,11.780799865722656,0.022700000554323196,dietrich
1770,26_09_03_cell4_2_ch0,shaft,8,7,60,60.0,587.2750854492188,3.666300058364868,0.0071000000461936,dietrich
1771,26_09_03_cell4_2_ch0,shaft,8,7,61,61.0,587.3408203125,3.7320001125335693,0.007199999876320362,dietrich
1772,26_09_03_cell4_2_ch0,shaft,8,7,62,62.0,576.38623046875,-7.222499847412109,-0.014000000432133675,dietrich
1773,26_09_03_cell4_2_ch0,shaft,8,7,63,63.0,592.0114135742188,8.402600288391113,0.016300000250339508,dietrich
1774,26_09_03_cell4_2_ch0,shaft,8,7,64,64.0,578.6165771484375,-4.992099761962891,-0.009700000286102295,dietrich
1775,26_09_03_cell4_2_ch0,shaft,8,7,65,65.0,589.0028076171875,5.394000053405762,0.010499999858438969,dietrich
1776,26_09_03_cell4_2_ch0,shaft,8,7,66,66.0,576.37060546875,-7.2382001876831055,-0.014100000262260437,dietrich
1777,26_09_03_cell4_2_ch0,shaft,8,7,67,67.0,589.3218994140625,5.713099956512451,0.011099999770522118,dietrich
1778,26_09_03_cell4_2_ch0,shaft,8,7,68,68.0,584.4586181640625,0.8497999906539917,0.0017000000225380063,dietrich
1779,26_09_03_cell4_2_ch0,shaft,8,7,69,69.0,579.9832153320312,-3.6256000995635986,-0.0071000000461936,dietrich
1780,26_09_03_cell4_2_ch0,shaft,8,7,70,70.0,597.8984985351562,14.28969955444336,0.02800000086426735,dietrich
1781,26_09_03_cell4_2_ch0,shaft,8,7,71,71.0,593.2081909179688,9.59939956665039,0.018799999728798866,dietrich
1782,26_09_03_cell4_2_ch0,shaft,8,7,72,72.0,572.9161987304688,-10.69260025024414,-0.020999999716877937,dietrich
1783,26_09_03_cell4_2_ch0,shaft,8,7,73,73.0,578.8272094726562,-4.781599998474121,-0.009399999864399433,dietrich
1784,26_09_03_cell4_2_ch0,shaft,8,7,74,74.0,569.7462158203125,-13.862500190734863,-0.027300000190734863,dietrich
1785,26_09_03_cell4_2_ch0,shaft,8,7,75,75.0,586.6793823242188,3.0706000328063965,0.006099999882280827,dietrich
1786,26_09_03_cell4_2_ch0,shaft,8,7,76,76.0,585.0330810546875,1.424299955368042,0.00279999990016222,dietrich
1787,26_09_03_cell4_2_ch0,shaft,8,7,77,77.0,584.014404296875,0.40560001134872437,0.0007999999797903001,dietrich
1788,26_09_03_cell4_2_ch0,shaft,8,7,78,78.0,582.4312133789062,-1.1775000095367432,-0.002300000051036477,dietrich
1789,26_09_03_cell4_2_ch0,shaft,8,7,79,79.0,571.2924194335938,-12.316399574279785,-0.02449999935925007,dietrich
1790,26_09_03_cell4_2_ch0,shaft,8,7,80,80.0,576.206787109375,-7.401899814605713,-0.014700000174343586,dietrich
1791,26_09_03_cell4_2_ch0,shaft,8,7,81,81.0,581.385009765625,-2.22379994392395,-0.004399999976158142,dietrich
1792,26_09_03_cell4_2_ch0,shaft,8,7,82,82.0,570.8375854492188,-12.771100044250488,-0.025499999523162842,dietrich
1793,26_09_03_cell4_2_ch0,shaft,8,7,83,83.0,574.776611328125,-8.832099914550781,-0.01769999973475933,dietrich
1794,26_09_03_cell4_2_ch0,shaft,8,7,84,84.0,581.2144775390625,-2.3942999839782715,-0.004800000227987766,dietrich
1795,26_09_03_cell4_2_ch0,shaft,8,7,85,85.0,581.7647094726562,-1.844099998474121,-0.003700000001117587,dietrich
1796,26_09_03_cell4_2_ch0,shaft,8,7,86,86.0,581.6416015625,-1.9671000242233276,-0.004000000189989805,dietrich
1797,26_09_03_cell4_2_ch0,shaft,8,7,87,87.0,584.0606079101562,0.45179998874664307,0.0008999999845400453,dietrich
1798,26_09_03_cell4_2_ch0,shaft,8,7,88,88.0,596.23779296875,12.628999710083008,0.025699999183416367,dietrich
1799,26_09_03_cell4_2_ch0,shaft,8,7,90,89.0,582.5903930664062,-1.0183000564575195,-0.002099999925121665,dietrich
1800,26_09_03_cell4_2_ch0,shaft,9,20,0,0.0,637.8864135742188,28.989999771118164,0.04749999940395355,dietrich
1801,26_09_03_cell4_2_ch0,shaft,9,20,1,1.0,614.2802124023438,5.383900165557861,0.008899999782443047,dietrich
1802,26_09_03_cell4_2_ch0,shaft,9,20,2,2.0,605.0540771484375,-3.8422999382019043,-0.006399999838322401,dietrich
1803,26_09_03_cell4_2_ch0,shaft,9,20,3,3.0,592.0679931640625,-16.828399658203125,-0.02810000069439411,dietrich
1804,26_09_03_cell4_2_ch0,shaft,9,20,4,4.0,592.6254272460938,-16.270999908447266,-0.027300000190734863,dietrich
1805,26_09_03_cell4_2_ch0,shaft,9,20,5,5.0,577.0281982421875,-31.868200302124023,-0.053700000047683716,dietrich
1806,26_09_03_cell4_2_ch0,shaft,9,20,6,6.0,582.4663696289062,-26.43000030517578,-0.04470000043511391,dietrich
1807,26_09_03_cell4_2_ch0,shaft,9,20,7,7.0,576.7952270507812,-32.101200103759766,-0.05460000038146973,dietrich
1808,26_09_03_cell4_2_ch0,shaft,9,20,8,8.0,628.5908813476562,19.694499969482422,0.03359999880194664,dietrich
1809,26_09_03_cell4_2_ch0,shaft,9,20,9,9.0,639.8175048828125,30.921100616455078,0.05290000140666962,dietrich
1810,26_09_03_cell4_2_ch0,shaft,9,20,10,10.0,637.660400390625,28.763999938964844,0.049400001764297485,dietrich
1811,26_09_03_cell4_2_ch0,shaft,9,20,11,11.0,630.8035888671875,21.90719985961914,0.037700001150369644,dietrich
1812,26_09_03_cell4_2_ch0,shaft,9,20,12,12.0,668.7080078125,59.81159973144531,0.10329999774694443,dietrich
1813,26_09_03_cell4_2_ch0,shaft,9,20,13,13.0,682.8887939453125,73.99250030517578,0.1281999945640564,dietrich
1814,26_09_03_cell4_2_ch0,shaft,9,20,14,14.0,691.1386108398438,82.24220275878906,0.1428000032901764,dietrich
1815,26_09_03_cell4_2_ch0,shaft,9,20,15,15.0,669.9703979492188,61.074100494384766,0.1062999963760376,dietrich
1816,26_09_03_cell4_2_ch0,shaft,9,20,16,16.0,686.6748046875,77.77839660644531,0.13570000231266022,dietrich
1817,26_09_03_cell4_2_ch0,shaft,9,20,17,17.0,713.0411987304688,104.1447982788086,0.18199999630451202,dietrich
1818,26_09_03_cell4_2_ch0,shaft,9,20,18,18.0,745.74658203125,136.8502960205078,0.23970000445842743,dietrich
1819,26_09_03_cell4_2_ch0,shaft,9,20,19,19.0,712.0236206054688,103.127197265625,0.1809999942779541,dietrich
1820,26_09_03_cell4_2_ch0,shaft,9,20,20,20.0,754.269775390625,145.37339782714844,0.2556000053882599,dietrich
1821,26_09_03_cell4_2_ch0,shaft,9,20,21,21.0,744.6046752929688,135.7082977294922,0.23899999260902405,dietrich
1822,26_09_03_cell4_2_ch0,shaft,9,20,22,22.0,737.3134155273438,128.41700744628906,0.22660000622272491,dietrich
1823,26_09_03_cell4_2_ch0,shaft,9,20,23,23.0,759.1251831054688,150.22889709472656,0.2655999958515167,dietrich
1824,26_09_03_cell4_2_ch0,shaft,9,20,24,24.0,786.434814453125,177.5384063720703,0.31439998745918274,dietrich
1825,26_09_03_cell4_2_ch0,shaft,9,20,25,25.0,770.8031005859375,161.9066925048828,0.2872999906539917,dietrich
1826,26_09_03_cell4_2_ch0,shaft,9,20,26,26.0,735.2349243164062,126.3386001586914,0.22460000216960907,dietrich
1827,26_09_03_cell4_2_ch0,shaft,9,20,27,27.0,676.3453979492188,67.4489974975586,0.1200999990105629,dietrich
1828,26_09_03_cell4_2_ch0,shaft,9,20,28,28.0,661.6934204101562,52.79710006713867,0.094200000166893,dietrich
1829,26_09_03_cell4_2_ch0,shaft,9,20,29,29.0,659.4487915039062,50.5525016784668,0.09040000289678574,dietrich
1830,26_09_03_cell4_2_ch0,shaft,9,20,30,30.0,652.2249145507812,43.3286018371582,0.07760000228881836,dietrich
1831,26_09_03_cell4_2_ch0,shaft,9,20,31,31.0,657.5792236328125,48.68280029296875,0.08739999681711197,dietrich
1832,26_09_03_cell4_2_ch0,shaft,9,20,32,32.0,644.1240844726562,35.227699279785156,0.06340000033378601,dietrich
1833,26_09_03_cell4_2_ch0,shaft,9,20,33,33.0,650.8049926757812,41.908599853515625,0.0754999965429306,dietrich
1834,26_09_03_cell4_2_ch0,shaft,9,20,34,34.0,639.3444213867188,30.44809913635254,0.054999999701976776,dietrich
1835,26_09_03_cell4_2_ch0,shaft,9,20,35,35.0,646.3538208007812,37.457401275634766,0.06780000030994415,dietrich
1836,26_09_03_cell4_2_ch0,shaft,9,20,36,36.0,655.2216186523438,46.325199127197266,0.08410000056028366,dietrich
1837,26_09_03_cell4_2_ch0,shaft,9,20,37,37.0,641.9470825195312,33.05070114135742,0.060100000351667404,dietrich
1838,26_09_03_cell4_2_ch0,shaft,9,20,38,38.0,637.9183959960938,29.02199935913086,0.05290000140666962,dietrich
1839,26_09_03_cell4_2_ch0,shaft,9,20,39,39.0,641.80078125,32.90439987182617,0.060100000351667404,dietrich
1840,26_09_03_cell4_2_ch0,shaft,9,20,40,40.0,651.2037963867188,42.307498931884766,0.07750000059604645,dietrich
1841,26_09_03_cell4_2_ch0,shaft,9,20,41,41.0,655.181396484375,46.285099029541016,0.08500000089406967,dietrich
1842,26_09_03_cell4_2_ch0,shaft,9,20,42,42.0,637.3425903320312,28.446300506591797,0.052400000393390656,dietrich
1843,26_09_03_cell4_2_ch0,shaft,9,20,43,43.0,620.6854248046875,11.78909969329834,0.021800000220537186,dietrich
1844,26_09_03_cell4_2_ch0,shaft,9,20,44,44.0,615.2628784179688,6.366499900817871,0.011800000444054604,dietrich
1845,26_09_03_cell4_2_ch0,shaft,9,20,45,45.0,603.9616088867188,-4.934700012207031,-0.009200000204145908,dietrich
1846,26_09_03_cell4_2_ch0,shaft,9,20,46,46.0,610.5012817382812,1.6049000024795532,0.003000000026077032,dietrich
1847,26_09_03_cell4_2_ch0,shaft,9,20,47,47.0,611.1572265625,2.2607998847961426,0.00419999985024333,dietrich
1848,26_09_03_cell4_2_ch0,shaft,9,20,48,48.0,606.8154296875,-2.0810000896453857,-0.0038999998942017555,dietrich
1849,26_09_03_cell4_2_ch0,shaft,9,20,49,49.0,610.4177856445312,1.5214999914169312,0.002899999963119626,dietrich
1850,26_09_03_cell4_2_ch0,shaft,9,20,50,50.0,610.5175170898438,1.6211999654769897,0.003000000026077032,dietrich
1851,26_09_03_cell4_2_ch0,shaft,9,20,51,51.0,619.8895874023438,10.993200302124023,0.02070000022649765,dietrich
1852,26_09_03_cell4_2_ch0,shaft,9,20,52,52.0,622.5316162109375,13.635199546813965,0.025800000876188278,dietrich
1853,26_09_03_cell4_2_ch0,shaft,9,20,53,53.0,612.6632080078125,3.766900062561035,0.0071000000461936,dietrich
1854,26_09_03_cell4_2_ch0,shaft,9,20,54,54.0,629.1157836914062,20.21940040588379,0.03840000182390213,dietrich
1855,26_09_03_cell4_2_ch0,shaft,9,20,55,55.0,622.27587890625,13.379500389099121,0.025499999523162842,dietrich
1856,26_09_03_cell4_2_ch0,shaft,9,20,56,56.0,608.530517578125,-0.36579999327659607,-0.000699999975040555,dietrich
1857,26_09_03_cell4_2_ch0,shaft,9,20,57,57.0,612.2113037109375,3.3148999214172363,0.006399999838322401,dietrich
1858,26_09_03_cell4_2_ch0,shaft,9,20,58,58.0,620.5946044921875,11.698200225830078,0.02250000089406967,dietrich
1859,26_09_03_cell4_2_ch0,shaft,9,20,59,59.0,606.9569702148438,-1.9393999576568604,-0.003700000001117587,dietrich
1860,26_09_03_cell4_2_ch0,shaft,9,20,60,60.0,605.6307983398438,-3.265500068664551,-0.006300000008195639,dietrich
1861,26_09_03_cell4_2_ch0,shaft,9,20,61,61.0,620.0045166015625,11.108200073242188,0.0215000007301569,dietrich
1862,26_09_03_cell4_2_ch0,shaft,9,20,62,62.0,627.6334228515625,18.73710060119629,0.03629999980330467,dietrich
1863,26_09_03_cell4_2_ch0,shaft,9,20,63,63.0,620.0731201171875,11.176799774169922,0.021700000390410423,dietrich
1864,26_09_03_cell4_2_ch0,shaft,9,20,64,64.0,615.7686767578125,6.872300148010254,0.013399999588727951,dietrich
1865,26_09_03_cell4_2_ch0,shaft,9,20,65,65.0,616.22119140625,7.32480001449585,0.014299999922513962,dietrich
1866,26_09_03_cell4_2_ch0,shaft,9,20,66,66.0,610.931884765625,2.035599946975708,0.004000000189989805,dietrich
1867,26_09_03_cell4_2_ch0,shaft,9,20,67,67.0,617.1807861328125,8.284500122070312,0.016300000250339508,dietrich
1868,26_09_03_cell4_2_ch0,shaft,9,20,68,68.0,622.3035888671875,13.40719985961914,0.026399999856948853,dietrich
1869,26_09_03_cell4_2_ch0,shaft,9,20,69,69.0,613.30322265625,4.406899929046631,0.008700000122189522,dietrich
1870,26_09_03_cell4_2_ch0,shaft,9,20,70,70.0,615.0167846679688,6.120500087738037,0.01209999993443489,dietrich
1871,26_09_03_cell4_2_ch0,shaft,9,20,71,71.0,616.448486328125,7.55210018157959,0.01489999983459711,dietrich
1872,26_09_03_cell4_2_ch0,shaft,9,20,72,72.0,619.1586303710938,10.262200355529785,0.020400000736117363,dietrich
1873,26_09_03_cell4_2_ch0,shaft,9,20,73,73.0,615.2081909179688,6.3119001388549805,0.012500000186264515,dietrich
1874,26_09_03_cell4_2_ch0,shaft,9,20,74,74.0,605.7703857421875,-3.125999927520752,-0.006200000178068876,dietrich
1875,26_09_03_cell4_2_ch0,shaft,9,20,75,75.0,626.351806640625,17.455400466918945,0.0348999984562397,dietrich
1876,26_09_03_cell4_2_ch0,shaft,9,20,76,76.0,621.7379150390625,12.84160041809082,0.025699999183416367,dietrich
1877,26_09_03_cell4_2_ch0,shaft,9,20,77,77.0,607.9927978515625,-0.9035999774932861,-0.0017999999690800905,dietrich
1878,26_09_03_cell4_2_ch0,shaft,9,20,78,78.0,615.4033813476562,6.506999969482422,0.013100000098347664,dietrich
1879,26_09_03_cell4_2_ch0,shaft,9,20,79,79.0,608.92431640625,0.027899999171495438,9.999999747378752e-05,dietrich
1880,26_09_03_cell4_2_ch0,shaft,9,20,80,80.0,603.5662841796875,-5.329999923706055,-0.01080000028014183,dietrich
1881,26_09_03_cell4_2_ch0,shaft,9,20,81,81.0,612.1746215820312,3.2783000469207764,0.006599999964237213,dietrich
1882,26_09_03_cell4_2_ch0,shaft,9,20,82,82.0,613.9841918945312,5.087800025939941,0.010400000028312206,dietrich
1883,26_09_03_cell4_2_ch0,shaft,9,20,83,83.0,614.6196899414062,5.723299980163574,0.011699999682605267,dietrich
1884,26_09_03_cell4_2_ch0,shaft,9,20,84,84.0,612.6514282226562,3.755000114440918,0.007699999958276749,dietrich
1885,26_09_03_cell4_2_ch0,shaft,9,20,85,85.0,609.039306640625,0.14300000667572021,0.0003000000142492354,dietrich
1886,26_09_03_cell4_2_ch0,shaft,9,20,86,86.0,606.4111938476562,-2.485100030899048,-0.005100000184029341,dietrich
1887,26_09_03_cell4_2_ch0,shaft,9,20,87,87.0,605.5070190429688,-3.3893001079559326,-0.007000000216066837,dietrich
1888,26_09_03_cell4_2_ch0,shaft,9,20,88,88.0,608.734375,-0.16200000047683716,-0.0003000000142492354,dietrich
1889,26_09_03_cell4_2_ch0,shaft,9,20,90,89.0,605.0576782226562,-3.83870005607605,-0.00800000037997961,dietrich
1890,26_09_03_cell4_2_ch0,shaft,10,17,0,0.0,188.4210968017578,-0.42660000920295715,-0.002300000051036477,dietrich
1891,26_09_03_cell4_2_ch0,shaft,10,17,1,1.0,183.97889709472656,-4.868899822235107,-0.025499999523162842,dietrich
1892,26_09_03_cell4_2_ch0,shaft,10,17,2,2.0,176.57699584960938,-12.270700454711914,-0.06319999694824219,dietrich
1893,26_09_03_cell4_2_ch0,shaft,10,17,3,3.0,175.19189453125,-13.655799865722656,-0.06920000165700912,dietrich
1894,26_09_03_cell4_2_ch0,shaft,10,17,4,4.0,182.00120544433594,-6.84660005569458,-0.03420000150799751,dietrich
1895,26_09_03_cell4_2_ch0,shaft,10,17,5,5.0,202.18359375,13.33590030670166,0.065700002014637,dietrich
1896,26_09_03_cell4_2_ch0,shaft,10,17,6,6.0,223.7191925048828,34.871498107910156,0.16949999332427979,dietrich
1897,26_09_03_cell4_2_ch0,shaft,10,17,7,7.0,243.98919677734375,55.14149856567383,0.2648000121116638,dietrich
1898,26_09_03_cell4_2_ch0,shaft,10,17,8,8.0,269.7760009765625,80.92829895019531,0.3840999901294708,dietrich
1899,26_09_03_cell4_2_ch0,shaft,10,17,9,9.0,285.6628112792969,96.81510162353516,0.4546000063419342,dietrich
1900,26_09_03_cell4_2_ch0,shaft,10,17,10,10.0,279.8345031738281,90.98680114746094,0.4228000044822693,dietrich
1901,26_09_03_cell4_2_ch0,shaft,10,17,11,11.0,301.0763854980469,112.22859954833984,0.5163000226020813,dietrich
1902,26_09_03_cell4_2_ch0,shaft,10,17,12,12.0,321.5751953125,132.7274932861328,0.6047999858856201,dietrich
1903,26_09_03_cell4_2_ch0,shaft,10,17,13,13.0,336.918701171875,148.0709991455078,0.66839998960495,dietrich
1904,26_09_03_cell4_2_ch0,shaft,10,17,14,14.0,348.6954040527344,159.84759521484375,0.7149999737739563,dietrich
1905,26_09_03_cell4_2_ch0,shaft,10,17,15,15.0,375.2948913574219,186.44720458984375,0.8266000151634216,dietrich
1906,26_09_03_cell4_2_ch0,shaft,10,17,16,16.0,365.5079040527344,176.66009521484375,0.7764000296592712,dietrich
1907,26_09_03_cell4_2_ch0,shaft,10,17,17,17.0,368.3255920410156,179.4779052734375,0.7820000052452087,dietrich
1908,26_09_03_cell4_2_ch0,shaft,10,17,18,18.0,391.54058837890625,202.69290161132812,0.8755000233650208,dietrich
1909,26_09_03_cell4_2_ch0,shaft,10,17,19,19.0,391.5458984375,202.6981964111328,0.8680999875068665,dietrich
1910,26_09_03_cell4_2_ch0,shaft,10,17,20,20.0,382.735595703125,193.8878936767578,0.8233000040054321,dietrich
1911,26_09_03_cell4_2_ch0,shaft,10,17,21,21.0,366.1044921875,177.25680541992188,0.7462000250816345,dietrich
1912,26_09_03_cell4_2_ch0,shaft,10,17,22,22.0,361.8482971191406,173.00059509277344,0.722000002861023,dietrich
1913,26_09_03_cell4_2_ch0,shaft,10,17,23,23.0,355.3631896972656,166.5155029296875,0.6890000104904175,dietrich
1914,26_09_03_cell4_2_ch0,shaft,10,17,24,24.0,378.0462951660156,189.19859313964844,0.7760000228881836,dietrich
1915,26_09_03_cell4_2_ch0,shaft,10,17,25,25.0,370.29559326171875,181.4477996826172,0.7376999855041504,dietrich
1916,26_09_03_cell4_2_ch0,shaft,10,17,26,26.0,389.10931396484375,200.2615966796875,0.8070999979972839,dietrich
1917,26_09_03_cell4_2_ch0,shaft,10,17,27,27.0,386.2865905761719,197.43890380859375,0.7886000275611877,dietrich
1918,26_09_03_cell4_2_ch0,shaft,10,17,28,28.0,364.0273132324219,175.17959594726562,0.6934000253677368,dietrich
1919,26_09_03_cell4_2_ch0,shaft,10,17,29,29.0,362.93170166015625,174.08399963378906,0.6829000115394592,dietrich
1920,26_09_03_cell4_2_ch0,shaft,10,17,30,30.0,353.2005920410156,164.3529052734375,0.6388999819755554,dietrich
1921,26_09_03_cell4_2_ch0,shaft,10,17,31,31.0,330.0356140136719,141.18789672851562,0.5437999963760376,dietrich
1922,26_09_03_cell4_2_ch0,shaft,10,17,32,32.0,289.23858642578125,100.39089965820312,0.3831999897956848,dietrich
1923,26_09_03_cell4_2_ch0,shaft,10,17,33,33.0,252.01199340820312,63.16429901123047,0.23890000581741333,dietrich
1924,26_09_03_cell4_2_ch0,shaft,10,17,34,34.0,261.7587890625,72.91100311279297,0.27320000529289246,dietrich
1925,26_09_03_cell4_2_ch0,shaft,10,17,35,35.0,269.8822937011719,81.03459930419922,0.30079999566078186,dietrich
1926,26_09_03_cell4_2_ch0,shaft,10,17,36,36.0,267.7862854003906,78.9385986328125,0.2903999984264374,dietrich
1927,26_09_03_cell4_2_ch0,shaft,10,17,37,37.0,271.2749938964844,82.42729949951172,0.3003999888896942,dietrich
1928,26_09_03_cell4_2_ch0,shaft,10,17,38,38.0,277.15301513671875,88.3051986694336,0.3188999891281128,dietrich
1929,26_09_03_cell4_2_ch0,shaft,10,17,39,39.0,286.22491455078125,97.377197265625,0.34850001335144043,dietrich
1930,26_09_03_cell4_2_ch0,shaft,10,17,40,40.0,278.29620361328125,89.44850158691406,0.3172000050544739,dietrich
1931,26_09_03_cell4_2_ch0,shaft,10,17,41,41.0,272.3721008300781,83.52439880371094,0.2935999929904938,dietrich
1932,26_09_03_cell4_2_ch0,shaft,10,17,42,42.0,252.85850524902344,64.01080322265625,0.22300000488758087,dietrich
1933,26_09_03_cell4_2_ch0,shaft,10,17,43,43.0,250.7613067626953,61.91360092163086,0.21389999985694885,dietrich
1934,26_09_03_cell4_2_ch0,shaft,10,17,44,44.0,254.48660278320312,65.63890075683594,0.2248000055551529,dietrich
1935,26_09_03_cell4_2_ch0,shaft,10,17,45,45.0,246.4407958984375,57.593101501464844,0.1956000030040741,dietrich
1936,26_09_03_cell4_2_ch0,shaft,10,17,46,46.0,214.0303955078125,25.18269920349121,0.08479999750852585,dietrich
1937,26_09_03_cell4_2_ch0,shaft,10,17,47,47.0,212.06199645996094,23.21430015563965,0.07760000228881836,dietrich
1938,26_09_03_cell4_2_ch0,shaft,10,17,48,48.0,200.74229431152344,11.894599914550781,0.039500001817941666,dietrich
1939,26_09_03_cell4_2_ch0,shaft,10,17,49,49.0,216.67820739746094,27.830400466918945,0.09160000085830688,dietrich
1940,26_09_03_cell4_2_ch0,shaft,10,17,50,50.0,217.07640075683594,28.228599548339844,0.09229999780654907,dietrich
1941,26_09_03_cell4_2_ch0,shaft,10,17,51,51.0,216.74380493164062,27.896099090576172,0.09049999713897705,dietrich
1942,26_09_03_cell4_2_ch0,shaft,10,17,52,52.0,204.8874053955078,16.03969955444336,0.05169999971985817,dietrich
1943,26_09_03_cell4_2_ch0,shaft,10,17,53,53.0,200.31390380859375,11.46619987487793,0.03669999912381172,dietrich
1944,26_09_03_cell4_2_ch0,shaft,10,17,54,54.0,197.8302001953125,8.982500076293945,0.028599999845027924,dietrich
1945,26_09_03_cell4_2_ch0,shaft,10,17,55,55.0,182.64300537109375,-6.204699993133545,-0.019600000232458115,dietrich
1946,26_09_03_cell4_2_ch0,shaft,10,17,56,56.0,200.15879821777344,11.311100006103516,0.035599999129772186,dietrich
1947,26_09_03_cell4_2_ch0,shaft,10,17,57,57.0,188.9842071533203,0.13650000095367432,0.00039999998989515007,dietrich
1948,26_09_03_cell4_2_ch0,shaft,10,17,58,58.0,201.52540588378906,12.67770004272461,0.03959999978542328,dietrich
1949,26_09_03_cell4_2_ch0,shaft,10,17,59,59.0,199.18870544433594,10.340900421142578,0.032099999487400055,dietrich
1950,26_09_03_cell4_2_ch0,shaft,10,17,60,60.0,200.77980041503906,11.932100296020508,0.03689999878406525,dietrich
1951,26_09_03_cell4_2_ch0,shaft,10,17,61,61.0,195.90460205078125,7.0569000244140625,0.021800000220537186,dietrich
1952,26_09_03_cell4_2_ch0,shaft,10,17,62,62.0,209.76829528808594,20.92060089111328,0.06440000236034393,dietrich
1953,26_09_03_cell4_2_ch0,shaft,10,17,63,63.0,204.37620544433594,15.528499603271484,0.04769999906420708,dietrich
1954,26_09_03_cell4_2_ch0,shaft,10,17,64,64.0,207.53309631347656,18.685400009155273,0.05719999969005585,dietrich
1955,26_09_03_cell4_2_ch0,shaft,10,17,65,65.0,198.0435028076172,9.195799827575684,0.02810000069439411,dietrich
1956,26_09_03_cell4_2_ch0,shaft,10,17,66,66.0,188.71139526367188,-0.1362999975681305,-0.00039999998989515007,dietrich
1957,26_09_03_cell4_2_ch0,shaft,10,17,67,67.0,185.7406005859375,-3.107100009918213,-0.009499999694526196,dietrich
1958,26_09_03_cell4_2_ch0,shaft,10,17,68,68.0,191.1343994140625,2.2867000102996826,0.007000000216066837,dietrich
1959,26_09_03_cell4_2_ch0,shaft,10,17,69,69.0,198.09559631347656,9.247900009155273,0.028300000354647636,dietrich
1960,26_09_03_cell4_2_ch0,shaft,10,17,70,70.0,191.02670288085938,2.178999900817871,0.0066999997943639755,dietrich
1961,26_09_03_cell4_2_ch0,shaft,10,17,71,71.0,190.92950439453125,2.0817999839782715,0.006399999838322401,dietrich
1962,26_09_03_cell4_2_ch0,shaft,10,17,72,72.0,195.4053955078125,6.557700157165527,0.020099999383091927,dietrich
1963,26_09_03_cell4_2_ch0,shaft,10,17,73,73.0,177.45530700683594,-11.392499923706055,-0.035100001841783524,dietrich
1964,26_09_03_cell4_2_ch0,shaft,10,17,74,74.0,180.07919311523438,-8.768500328063965,-0.02710000053048134,dietrich
1965,26_09_03_cell4_2_ch0,shaft,10,17,75,75.0,183.277099609375,-5.5706000328063965,-0.01730000041425228,dietrich
1966,26_09_03_cell4_2_ch0,shaft,10,17,76,76.0,215.647705078125,26.799999237060547,0.08340000361204147,dietrich
1967,26_09_03_cell4_2_ch0,shaft,10,17,77,77.0,190.7895965576172,1.9417999982833862,0.006099999882280827,dietrich
1968,26_09_03_cell4_2_ch0,shaft,10,17,78,78.0,195.50030517578125,6.652599811553955,0.020899999886751175,dietrich
1969,26_09_03_cell4_2_ch0,shaft,10,17,79,79.0,186.17689514160156,-2.670799970626831,-0.00839999970048666,dietrich
1970,26_09_03_cell4_2_ch0,shaft,10,17,80,80.0,186.6156005859375,-2.232100009918213,-0.0071000000461936,dietrich
1971,26_09_03_cell4_2_ch0,shaft,10,17,81,81.0,190.61199951171875,1.764299988746643,0.00570000009611249,dietrich
1972,26_09_03_cell4_2_ch0,shaft,10,17,82,82.0,183.36070251464844,-5.487100124359131,-0.01769999973475933,dietrich
1973,26_09_03_cell4_2_ch0,shaft,10,17,83,83.0,188.05560302734375,-0.7921000123023987,-0.0026000000070780516,dietrich
1974,26_09_03_cell4_2_ch0,shaft,10,17,84,84.0,186.68980407714844,-2.157900094985962,-0.0071000000461936,dietrich
1975,26_09_03_cell4_2_ch0,shaft,10,17,85,85.0,196.2554931640625,7.407800197601318,0.02449999935925007,dietrich
1976,26_09_03_cell4_2_ch0,shaft,10,17,86,86.0,203.34410095214844,14.496399879455566,0.048500001430511475,dietrich
1977,26_09_03_cell4_2_ch0,shaft,10,17,87,87.0,197.94590759277344,9.098199844360352,0.030700000002980232,dietrich
1978,26_09_03_cell4_2_ch0,shaft,10,17,88,88.0,176.4503936767578,-12.397299766540527,-0.04230000078678131,dietrich
1979,26_09_03_cell4_2_ch0,shaft,10,17,90,89.0,178.6461944580078,-10.201499938964844,-0.03519999980926514,dietrich
1980,26_09_03_cell4_2_ch0,shaft,11,70,0,0.0,404.56439208984375,14.076600074768066,0.035999998450279236,dietrich
1981,26_09_03_cell4_2_ch0,shaft,11,70,1,1.0,395.56060791015625,5.072800159454346,0.013000000268220901,dietrich
1982,26_09_03_cell4_2_ch0,shaft,11,70,2,2.0,391.6982116699219,1.2103999853134155,0.003100000089034438,dietrich
1983,26_09_03_cell4_2_ch0,shaft,11,70,3,3.0,380.1091003417969,-10.378700256347656,-0.026900000870227814,dietrich
1984,26_09_03_cell4_2_ch0,shaft,11,70,4,4.0,385.0494079589844,-5.438399791717529,-0.014100000262260437,dietrich
1985,26_09_03_cell4_2_ch0,shaft,11,70,5,5.0,373.775390625,-16.712400436401367,-0.04360000044107437,dietrich
1986,26_09_03_cell4_2_ch0,shaft,11,70,6,6.0,363.9179992675781,-26.569799423217773,-0.06960000097751617,dietrich
1987,26_09_03_cell4_2_ch0,shaft,11,70,7,7.0,372.48309326171875,-18.00469970703125,-0.04729999974370003,dietrich
1988,26_09_03_cell4_2_ch0,shaft,11,70,8,8.0,367.1012878417969,-23.386499404907227,-0.0617000013589859,dietrich
1989,26_09_03_cell4_2_ch0,shaft,11,70,9,9.0,361.40301513671875,-29.084800720214844,-0.07699999958276749,dietrich
1990,26_09_03_cell4_2_ch0,shaft,11,70,10,10.0,362.3934020996094,-28.094499588012695,-0.07460000365972519,dietrich
1991,26_09_03_cell4_2_ch0,shaft,11,70,11,11.0,362.577392578125,-27.910400390625,-0.07429999858140945,dietrich
1992,26_09_03_cell4_2_ch0,shaft,11,70,12,12.0,374.2101135253906,-16.277700424194336,-0.04340000078082085,dietrich
1993,26_09_03_cell4_2_ch0,shaft,11,70,13,13.0,387.1711120605469,-3.316699981689453,-0.008899999782443047,dietrich
1994,26_09_03_cell4_2_ch0,shaft,11,70,14,14.0,383.2148132324219,-7.2729997634887695,-0.019500000402331352,dietrich
1995,26_09_03_cell4_2_ch0,shaft,11,70,15,15.0,388.7204895019531,-1.767300009727478,-0.004800000227987766,dietrich
1996,26_09_03_cell4_2_ch0,shaft,11,70,16,16.0,394.0672912597656,3.5794999599456787,0.009600000455975533,dietrich
1997,26_09_03_cell4_2_ch0,shaft,11,70,17,17.0,398.1343078613281,7.646500110626221,0.020600000396370888,dietrich
1998,26_09_03_cell4_2_ch0,shaft,11,70,18,18.0,404.42498779296875,13.937199592590332,0.037700001150369644,dietrich
1999,26_09_03_cell4_2_ch0,shaft,11,70,19,19.0,404.3182067871094,13.830400466918945,0.03750000149011612,dietrich
2000,26_09_03_cell4_2_ch0,shaft,11,70,20,20.0,413.9419860839844,23.454299926757812,0.06369999796152115,dietrich
2001,26_09_03_cell4_2_ch0,shaft,11,70,21,21.0,412.9248962402344,22.43709945678711,0.06109999865293503,dietrich
2002,26_09_03_cell4_2_ch0,shaft,11,70,22,22.0,430.5198059082031,40.03200149536133,0.10920000076293945,dietrich
2003,26_09_03_cell4_2_ch0,shaft,11,70,23,23.0,430.1046142578125,39.616798400878906,0.10830000042915344,dietrich
2004,26_09_03_cell4_2_ch0,shaft,11,70,24,24.0,426.181884765625,35.69409942626953,0.09769999980926514,dietrich
2005,26_09_03_cell4_2_ch0,shaft,11,70,25,25.0,425.75421142578125,35.26639938354492,0.09679999947547913,dietrich
2006,26_09_03_cell4_2_ch0,shaft,11,70,26,26.0,429.07391357421875,38.58610153198242,0.10610000044107437,dietrich
2007,26_09_03_cell4_2_ch0,shaft,11,70,27,27.0,429.7680969238281,39.28030014038086,0.10819999873638153,dietrich
2008,26_09_03_cell4_2_ch0,shaft,11,70,28,28.0,431.96380615234375,41.47600173950195,0.1143999993801117,dietrich
2009,26_09_03_cell4_2_ch0,shaft,11,70,29,29.0,424.6628112792969,34.17499923706055,0.09449999779462814,dietrich
2010,26_09_03_cell4_2_ch0,shaft,11,70,30,30.0,418.3667907714844,27.878999710083008,0.07720000296831131,dietrich
2011,26_09_03_cell4_2_ch0,shaft,11,70,31,31.0,416.20208740234375,25.71430015563965,0.0714000016450882,dietrich
2012,26_09_03_cell4_2_ch0,shaft,11,70,32,32.0,416.0451965332031,25.55739974975586,0.07109999656677246,dietrich
2013,26_09_03_cell4_2_ch0,shaft,11,70,33,33.0,410.0220947265625,19.534299850463867,0.0544000007212162,dietrich
2014,26_09_03_cell4_2_ch0,shaft,11,70,34,34.0,409.2586975097656,18.77090072631836,0.052400000393390656,dietrich
2015,26_09_03_cell4_2_ch0,shaft,11,70,35,35.0,412.3810119628906,21.893199920654297,0.06129999831318855,dietrich
2016,26_09_03_cell4_2_ch0,shaft,11,70,36,36.0,403.1394958496094,12.651700019836426,0.03550000116229057,dietrich
2017,26_09_03_cell4_2_ch0,shaft,11,70,37,37.0,395.4096984863281,4.921899795532227,0.013799999840557575,dietrich
2018,26_09_03_cell4_2_ch0,shaft,11,70,38,38.0,395.4418029785156,4.953999996185303,0.014000000432133675,dietrich
2019,26_09_03_cell4_2_ch0,shaft,11,70,39,39.0,396.7361145019531,6.248300075531006,0.01759999990463257,dietrich
2020,26_09_03_cell4_2_ch0,shaft,11,70,40,40.0,386.4173889160156,-4.070400238037109,-0.011500000022351742,dietrich
2021,26_09_03_cell4_2_ch0,shaft,11,70,41,41.0,389.8606872558594,-0.6270999908447266,-0.0017999999690800905,dietrich
2022,26_09_03_cell4_2_ch0,shaft,11,70,42,42.0,394.44049072265625,3.952699899673462,0.01119999960064888,dietrich
2023,26_09_03_cell4_2_ch0,shaft,11,70,43,43.0,402.5314025878906,12.043600082397461,0.034299999475479126,dietrich
2024,26_09_03_cell4_2_ch0,shaft,11,70,44,44.0,393.6326904296875,3.14490008354187,0.008999999612569809,dietrich
2025,26_09_03_cell4_2_ch0,shaft,11,70,45,45.0,394.49359130859375,4.005799770355225,0.011500000022351742,dietrich
2026,26_09_03_cell4_2_ch0,shaft,11,70,46,46.0,392.2380065917969,1.7502000331878662,0.004999999888241291,dietrich
2027,26_09_03_cell4_2_ch0,shaft,11,70,47,47.0,384.8648986816406,-5.622900009155273,-0.016200000420212746,dietrich
2028,26_09_03_cell4_2_ch0,shaft,11,70,48,48.0,387.87298583984375,-2.614799976348877,-0.007499999832361937,dietrich
2029,26_09_03_cell4_2_ch0,shaft,11,70,49,49.0,387.88580322265625,-2.6019999980926514,-0.007499999832361937,dietrich
2030,26_09_03_cell4_2_ch0,shaft,11,70,50,50.0,388.1517028808594,-2.3361001014709473,-0.006800000090152025,dietrich
2031,26_09_03_cell4_2_ch0,shaft,11,70,51,51.0,392.04400634765625,1.5562000274658203,0.0044999998062849045,dietrich
2032,26_09_03_cell4_2_ch0,shaft,11,70,52,52.0,387.310791015625,-3.177000045776367,-0.00930000003427267,dietrich
2033,26_09_03_cell4_2_ch0,shaft,11,70,53,53.0,385.45001220703125,-5.037799835205078,-0.014700000174343586,dietrich
2034,26_09_03_cell4_2_ch0,shaft,11,70,54,54.0,393.20941162109375,2.72160005569458,0.00800000037997961,dietrich
2035,26_09_03_cell4_2_ch0,shaft,11,70,55,55.0,387.2117004394531,-3.276099920272827,-0.009600000455975533,dietrich
2036,26_09_03_cell4_2_ch0,shaft,11,70,56,56.0,390.32940673828125,-0.15839999914169312,-0.0005000000237487257,dietrich
2037,26_09_03_cell4_2_ch0,shaft,11,70,57,57.0,389.934814453125,-0.5529999732971191,-0.0015999999595806003,dietrich
2038,26_09_03_cell4_2_ch0,shaft,11,70,58,58.0,389.77520751953125,-0.7125999927520752,-0.002099999925121665,dietrich
2039,26_09_03_cell4_2_ch0,shaft,11,70,59,59.0,383.0975036621094,-7.3902997970581055,-0.021900000050663948,dietrich
2040,26_09_03_cell4_2_ch0,shaft,11,70,60,60.0,389.7738037109375,-0.7139999866485596,-0.002099999925121665,dietrich
2041,26_09_03_cell4_2_ch0,shaft,11,70,61,61.0,390.6758117675781,0.18799999356269836,0.0006000000284984708,dietrich
2042,26_09_03_cell4_2_ch0,shaft,11,70,62,62.0,386.8002014160156,-3.687700033187866,-0.010999999940395355,dietrich
2043,26_09_03_cell4_2_ch0,shaft,11,70,63,63.0,395.518310546875,5.0304999351501465,0.01510000042617321,dietrich
2044,26_09_03_cell4_2_ch0,shaft,11,70,64,64.0,394.32659912109375,3.8387999534606934,0.011500000022351742,dietrich
2045,26_09_03_cell4_2_ch0,shaft,11,70,65,65.0,387.2214050292969,-3.266400098800659,-0.009800000116229057,dietrich
2046,26_09_03_cell4_2_ch0,shaft,11,70,66,66.0,395.6986083984375,5.2108001708984375,0.015699999406933784,dietrich
2047,26_09_03_cell4_2_ch0,shaft,11,70,67,67.0,394.87908935546875,4.391300201416016,0.013199999928474426,dietrich
2048,26_09_03_cell4_2_ch0,shaft,11,70,68,68.0,389.1339111328125,-1.3538999557495117,-0.004100000020116568,dietrich
2049,26_09_03_cell4_2_ch0,shaft,11,70,69,69.0,392.4585876464844,1.9708000421524048,0.006000000052154064,dietrich
2050,26_09_03_cell4_2_ch0,shaft,11,70,70,70.0,390.7236022949219,0.23579999804496765,0.000699999975040555,dietrich
2051,26_09_03_cell4_2_ch0,shaft,11,70,71,71.0,396.1744079589844,5.686600208282471,0.01720000058412552,dietrich
2052,26_09_03_cell4_2_ch0,shaft,11,70,72,72.0,388.68121337890625,-1.8065999746322632,-0.005499999970197678,dietrich
2053,26_09_03_cell4_2_ch0,shaft,11,70,73,73.0,390.3641052246094,-0.12370000034570694,-0.00039999998989515007,dietrich
2054,26_09_03_cell4_2_ch0,shaft,11,70,74,74.0,389.84320068359375,-0.6445000171661377,-0.0020000000949949026,dietrich
2055,26_09_03_cell4_2_ch0,shaft,11,70,75,75.0,383.8634033203125,-6.6244001388549805,-0.020099999383091927,dietrich
2056,26_09_03_cell4_2_ch0,shaft,11,70,76,76.0,386.669189453125,-3.8185999393463135,-0.011599999852478504,dietrich
2057,26_09_03_cell4_2_ch0,shaft,11,70,77,77.0,388.5054016113281,-1.9823999404907227,-0.006000000052154064,dietrich
2058,26_09_03_cell4_2_ch0,shaft,11,70,78,78.0,388.99139404296875,-1.496399998664856,-0.0044999998062849045,dietrich
2059,26_09_03_cell4_2_ch0,shaft,11,70,79,79.0,386.6216125488281,-3.8661999702453613,-0.011699999682605267,dietrich
2060,26_09_03_cell4_2_ch0,shaft,11,70,80,80.0,390.1401062011719,-0.34769999980926514,-0.0010999999940395355,dietrich
2061,26_09_03_cell4_2_ch0,shaft,11,70,81,81.0,384.41619873046875,-6.071599960327148,-0.018300000578165054,dietrich
2062,26_09_03_cell4_2_ch0,shaft,11,70,82,82.0,380.818603515625,-9.66919994354248,-0.029100000858306885,dietrich
2063,26_09_03_cell4_2_ch0,shaft,11,70,83,83.0,379.3414001464844,-11.146400451660156,-0.03350000083446503,dietrich
2064,26_09_03_cell4_2_ch0,shaft,11,70,84,84.0,395.22821044921875,4.7403998374938965,0.0142000000923872,dietrich
2065,26_09_03_cell4_2_ch0,shaft,11,70,85,85.0,383.8475036621094,-6.6402997970581055,-0.01979999989271164,dietrich
2066,26_09_03_cell4_2_ch0,shaft,11,70,86,86.0,387.9429931640625,-2.544800043106079,-0.007600000128149986,dietrich
2067,26_09_03_cell4_2_ch0,shaft,11,70,87,87.0,390.7579040527344,0.2700999975204468,0.0007999999797903001,dietrich
2068,26_09_03_cell4_2_ch0,shaft,11,70,88,88.0,383.2854919433594,-7.202300071716309,-0.021199999377131462,dietrich
2069,26_09_03_cell4_2_ch0,shaft,11,70,90,89.0,398.2688903808594,7.781099796295166,0.02280000038444996,dietrich
2070,26_09_03_cell4_2_ch0,shaft,12,140,0,0.0,247.1291961669922,3.774399995803833,0.01549999974668026,dietrich
2071,26_09_03_cell4_2_ch0,shaft,12,140,1,1.0,244.87069702148438,1.5159000158309937,0.006200000178068876,dietrich
2072,26_09_03_cell4_2_ch0,shaft,12,140,2,2.0,246.75840759277344,3.4035000801086426,0.014100000262260437,dietrich
2073,26_09_03_cell4_2_ch0,shaft,12,140,3,3.0,231.014404296875,-12.340399742126465,-0.050999999046325684,dietrich
2074,26_09_03_cell4_2_ch0,shaft,12,140,4,4.0,230.660400390625,-12.694499969482422,-0.05260000005364418,dietrich
2075,26_09_03_cell4_2_ch0,shaft,12,140,5,5.0,235.51649475097656,-7.838399887084961,-0.032499998807907104,dietrich
2076,26_09_03_cell4_2_ch0,shaft,12,140,6,6.0,231.2021942138672,-12.152600288391113,-0.0502999983727932,dietrich
2077,26_09_03_cell4_2_ch0,shaft,12,140,7,7.0,233.73609924316406,-9.61870002746582,-0.039799999445676804,dietrich
2078,26_09_03_cell4_2_ch0,shaft,12,140,8,8.0,241.7357940673828,-1.6190999746322632,-0.0066999997943639755,dietrich
2079,26_09_03_cell4_2_ch0,shaft,12,140,9,9.0,248.01780700683594,4.663000106811523,0.019200000911951065,dietrich
2080,26_09_03_cell4_2_ch0,shaft,12,140,10,10.0,249.398193359375,6.043399810791016,0.024800000712275505,dietrich
2081,26_09_03_cell4_2_ch0,shaft,12,140,11,11.0,257.69189453125,14.336999893188477,0.05869999900460243,dietrich
2082,26_09_03_cell4_2_ch0,shaft,12,140,12,12.0,255.71299743652344,12.358099937438965,0.05050000175833702,dietrich
2083,26_09_03_cell4_2_ch0,shaft,12,140,13,13.0,275.6748962402344,32.31999969482422,0.1316000074148178,dietrich
2084,26_09_03_cell4_2_ch0,shaft,12,140,14,14.0,276.9902038574219,33.63529968261719,0.1363999992609024,dietrich
2085,26_09_03_cell4_2_ch0,shaft,12,140,15,15.0,281.07049560546875,37.7156982421875,0.15240000188350677,dietrich
2086,26_09_03_cell4_2_ch0,shaft,12,140,16,16.0,301.9270935058594,58.572200775146484,0.23579999804496765,dietrich
2087,26_09_03_cell4_2_ch0,shaft,12,140,17,17.0,301.5700988769531,58.2151985168457,0.23340000212192535,dietrich
2088,26_09_03_cell4_2_ch0,shaft,12,140,18,18.0,306.0091857910156,62.654300689697266,0.25029999017715454,dietrich
2089,26_09_03_cell4_2_ch0,shaft,12,140,19,19.0,316.85321044921875,73.49829864501953,0.29249998927116394,dietrich
2090,26_09_03_cell4_2_ch0,shaft,12,140,20,20.0,327.1105041503906,83.75559997558594,0.3319999873638153,dietrich
2091,26_09_03_cell4_2_ch0,shaft,12,140,21,21.0,329.5885009765625,86.23359680175781,0.34060001373291016,dietrich
2092,26_09_03_cell4_2_ch0,shaft,12,140,22,22.0,329.294189453125,85.93930053710938,0.3382999897003174,dietrich
2093,26_09_03_cell4_2_ch0,shaft,12,140,23,23.0,349.4339904785156,106.0791015625,0.41609999537467957,dietrich
2094,26_09_03_cell4_2_ch0,shaft,12,140,24,24.0,365.8135070800781,122.45860290527344,0.4787999987602234,dietrich
2095,26_09_03_cell4_2_ch0,shaft,12,140,25,25.0,373.2379150390625,129.88299560546875,0.5062999725341797,dietrich
2096,26_09_03_cell4_2_ch0,shaft,12,140,26,26.0,347.7117919921875,104.35700225830078,0.4056999981403351,dietrich
2097,26_09_03_cell4_2_ch0,shaft,12,140,27,27.0,314.0393981933594,70.68450164794922,0.27410000562667847,dietrich
2098,26_09_03_cell4_2_ch0,shaft,12,140,28,28.0,294.4241027832031,51.06919860839844,0.19750000536441803,dietrich
2099,26_09_03_cell4_2_ch0,shaft,12,140,29,29.0,287.8689880371094,44.51409912109375,0.17180000245571136,dietrich
2100,26_09_03_cell4_2_ch0,shaft,12,140,30,30.0,269.3765869140625,26.021699905395508,0.10019999742507935,dietrich
2101,26_09_03_cell4_2_ch0,shaft,12,140,31,31.0,273.5491027832031,30.194299697875977,0.1160999983549118,dietrich
2102,26_09_03_cell4_2_ch0,shaft,12,140,32,32.0,261.9881896972656,18.633399963378906,0.07159999758005142,dietrich
2103,26_09_03_cell4_2_ch0,shaft,12,140,33,33.0,259.2951965332031,15.940400123596191,0.06120000034570694,dietrich
2104,26_09_03_cell4_2_ch0,shaft,12,140,34,34.0,247.4709014892578,4.116099834442139,0.015799999237060547,dietrich
2105,26_09_03_cell4_2_ch0,shaft,12,140,35,35.0,248.3157958984375,4.960999965667725,0.01899999938905239,dietrich
2106,26_09_03_cell4_2_ch0,shaft,12,140,36,36.0,244.4300994873047,1.0751999616622925,0.004100000020116568,dietrich
2107,26_09_03_cell4_2_ch0,shaft,12,140,37,37.0,243.81350708007812,0.4586000144481659,0.0017999999690800905,dietrich
2108,26_09_03_cell4_2_ch0,shaft,12,140,38,38.0,243.06539916992188,-0.28940001130104065,-0.0010999999940395355,dietrich
2109,26_09_03_cell4_2_ch0,shaft,12,140,39,39.0,251.9853057861328,8.630399703979492,0.03310000151395798,dietrich
2110,26_09_03_cell4_2_ch0,shaft,12,140,40,40.0,243.7718048095703,0.41690000891685486,0.0015999999595806003,dietrich
2111,26_09_03_cell4_2_ch0,shaft,12,140,41,41.0,245.42359924316406,2.068700075149536,0.007899999618530273,dietrich
2112,26_09_03_cell4_2_ch0,shaft,12,140,42,42.0,252.13909912109375,8.784199714660645,0.033799998462200165,dietrich
2113,26_09_03_cell4_2_ch0,shaft,12,140,43,43.0,251.7165069580078,8.361700057983398,0.03220000118017197,dietrich
2114,26_09_03_cell4_2_ch0,shaft,12,140,44,44.0,255.55380249023438,12.199000358581543,0.04699999839067459,dietrich
2115,26_09_03_cell4_2_ch0,shaft,12,140,45,45.0,244.4488067626953,1.0938999652862549,0.00419999985024333,dietrich
2116,26_09_03_cell4_2_ch0,shaft,12,140,46,46.0,253.3990020751953,10.04419994354248,0.03889999911189079,dietrich
2117,26_09_03_cell4_2_ch0,shaft,12,140,47,47.0,245.6020050048828,2.2472000122070312,0.008700000122189522,dietrich
2118,26_09_03_cell4_2_ch0,shaft,12,140,48,48.0,247.2552032470703,3.900399923324585,0.015200000256299973,dietrich
2119,26_09_03_cell4_2_ch0,shaft,12,140,49,49.0,236.75579833984375,-6.598999977111816,-0.025699999183416367,dietrich
2120,26_09_03_cell4_2_ch0,shaft,12,140,50,50.0,246.7010040283203,3.346100091934204,0.013100000098347664,dietrich
2121,26_09_03_cell4_2_ch0,shaft,12,140,51,51.0,241.08790588378906,-2.2669999599456787,-0.008899999782443047,dietrich
2122,26_09_03_cell4_2_ch0,shaft,12,140,52,52.0,252.31350708007812,8.958700180053711,0.03530000150203705,dietrich
2123,26_09_03_cell4_2_ch0,shaft,12,140,53,53.0,243.1750030517578,-0.17990000545978546,-0.000699999975040555,dietrich
2124,26_09_03_cell4_2_ch0,shaft,12,140,54,54.0,244.26939392089844,0.9144999980926514,0.003599999938160181,dietrich
2125,26_09_03_cell4_2_ch0,shaft,12,140,55,55.0,246.9936065673828,3.6387999057769775,0.014499999582767487,dietrich
2126,26_09_03_cell4_2_ch0,shaft,12,140,56,56.0,236.1448974609375,-7.20989990234375,-0.02879999950528145,dietrich
2127,26_09_03_cell4_2_ch0,shaft,12,140,57,57.0,240.72039794921875,-2.634500026702881,-0.010599999688565731,dietrich
2128,26_09_03_cell4_2_ch0,shaft,12,140,58,58.0,242.11720275878906,-1.2375999689102173,-0.004999999888241291,dietrich
2129,26_09_03_cell4_2_ch0,shaft,12,140,59,59.0,239.73280334472656,-3.6221001148223877,-0.014600000344216824,dietrich
2130,26_09_03_cell4_2_ch0,shaft,12,140,60,60.0,238.5644989013672,-4.79040002822876,-0.01940000057220459,dietrich
2131,26_09_03_cell4_2_ch0,shaft,12,140,61,61.0,225.60989379882812,-17.7450008392334,-0.0723000019788742,dietrich
2132,26_09_03_cell4_2_ch0,shaft,12,140,62,62.0,239.2666015625,-4.088200092315674,-0.016699999570846558,dietrich
2133,26_09_03_cell4_2_ch0,shaft,12,140,63,63.0,248.13270568847656,4.7778000831604,0.019600000232458115,dietrich
2134,26_09_03_cell4_2_ch0,shaft,12,140,64,64.0,246.40609741210938,3.051300048828125,0.012600000016391277,dietrich
2135,26_09_03_cell4_2_ch0,shaft,12,140,65,65.0,246.88519287109375,3.530400037765503,0.014600000344216824,dietrich
2136,26_09_03_cell4_2_ch0,shaft,12,140,66,66.0,252.56849670410156,9.213600158691406,0.03840000182390213,dietrich
2137,26_09_03_cell4_2_ch0,shaft,12,140,67,67.0,248.65469360351562,5.299900054931641,0.022199999541044235,dietrich
2138,26_09_03_cell4_2_ch0,shaft,12,140,68,68.0,250.94290161132812,7.588099956512451,0.03189999982714653,dietrich
2139,26_09_03_cell4_2_ch0,shaft,12,140,69,69.0,246.0323944091797,2.6775999069213867,0.011300000362098217,dietrich
2140,26_09_03_cell4_2_ch0,shaft,12,140,70,70.0,242.322998046875,-1.0319000482559204,-0.004399999976158142,dietrich
2141,26_09_03_cell4_2_ch0,shaft,12,140,71,71.0,240.61439514160156,-2.740499973297119,-0.011699999682605267,dietrich
2142,26_09_03_cell4_2_ch0,shaft,12,140,72,72.0,231.50709533691406,-11.847800254821777,-0.05079999938607216,dietrich
2143,26_09_03_cell4_2_ch0,shaft,12,140,73,73.0,240.00169372558594,-3.353100061416626,-0.014399999752640724,dietrich
2144,26_09_03_cell4_2_ch0,shaft,12,140,74,74.0,242.09939575195312,-1.2554999589920044,-0.005400000140070915,dietrich
2145,26_09_03_cell4_2_ch0,shaft,12,140,75,75.0,251.20159912109375,7.846700191497803,0.0340999998152256,dietrich
2146,26_09_03_cell4_2_ch0,shaft,12,140,76,76.0,240.51010131835938,-2.8447000980377197,-0.012400000356137753,dietrich
2147,26_09_03_cell4_2_ch0,shaft,12,140,77,77.0,245.02749633789062,1.6726000308990479,0.007300000172108412,dietrich
2148,26_09_03_cell4_2_ch0,shaft,12,140,78,78.0,252.156494140625,8.801600456237793,0.03880000114440918,dietrich
2149,26_09_03_cell4_2_ch0,shaft,12,140,79,79.0,251.50039672851562,8.145500183105469,0.03610000014305115,dietrich
2150,26_09_03_cell4_2_ch0,shaft,12,140,80,80.0,246.26300048828125,2.908099889755249,0.013000000268220901,dietrich
2151,26_09_03_cell4_2_ch0,shaft,12,140,81,81.0,242.0487060546875,-1.3061000108718872,-0.005799999926239252,dietrich
2152,26_09_03_cell4_2_ch0,shaft,12,140,82,82.0,244.6623992919922,1.3076000213623047,0.005900000222027302,dietrich
2153,26_09_03_cell4_2_ch0,shaft,12,140,83,83.0,244.10960388183594,0.754800021648407,0.0034000000450760126,dietrich
2154,26_09_03_cell4_2_ch0,shaft,12,140,84,84.0,245.99620056152344,2.641400098800659,0.012000000104308128,dietrich
2155,26_09_03_cell4_2_ch0,shaft,12,140,85,85.0,251.32899475097656,7.9741997718811035,0.0364999994635582,dietrich
2156,26_09_03_cell4_2_ch0,shaft,12,140,86,86.0,240.31520080566406,-3.0397000312805176,-0.014000000432133675,dietrich
2157,26_09_03_cell4_2_ch0,shaft,12,140,87,87.0,235.5626983642578,-7.792099952697754,-0.03620000183582306,dietrich
2158,26_09_03_cell4_2_ch0,shaft,12,140,88,88.0,232.88009643554688,-10.474800109863281,-0.04899999871850014,dietrich
2159,26_09_03_cell4_2_ch0,shaft,12,140,90,89.0,240.67660522460938,-2.6782000064849854,-0.012600000016391277,dietrich
